{"MIX_fig_format_4090132_pouch": {"mapes": [0.6145294950623931, 0.9081033113947166, 0.7734051052152827, 0.04340937313732204, 0.8054462860115849, 0.7298450728416986, 0.6899181062678553, 0.6352837124432503, 0.6051731934562159, 0.623851308409667, 0.5857529002470222, 0.600816554908825, 0.5854152783440735, 0.5682895888341539, 0.6059786758187615, 0.6199169241374022, 0.5759850084984062, 0.5665865041543604, 0.554957834700044, 0.5484828909873785, 0.5854152783440735, 0.5803824884050247, 0.5787719774728138, 0.5757705913624609, 0.5835706102856241, 0.5715757299768996, 0.5832257276965904, 0.5696112605980491, 0.5555845226677485, 0.5652342013710444, 0.5472721715827183, 0.5312344505033357, 0.53254001261998, 0.5277118832699498, 0.5169901188869277, 0.5001575795776867, 0.5072356140282809, 0.5091442668828536, 0.4946095078230489, 0.4974368643638039, 0.4943517534670343, 0.4963597869623944, 0.5131120049318211, 0.5295347692701445, 0.5260362530594149, 0.5170758857413058, 0.5219074185379383, 0.5239528899459238, 0.5292139377037672, 0.5336899237786789, 0.5285559380273215, 0.5320605804419353, 0.5343889917107923, 0.5403402584395832, 0.5538326552533219, 0.5560165334898011, 0.5634653167236063, 0.5590975602506479, 0.560634556736249, 0.5481436808093487, 0.5513429206155156, 0.552337180816269, 0.5578124188136175, 0.5572277066873415, 0.5553374324444211, 0.557798351234328, 0.569374834507409, 0.5760451360550469, 0.5776275118286787, 0.5746610677701094, 0.5637409958983931, 0.5672787651932693, 0.5739415791583821, 0.5794052454372828, 0.5756548741779826, 0.5749122421293595, 0.5820342944893435, 0.5865347853797918, 0.5865742653603785, 0.5844997512080534, 0.5825513914764537, 0.5887622277327804, 0.585209256376414, 0.5924874134872236, 0.5838773742727118, 0.5793900433757925, 0.58071511858629, 0.5771194906991746, 0.573750986148653, 0.5679801020897843, 0.5663271615232647, 0.5596325820565303, 0.5586809783865258, 0.5541838909426798, 0.5512233461915546, 0.5441065124496942, 0.5348527680344665, 0.5117930559252076, 0.4870613439484564, 0.4437540742092035], "total_references": [269.00006103515625, 269.00006103515625, 269.00006103515625, 269.00006103515625, 269.00006103515625, 269.00006103515625, 269.00006103515625, 269.00006103515625, 269.00006103515625, 269.00006103515625, 269.00006103515625, 269.00006103515625, 269.00006103515625, 269.00006103515625, 269.00006103515625, 269.00006103515625, 269.00006103515625, 269.00006103515625, 269.00006103515625, 269.00006103515625, 269.00006103515625, 269.00006103515625, 269.00006103515625, 269.00006103515625, 269.00006103515625, 269.00006103515625, 269.00006103515625, 269.00006103515625, 269.00006103515625, 269.00006103515625, 269.00006103515625, 269.00006103515625, 269.00006103515625, 269.00006103515625, 269.00006103515625, 269.00006103515625, 269.00006103515625, 269.00006103515625, 269.00006103515625, 269.00006103515625, 269.00006103515625, 269.00006103515625, 269.00006103515625, 269.00006103515625, 269.00006103515625, 269.00006103515625, 269.00006103515625, 269.00006103515625, 269.00006103515625, 269.00006103515625, 269.00006103515625, 269.00006103515625, 269.00006103515625, 269.00006103515625, 269.00006103515625, 269.00006103515625, 269.00006103515625, 269.00006103515625, 269.00006103515625, 269.00006103515625, 269.00006103515625, 269.00006103515625, 269.00006103515625, 269.00006103515625, 269.00006103515625, 269.00006103515625, 269.00006103515625, 269.00006103515625, 269.00006103515625, 269.00006103515625, 269.00006103515625, 269.00006103515625, 269.00006103515625, 269.00006103515625, 269.00006103515625, 269.00006103515625, 269.00006103515625, 269.00006103515625, 269.00006103515625, 269.00006103515625, 269.00006103515625, 269.00006103515625, 269.00006103515625, 269.00006103515625, 269.00006103515625, 269.00006103515625, 269.00006103515625, 269.00006103515625, 269.00006103515625, 269.00006103515625, 269.00006103515625, 269.00006103515625, 269.00006103515625, 269.00006103515625, 269.00006103515625, 269.00006103515625, 269.00006103515625, 269.00006103515625, 269.00006103515625, 269.00006103515625], "total_preds": [103.69158935546875, 24.72021484375, 60.95404052734375, 257.32293701171875, 52.3349609375, 72.67169189453125, 83.41204833984375, 98.10870361328125, 106.20843505859375, 101.18402099609375, 111.4324951171875, 107.38037109375, 111.5233154296875, 116.130126953125, 105.99176025390625, 102.24237060546875, 114.06005859375, 116.5882568359375, 119.71636962890625, 121.4581298828125, 111.5233154296875, 112.87713623046875, 113.31036376953125, 114.11773681640625, 112.01953125, 115.24615478515625, 112.1123046875, 115.77459716796875, 119.54779052734375, 116.9520263671875, 121.7838134765625, 126.09796142578125, 125.74676513671875, 127.0455322265625, 129.9296875, 134.4576416015625, 132.55364990234375, 132.04022216796875, 135.9500732421875, 135.18951416015625, 136.0194091796875, 135.479248046875, 130.972900390625, 126.55517578125, 127.49627685546875, 129.9066162109375, 128.60693359375, 128.05670166015625, 126.6414794921875, 125.43743896484375, 126.8184814453125, 125.875732421875, 125.2493896484375, 123.64849853515625, 120.01904296875, 119.43157958984375, 117.4278564453125, 118.602783203125, 118.1893310546875, 121.54937744140625, 120.68878173828125, 120.42132568359375, 118.948486328125, 119.10577392578125, 119.6142578125, 118.9522705078125, 115.83819580078125, 114.04388427734375, 113.61822509765625, 114.41619873046875, 117.35369873046875, 116.40203857421875, 114.6097412109375, 113.1400146484375, 114.14886474609375, 114.3486328125, 112.43280029296875, 111.22216796875, 111.2115478515625, 111.76959228515625, 112.293701171875, 110.62298583984375, 111.5787353515625, 109.62091064453125, 111.93701171875, 113.14410400390625, 112.78765869140625, 113.7548828125, 114.6610107421875, 116.21337890625, 116.65802001953125, 118.4588623046875, 118.71484375, 119.924560546875, 120.720947265625, 122.6353759765625, 125.1246337890625, 131.32769775390625, 137.98052978515625, 149.63018798828125], "total_seen_unseen_ids": [1.0, 1.0, 1.0, 1.0, 1.0, 1.0, 1.0, 1.0, 1.0, 1.0, 1.0, 1.0, 1.0, 1.0, 1.0, 1.0, 1.0, 1.0, 1.0, 1.0, 1.0, 1.0, 1.0, 1.0, 1.0, 1.0, 1.0, 1.0, 1.0, 1.0, 1.0, 1.0, 1.0, 1.0, 1.0, 1.0, 1.0, 1.0, 1.0, 1.0, 1.0, 1.0, 1.0, 1.0, 1.0, 1.0, 1.0, 1.0, 1.0, 1.0, 1.0, 1.0, 1.0, 1.0, 1.0, 1.0, 1.0, 1.0, 1.0, 1.0, 1.0, 1.0, 1.0, 1.0, 1.0, 1.0, 1.0, 1.0, 1.0, 1.0, 1.0, 1.0, 1.0, 1.0, 1.0, 1.0, 1.0, 1.0, 1.0, 1.0, 1.0, 1.0, 1.0, 1.0, 1.0, 1.0, 1.0, 1.0, 1.0, 1.0, 1.0, 1.0, 1.0, 1.0, 1.0, 1.0, 1.0, 1.0, 1.0, 1.0], "domain_ids": [107.0, 107.0, 107.0, 107.0, 107.0, 107.0, 107.0, 107.0, 107.0, 107.0, 107.0, 107.0, 107.0, 107.0, 107.0, 107.0, 107.0, 107.0, 107.0, 107.0, 107.0, 107.0, 107.0, 107.0, 107.0, 107.0, 107.0, 107.0, 107.0, 107.0, 107.0, 107.0, 107.0, 107.0, 107.0, 107.0, 107.0, 107.0, 107.0, 107.0, 107.0, 107.0, 107.0, 107.0, 107.0, 107.0, 107.0, 107.0, 107.0, 107.0, 107.0, 107.0, 107.0, 107.0, 107.0, 107.0, 107.0, 107.0, 107.0, 107.0, 107.0, 107.0, 107.0, 107.0, 107.0, 107.0, 107.0, 107.0, 107.0, 107.0, 107.0, 107.0, 107.0, 107.0, 107.0, 107.0, 107.0, 107.0, 107.0, 107.0, 107.0, 107.0, 107.0, 107.0, 107.0, 107.0, 107.0, 107.0, 107.0, 107.0, 107.0, 107.0, 107.0, 107.0, 107.0, 107.0, 107.0, 107.0, 107.0, 107.0]}}