{"MIX_fig_format_4090132_pouch": {"mapes": [0.04331566490753857, 0.30675309605865003, 0.4952241702794252, 0.5151719977119763, 0.5056927182352358, 0.45320726059532634, 0.42886649118495984, 0.4498852698150363, 0.4719668313707926, 0.5345741392059578, 0.4394414535712025, 0.5065179405880748, 0.5037718129728948, 0.4550181210841929, 0.5128038795660923, 0.5384862876270875, 0.5167375831490367, 0.5087837284394494, 0.49495575179072343, 0.5029239009760404, 0.5795817708677223, 0.5662137133031879, 0.5314851710697055, 0.5290521605419376, 0.5192397970910515, 0.4573370027025635, 0.47939905116446657, 0.5000255258495173, 0.4431729924259699, 0.5012523549014283, 0.4545947323268661, 0.44282652156185526, 0.41780506283102775, 0.4537490892944133, 0.46459315085867825, 0.43179390905582266, 0.4474785792743262, 0.43880818560673357, 0.4181994088440148, 0.43888805315366763, 0.4270733286184253, 0.40887759549674096, 0.4297470762691963, 0.42393761981550143, 0.4378781370985436, 0.43311648840547845, 0.4207619772391105, 0.40926785737380533, 0.4233206883947236, 0.39972958482262483, 0.42347906210995084, 0.42743840499063257, 0.41480344982423467, 0.42468025186412445, 0.4384773705969895, 0.4306022489521355, 0.4373923518201746, 0.4378940198493544, 0.4468425885525754, 0.43122439899103693, 0.444943238452049, 0.42313622158887865, 0.45646844312965523, 0.4485763042517897, 0.42426775413592505, 0.4278021199841989, 0.4355490451403661, 0.45307792962443877, 0.4458639842061926, 0.4520003984301489, 0.4394019735906157, 0.43955127144823686, 0.4358610277455774, 0.44238067005695325, 0.42265520113575283, 0.41434466522224395, 0.43260642520801296, 0.4217083622909915, 0.43111049697807974, 0.44829449887311884, 0.4433511061314906, 0.44893820407383483, 0.4477606115494372, 0.4566129761620331, 0.4525730850450968, 0.43338921792654317, 0.4356658968070452, 0.4394913707880363, 0.42969148664135864, 0.4178041552452671, 0.4213852617602127, 0.425482784572948, 0.4223057806179161, 0.41767709323878105, 0.42935386473841, 0.42521504677356664, 0.41409326396655366, 0.3980362566897579, 0.385057326520087, 0.36011482775043296], "total_references": [269.00006103515625, 269.00006103515625, 269.00006103515625, 269.00006103515625, 269.00006103515625, 269.00006103515625, 269.00006103515625, 269.00006103515625, 269.00006103515625, 269.00006103515625, 269.00006103515625, 269.00006103515625, 269.00006103515625, 269.00006103515625, 269.00006103515625, 269.00006103515625, 269.00006103515625, 269.00006103515625, 269.00006103515625, 269.00006103515625, 269.00006103515625, 269.00006103515625, 269.00006103515625, 269.00006103515625, 269.00006103515625, 269.00006103515625, 269.00006103515625, 269.00006103515625, 269.00006103515625, 269.00006103515625, 269.00006103515625, 269.00006103515625, 269.00006103515625, 269.00006103515625, 269.00006103515625, 269.00006103515625, 269.00006103515625, 269.00006103515625, 269.00006103515625, 269.00006103515625, 269.00006103515625, 269.00006103515625, 269.00006103515625, 269.00006103515625, 269.00006103515625, 269.00006103515625, 269.00006103515625, 269.00006103515625, 269.00006103515625, 269.00006103515625, 269.00006103515625, 269.00006103515625, 269.00006103515625, 269.00006103515625, 269.00006103515625, 269.00006103515625, 269.00006103515625, 269.00006103515625, 269.00006103515625, 269.00006103515625, 269.00006103515625, 269.00006103515625, 269.00006103515625, 269.00006103515625, 269.00006103515625, 269.00006103515625, 269.00006103515625, 269.00006103515625, 269.00006103515625, 269.00006103515625, 269.00006103515625, 269.00006103515625, 269.00006103515625, 269.00006103515625, 269.00006103515625, 269.00006103515625, 269.00006103515625, 269.00006103515625, 269.00006103515625, 269.00006103515625, 269.00006103515625, 269.00006103515625, 269.00006103515625, 269.00006103515625, 269.00006103515625, 269.00006103515625, 269.00006103515625, 269.00006103515625, 269.00006103515625, 269.00006103515625, 269.00006103515625, 269.00006103515625, 269.00006103515625, 269.00006103515625, 269.00006103515625, 269.00006103515625, 269.00006103515625, 269.00006103515625, 269.00006103515625, 269.00006103515625], "total_preds": [257.34814453125, 186.48345947265625, 135.78472900390625, 130.41876220703125, 132.96868896484375, 147.0872802734375, 153.63494873046875, 147.98089599609375, 142.04095458984375, 125.1995849609375, 150.790283203125, 132.7467041015625, 133.48541259765625, 146.60015869140625, 131.0557861328125, 124.147216796875, 129.99761962890625, 132.13720703125, 135.85693359375, 133.7135009765625, 113.092529296875, 116.68853759765625, 126.030517578125, 126.68499755859375, 129.32452392578125, 145.97637939453125, 140.04168701171875, 134.4931640625, 149.7864990234375, 134.16314697265625, 146.71405029296875, 149.87969970703125, 156.6104736328125, 146.9415283203125, 144.02447509765625, 152.84747314453125, 148.6282958984375, 150.96063232421875, 156.50439453125, 150.93914794921875, 154.1173095703125, 159.011962890625, 153.3980712890625, 154.9608154296875, 151.2108154296875, 152.49169921875, 155.8150634765625, 158.906982421875, 155.12677001953125, 161.4727783203125, 155.08416748046875, 154.01910400390625, 157.41790771484375, 154.76104736328125, 151.04962158203125, 153.16802978515625, 151.34149169921875, 151.20654296875, 148.79937744140625, 153.00067138671875, 149.310302734375, 155.1763916015625, 146.21002197265625, 148.3330078125, 154.87200927734375, 153.9212646484375, 151.83734130859375, 147.1220703125, 149.0626220703125, 147.41192626953125, 150.8009033203125, 150.7607421875, 151.75341796875, 149.9996337890625, 155.3057861328125, 157.54132080078125, 152.62890625, 155.56048583984375, 153.03131103515625, 148.4088134765625, 149.73858642578125, 148.23565673828125, 148.55242919921875, 146.171142578125, 147.25787353515625, 152.4183349609375, 151.805908203125, 150.77685546875, 153.41302490234375, 156.6107177734375, 155.64739990234375, 154.545166015625, 155.3997802734375, 156.6448974609375, 153.50384521484375, 154.6171875, 157.60894775390625, 161.92828369140625, 165.41961669921875, 172.129150390625], "total_seen_unseen_ids": [1.0, 1.0, 1.0, 1.0, 1.0, 1.0, 1.0, 1.0, 1.0, 1.0, 1.0, 1.0, 1.0, 1.0, 1.0, 1.0, 1.0, 1.0, 1.0, 1.0, 1.0, 1.0, 1.0, 1.0, 1.0, 1.0, 1.0, 1.0, 1.0, 1.0, 1.0, 1.0, 1.0, 1.0, 1.0, 1.0, 1.0, 1.0, 1.0, 1.0, 1.0, 1.0, 1.0, 1.0, 1.0, 1.0, 1.0, 1.0, 1.0, 1.0, 1.0, 1.0, 1.0, 1.0, 1.0, 1.0, 1.0, 1.0, 1.0, 1.0, 1.0, 1.0, 1.0, 1.0, 1.0, 1.0, 1.0, 1.0, 1.0, 1.0, 1.0, 1.0, 1.0, 1.0, 1.0, 1.0, 1.0, 1.0, 1.0, 1.0, 1.0, 1.0, 1.0, 1.0, 1.0, 1.0, 1.0, 1.0, 1.0, 1.0, 1.0, 1.0, 1.0, 1.0, 1.0, 1.0, 1.0, 1.0, 1.0, 1.0], "domain_ids": [107.0, 107.0, 107.0, 107.0, 107.0, 107.0, 107.0, 107.0, 107.0, 107.0, 107.0, 107.0, 107.0, 107.0, 107.0, 107.0, 107.0, 107.0, 107.0, 107.0, 107.0, 107.0, 107.0, 107.0, 107.0, 107.0, 107.0, 107.0, 107.0, 107.0, 107.0, 107.0, 107.0, 107.0, 107.0, 107.0, 107.0, 107.0, 107.0, 107.0, 107.0, 107.0, 107.0, 107.0, 107.0, 107.0, 107.0, 107.0, 107.0, 107.0, 107.0, 107.0, 107.0, 107.0, 107.0, 107.0, 107.0, 107.0, 107.0, 107.0, 107.0, 107.0, 107.0, 107.0, 107.0, 107.0, 107.0, 107.0, 107.0, 107.0, 107.0, 107.0, 107.0, 107.0, 107.0, 107.0, 107.0, 107.0, 107.0, 107.0, 107.0, 107.0, 107.0, 107.0, 107.0, 107.0, 107.0, 107.0, 107.0, 107.0, 107.0, 107.0, 107.0, 107.0, 107.0, 107.0, 107.0, 107.0, 107.0, 107.0]}}