{"MIX_fig_format_4090132_pouch": {"mapes": [0.06945413481324267, 0.25997907561028905, 0.3804855901474305, 0.3196966303836569, 0.22113622022749999, 0.21347619640791168, 0.2516608252178149, 0.2275126908851389, 0.24947626629201528, 0.3022986651455529, 0.2940534754068083, 0.3452782964252239, 0.34089011927265167, 0.3230549245943716, 0.3854387394359854, 0.41967968121957744, 0.4077778284513161, 0.4165330813875262, 0.40929213529290176, 0.4120205649857498, 0.4505464460416441, 0.4402939034968599, 0.45749151917830816, 0.46461016809168976, 0.4697584483187768, 0.41500969868833437, 0.42405651355014196, 0.42386932398701516, 0.4238920136310305, 0.451133880925202, 0.43657053291393794, 0.41653920759141033, 0.38501943481458134, 0.452436039595244, 0.4534137363558662, 0.4501148890124718, 0.46042234049577324, 0.4673535729495879, 0.4628871165251627, 0.49047137054752604, 0.48352720499662266, 0.4733123272609039, 0.5142158561131687, 0.5242510318682857, 0.5220760025929725, 0.4977449897295326, 0.4829862838832963, 0.4383589306552293, 0.46504127132798173, 0.4247208663269119, 0.46209819760274834, 0.47899336032947176, 0.44551206782751424, 0.44606751031301045, 0.44316845449716685, 0.4288993911687821, 0.4338945162987654, 0.4427545953903265, 0.4691099782928176, 0.4703644887104273, 0.47631099061397497, 0.446202740591342, 0.460097197897033, 0.4451676390313609, 0.4129501597010594, 0.4298194562336053, 0.43841973890119046, 0.4879714255699128, 0.46165484195868806, 0.46624586452875766, 0.4590040108483726, 0.4373390311567385, 0.44189715374298577, 0.45445337584465034, 0.43329687107540066, 0.42180116293501435, 0.4605950086867302, 0.4405162620082105, 0.4478171087630355, 0.470981193234765, 0.46854024133159167, 0.4634014907549911, 0.4619030666642162, 0.47680426347486904, 0.46588963711771636, 0.4522098238444108, 0.46166459850561464, 0.4582010243466687, 0.46088543613012695, 0.44864460008027596, 0.46217375411731954, 0.4839117944626831, 0.4913651156252914, 0.49292502865134796, 0.5147418020614449, 0.5272998393346308, 0.5548446133764073, 0.5486008771362584, 0.5443343164756085, 0.5371902551609297], "total_references": [269.00006103515625, 269.00006103515625, 269.00006103515625, 269.00006103515625, 269.00006103515625, 269.00006103515625, 269.00006103515625, 269.00006103515625, 269.00006103515625, 269.00006103515625, 269.00006103515625, 269.00006103515625, 269.00006103515625, 269.00006103515625, 269.00006103515625, 269.00006103515625, 269.00006103515625, 269.00006103515625, 269.00006103515625, 269.00006103515625, 269.00006103515625, 269.00006103515625, 269.00006103515625, 269.00006103515625, 269.00006103515625, 269.00006103515625, 269.00006103515625, 269.00006103515625, 269.00006103515625, 269.00006103515625, 269.00006103515625, 269.00006103515625, 269.00006103515625, 269.00006103515625, 269.00006103515625, 269.00006103515625, 269.00006103515625, 269.00006103515625, 269.00006103515625, 269.00006103515625, 269.00006103515625, 269.00006103515625, 269.00006103515625, 269.00006103515625, 269.00006103515625, 269.00006103515625, 269.00006103515625, 269.00006103515625, 269.00006103515625, 269.00006103515625, 269.00006103515625, 269.00006103515625, 269.00006103515625, 269.00006103515625, 269.00006103515625, 269.00006103515625, 269.00006103515625, 269.00006103515625, 269.00006103515625, 269.00006103515625, 269.00006103515625, 269.00006103515625, 269.00006103515625, 269.00006103515625, 269.00006103515625, 269.00006103515625, 269.00006103515625, 269.00006103515625, 269.00006103515625, 269.00006103515625, 269.00006103515625, 269.00006103515625, 269.00006103515625, 269.00006103515625, 269.00006103515625, 269.00006103515625, 269.00006103515625, 269.00006103515625, 269.00006103515625, 269.00006103515625, 269.00006103515625, 269.00006103515625, 269.00006103515625, 269.00006103515625, 269.00006103515625, 269.00006103515625, 269.00006103515625, 269.00006103515625, 269.00006103515625, 269.00006103515625, 269.00006103515625, 269.00006103515625, 269.00006103515625, 269.00006103515625, 269.00006103515625, 269.00006103515625, 269.00006103515625, 269.00006103515625, 269.00006103515625, 269.00006103515625], "total_preds": [250.31689453125, 199.065673828125, 166.6494140625, 183.00164794921875, 209.514404296875, 211.574951171875, 201.30328369140625, 207.79913330078125, 201.89093017578125, 187.68170166015625, 189.899658203125, 176.12017822265625, 177.30059814453125, 182.0982666015625, 165.3170166015625, 156.106201171875, 159.30780029296875, 156.95263671875, 158.90045166015625, 158.16650390625, 147.80303955078125, 150.56097412109375, 145.934814453125, 144.0198974609375, 142.635009765625, 157.3624267578125, 154.9288330078125, 154.97918701171875, 154.97308349609375, 147.64501953125, 151.56256103515625, 156.95098876953125, 165.4298095703125, 147.29473876953125, 147.03173828125, 147.91912841796875, 145.14642333984375, 143.28192138671875, 144.4833984375, 137.063232421875, 138.93121337890625, 141.67901611328125, 130.67596435546875, 127.97650146484375, 128.56158447265625, 135.10662841796875, 139.07672119140625, 151.08148193359375, 143.9039306640625, 154.7501220703125, 144.69561767578125, 140.15081787109375, 149.15728759765625, 149.00787353515625, 149.7877197265625, 153.6260986328125, 152.28240966796875, 149.8990478515625, 142.8094482421875, 142.47198486328125, 140.87237548828125, 148.97149658203125, 145.23388671875, 149.24993896484375, 157.91644287109375, 153.37860107421875, 151.06512451171875, 137.7357177734375, 144.81488037109375, 143.57989501953125, 145.5279541015625, 151.3558349609375, 150.12969970703125, 146.7520751953125, 152.44317626953125, 155.5355224609375, 145.0999755859375, 150.50115966796875, 148.5372314453125, 142.30609130859375, 142.96270751953125, 144.34503173828125, 144.74810791015625, 140.73968505859375, 143.67572021484375, 147.3555908203125, 144.812255859375, 145.74395751953125, 145.0218505859375, 148.31463623046875, 144.67529296875, 138.8277587890625, 136.82281494140625, 136.4031982421875, 130.53448486328125, 127.1563720703125, 119.746826171875, 121.4263916015625, 122.5740966796875, 124.495849609375], "total_seen_unseen_ids": [1.0, 1.0, 1.0, 1.0, 1.0, 1.0, 1.0, 1.0, 1.0, 1.0, 1.0, 1.0, 1.0, 1.0, 1.0, 1.0, 1.0, 1.0, 1.0, 1.0, 1.0, 1.0, 1.0, 1.0, 1.0, 1.0, 1.0, 1.0, 1.0, 1.0, 1.0, 1.0, 1.0, 1.0, 1.0, 1.0, 1.0, 1.0, 1.0, 1.0, 1.0, 1.0, 1.0, 1.0, 1.0, 1.0, 1.0, 1.0, 1.0, 1.0, 1.0, 1.0, 1.0, 1.0, 1.0, 1.0, 1.0, 1.0, 1.0, 1.0, 1.0, 1.0, 1.0, 1.0, 1.0, 1.0, 1.0, 1.0, 1.0, 1.0, 1.0, 1.0, 1.0, 1.0, 1.0, 1.0, 1.0, 1.0, 1.0, 1.0, 1.0, 1.0, 1.0, 1.0, 1.0, 1.0, 1.0, 1.0, 1.0, 1.0, 1.0, 1.0, 1.0, 1.0, 1.0, 1.0, 1.0, 1.0, 1.0, 1.0], "domain_ids": [107.0, 107.0, 107.0, 107.0, 107.0, 107.0, 107.0, 107.0, 107.0, 107.0, 107.0, 107.0, 107.0, 107.0, 107.0, 107.0, 107.0, 107.0, 107.0, 107.0, 107.0, 107.0, 107.0, 107.0, 107.0, 107.0, 107.0, 107.0, 107.0, 107.0, 107.0, 107.0, 107.0, 107.0, 107.0, 107.0, 107.0, 107.0, 107.0, 107.0, 107.0, 107.0, 107.0, 107.0, 107.0, 107.0, 107.0, 107.0, 107.0, 107.0, 107.0, 107.0, 107.0, 107.0, 107.0, 107.0, 107.0, 107.0, 107.0, 107.0, 107.0, 107.0, 107.0, 107.0, 107.0, 107.0, 107.0, 107.0, 107.0, 107.0, 107.0, 107.0, 107.0, 107.0, 107.0, 107.0, 107.0, 107.0, 107.0, 107.0, 107.0, 107.0, 107.0, 107.0, 107.0, 107.0, 107.0, 107.0, 107.0, 107.0, 107.0, 107.0, 107.0, 107.0, 107.0, 107.0, 107.0, 107.0, 107.0, 107.0]}}