{"MICH_EXP": {"mapes": [0.5105140406920614, 0.5772268127153672, 0.6217021453285313, 0.6217021453285313, 0.6217021453285313, 0.5994644790219493, 0.5772268127153672, 0.5438703132554943, 0.5438703132554943, 0.5549891464087853, 0.5661079795620763, 0.5661079795620763, 0.5549891464087853, 0.5661079795620763, 0.5994644790219493, 0.6439395847386732, 0.6884149173518372, 0.6884149173518372, 0.6439395847386732, 0.5994644790219493, 0.5661079795620763, 0.5327514801022032, 0.5216328738453524, 0.5105140406920614, 0.49939520753877037, 0.48827637438547933, 0.46603870807889736, 0.44380126866875547, 0.44380126866875547, 0.4549198749256063, 0.46603870807889736, 0.44380126866875547, 0.44380126866875547, 0.4326824355154645, 0.44380126866875547, 0.47715754123218834, 0.5105140406920614, 0.5216328738453524, 0.49939520753877037, 0.47715754123218834, 0.46603870807889736, 0.47715754123218834, 0.49939520753877037, 0.5105140406920614, 0.5216328738453524, 0.5327514801022032, 0.5105140406920614, 0.48827637438547933, 0.4549198749256063, 0.4549198749256063, 0.46603870807889736, 0.48827637438547933, 0.5105140406920614, 0.5216328738453524, 0.49939520753877037, 0.46603870807889736, 0.46603870807889736, 0.46603870807889736, 0.48827637438547933, 0.5216328738453524, 0.5327514801022032, 0.5327514801022032, 0.5105140406920614, 0.48827637438547933, 0.4549198749256063, 0.47715754123218834, 0.49939520753877037, 0.5438703132554943, 0.5549891464087853, 0.5438703132554943, 0.5327514801022032, 0.5216328738453524, 0.5105140406920614, 0.49939520753877037, 0.49939520753877037, 0.46603870807889736, 0.44380126866875547, 0.4326824355154645, 0.46603870807889736, 0.49939520753877037, 0.5216328738453524, 0.5216328738453524, 0.5105140406920614, 0.48827637438547933, 0.47715754123218834, 0.48827637438547933, 0.49939520753877037, 0.49939520753877037, 0.49939520753877037, 0.5105140406920614, 0.5216328738453524, 0.5327514801022032, 0.5438703132554943, 0.5438703132554943, 0.5216328738453524, 0.5105140406920614, 0.48827637438547933, 0.46603870807889736, 0.44380126866875547, 0.4326824355154645], "total_references": [269.00006103515625, 269.00006103515625, 269.00006103515625, 269.00006103515625, 269.00006103515625, 269.00006103515625, 269.00006103515625, 269.00006103515625, 269.00006103515625, 269.00006103515625, 269.00006103515625, 269.00006103515625, 269.00006103515625, 269.00006103515625, 269.00006103515625, 269.00006103515625, 269.00006103515625, 269.00006103515625, 269.00006103515625, 269.00006103515625, 269.00006103515625, 269.00006103515625, 269.00006103515625, 269.00006103515625, 269.00006103515625, 269.00006103515625, 269.00006103515625, 269.00006103515625, 269.00006103515625, 269.00006103515625, 269.00006103515625, 269.00006103515625, 269.00006103515625, 269.00006103515625, 269.00006103515625, 269.00006103515625, 269.00006103515625, 269.00006103515625, 269.00006103515625, 269.00006103515625, 269.00006103515625, 269.00006103515625, 269.00006103515625, 269.00006103515625, 269.00006103515625, 269.00006103515625, 269.00006103515625, 269.00006103515625, 269.00006103515625, 269.00006103515625, 269.00006103515625, 269.00006103515625, 269.00006103515625, 269.00006103515625, 269.00006103515625, 269.00006103515625, 269.00006103515625, 269.00006103515625, 269.00006103515625, 269.00006103515625, 269.00006103515625, 269.00006103515625, 269.00006103515625, 269.00006103515625, 269.00006103515625, 269.00006103515625, 269.00006103515625, 269.00006103515625, 269.00006103515625, 269.00006103515625, 269.00006103515625, 269.00006103515625, 269.00006103515625, 269.00006103515625, 269.00006103515625, 269.00006103515625, 269.00006103515625, 269.00006103515625, 269.00006103515625, 269.00006103515625, 269.00006103515625, 269.00006103515625, 269.00006103515625, 269.00006103515625, 269.00006103515625, 269.00006103515625, 269.00006103515625, 269.00006103515625, 269.00006103515625, 269.00006103515625, 269.00006103515625, 269.00006103515625, 269.00006103515625, 269.00006103515625, 269.00006103515625, 269.00006103515625, 269.00006103515625, 269.00006103515625, 269.00006103515625, 269.00006103515625], "total_preds": [131.6717529296875, 113.72601318359375, 101.76214599609375, 101.76214599609375, 101.76214599609375, 107.74407958984375, 113.72601318359375, 122.69891357421875, 122.69891357421875, 119.70794677734375, 116.71697998046875, 116.71697998046875, 119.70794677734375, 116.71697998046875, 107.74407958984375, 95.7802734375, 83.81640625, 83.81640625, 95.7802734375, 107.74407958984375, 116.71697998046875, 125.68988037109375, 128.6807861328125, 131.6717529296875, 134.6627197265625, 137.6536865234375, 143.6356201171875, 149.61749267578125, 149.61749267578125, 146.6265869140625, 143.6356201171875, 149.61749267578125, 149.61749267578125, 152.60845947265625, 149.61749267578125, 140.6446533203125, 131.6717529296875, 128.6807861328125, 134.6627197265625, 140.6446533203125, 143.6356201171875, 140.6446533203125, 134.6627197265625, 131.6717529296875, 128.6807861328125, 125.68988037109375, 131.6717529296875, 137.6536865234375, 146.6265869140625, 146.6265869140625, 143.6356201171875, 137.6536865234375, 131.6717529296875, 128.6807861328125, 134.6627197265625, 143.6356201171875, 143.6356201171875, 143.6356201171875, 137.6536865234375, 128.6807861328125, 125.68988037109375, 125.68988037109375, 131.6717529296875, 137.6536865234375, 146.6265869140625, 140.6446533203125, 134.6627197265625, 122.69891357421875, 119.70794677734375, 122.69891357421875, 125.68988037109375, 128.6807861328125, 131.6717529296875, 134.6627197265625, 134.6627197265625, 143.6356201171875, 149.61749267578125, 152.60845947265625, 143.6356201171875, 134.6627197265625, 128.6807861328125, 128.6807861328125, 131.6717529296875, 137.6536865234375, 140.6446533203125, 137.6536865234375, 134.6627197265625, 134.6627197265625, 134.6627197265625, 131.6717529296875, 128.6807861328125, 125.68988037109375, 122.69891357421875, 122.69891357421875, 128.6807861328125, 131.6717529296875, 137.6536865234375, 143.6356201171875, 149.61749267578125, 152.60845947265625], "total_seen_unseen_ids": [1.0, 1.0, 1.0, 1.0, 1.0, 1.0, 1.0, 1.0, 1.0, 1.0, 1.0, 1.0, 1.0, 1.0, 1.0, 1.0, 1.0, 1.0, 1.0, 1.0, 1.0, 1.0, 1.0, 1.0, 1.0, 1.0, 1.0, 1.0, 1.0, 1.0, 1.0, 1.0, 1.0, 1.0, 1.0, 1.0, 1.0, 1.0, 1.0, 1.0, 1.0, 1.0, 1.0, 1.0, 1.0, 1.0, 1.0, 1.0, 1.0, 1.0, 1.0, 1.0, 1.0, 1.0, 1.0, 1.0, 1.0, 1.0, 1.0, 1.0, 1.0, 1.0, 1.0, 1.0, 1.0, 1.0, 1.0, 1.0, 1.0, 1.0, 1.0, 1.0, 1.0, 1.0, 1.0, 1.0, 1.0, 1.0, 1.0, 1.0, 1.0, 1.0, 1.0, 1.0, 1.0, 1.0, 1.0, 1.0, 1.0, 1.0, 1.0, 1.0, 1.0, 1.0, 1.0, 1.0, 1.0, 1.0, 1.0, 1.0], "domain_ids": [364.0, 364.0, 364.0, 364.0, 364.0, 364.0, 364.0, 364.0, 364.0, 364.0, 364.0, 364.0, 364.0, 364.0, 364.0, 364.0, 364.0, 364.0, 364.0, 364.0, 364.0, 364.0, 364.0, 364.0, 364.0, 364.0, 364.0, 364.0, 364.0, 364.0, 364.0, 364.0, 364.0, 364.0, 364.0, 364.0, 364.0, 364.0, 364.0, 364.0, 364.0, 364.0, 364.0, 364.0, 364.0, 364.0, 364.0, 364.0, 364.0, 364.0, 364.0, 364.0, 364.0, 364.0, 364.0, 364.0, 364.0, 364.0, 364.0, 364.0, 364.0, 364.0, 364.0, 364.0, 364.0, 364.0, 364.0, 364.0, 364.0, 364.0, 364.0, 364.0, 364.0, 364.0, 364.0, 364.0, 364.0, 364.0, 364.0, 364.0, 364.0, 364.0, 364.0, 364.0, 364.0, 364.0, 364.0, 364.0, 364.0, 364.0, 364.0, 364.0, 364.0, 364.0, 364.0, 364.0, 364.0, 364.0, 364.0, 364.0]}}