{"MIX_fig_format_4090132_pouch": {"mapes": [0.06559167671250656, 0.48469050304529054, 0.5788266595148909, 0.5779472089128552, 0.5451461519384784, 0.5615938748852187, 0.497575724985178, 0.4413079036879067, 0.45749061159254756, 0.47439144673027484, 0.5061558138695894, 0.511260529980167, 0.47814635591837806, 0.5238485175834531, 0.4879886696993645, 0.5288772233865792, 0.568787399623851, 0.542507119443051, 0.5505440182497344, 0.5651736200215234, 0.7144558217882753, 0.592366931477502, 0.5499034895991807, 0.6399060467220612, 0.6865373493095654, 0.5407275706629256, 0.5122411763945112, 0.47056393068132235, 0.502329659199278, 0.5600600549497798, 0.48888241477712985, 0.4739503600506161, 0.5213823801754227, 0.46662977330549765, 0.5345283061250468, 0.5244119014443547, 0.5618450492444689, 0.5500187529907787, 0.4937997144281404, 0.5604053913316938, 0.5756566893495038, 0.5834244889781651, 0.511806896608057, 0.5862082814024105, 0.5918008248593185, 0.5343036786492946, 0.5572231687585384, 0.5853605963019964, 0.5410919663458124, 0.5146957420840937, 0.6255718641153524, 0.5684509122031032, 0.5217631124020006, 0.6402740727479904, 0.6293099829668842, 0.5361549267045085, 0.590617333027477, 0.6150565754928701, 0.662363575679152, 0.649952794195626, 0.6678878233075738, 0.6057027697475346, 0.6746917668584622, 0.6248607706719107, 0.6287261784263688, 0.5753506060517365, 0.5425524987310817, 0.504043861804639, 0.5183485478741279, 0.5462123383107605, 0.5413597041451937, 0.5347733542804127, 0.4942349018003552, 0.4509251362002606, 0.5463305513560807, 0.4964662013928265, 0.5759144437055184, 0.5125064183330509, 0.48788928905857715, 0.5614772501149797, 0.5896652755645921, 0.5285071552926884, 0.5112031251808081, 0.5770187486797463, 0.5931417828206268, 0.5857020754444278, 0.5797848431816599, 0.5572796659721366, 0.6076797184305937, 0.5912692065000384, 0.5173490690552509, 0.5099787919897388, 0.5310406809434445, 0.5458213957443757, 0.5987495283390251, 0.5795327612366491, 0.5263750094445643, 0.5078979247370894, 0.46429818548647844, 0.43899083724105725], "total_references": [269.00006103515625, 269.00006103515625, 269.00006103515625, 269.00006103515625, 269.00006103515625, 269.00006103515625, 269.00006103515625, 269.00006103515625, 269.00006103515625, 269.00006103515625, 269.00006103515625, 269.00006103515625, 269.00006103515625, 269.00006103515625, 269.00006103515625, 269.00006103515625, 269.00006103515625, 269.00006103515625, 269.00006103515625, 269.00006103515625, 269.00006103515625, 269.00006103515625, 269.00006103515625, 269.00006103515625, 269.00006103515625, 269.00006103515625, 269.00006103515625, 269.00006103515625, 269.00006103515625, 269.00006103515625, 269.00006103515625, 269.00006103515625, 269.00006103515625, 269.00006103515625, 269.00006103515625, 269.00006103515625, 269.00006103515625, 269.00006103515625, 269.00006103515625, 269.00006103515625, 269.00006103515625, 269.00006103515625, 269.00006103515625, 269.00006103515625, 269.00006103515625, 269.00006103515625, 269.00006103515625, 269.00006103515625, 269.00006103515625, 269.00006103515625, 269.00006103515625, 269.00006103515625, 269.00006103515625, 269.00006103515625, 269.00006103515625, 269.00006103515625, 269.00006103515625, 269.00006103515625, 269.00006103515625, 269.00006103515625, 269.00006103515625, 269.00006103515625, 269.00006103515625, 269.00006103515625, 269.00006103515625, 269.00006103515625, 269.00006103515625, 269.00006103515625, 269.00006103515625, 269.00006103515625, 269.00006103515625, 269.00006103515625, 269.00006103515625, 269.00006103515625, 269.00006103515625, 269.00006103515625, 269.00006103515625, 269.00006103515625, 269.00006103515625, 269.00006103515625, 269.00006103515625, 269.00006103515625, 269.00006103515625, 269.00006103515625, 269.00006103515625, 269.00006103515625, 269.00006103515625, 269.00006103515625, 269.00006103515625, 269.00006103515625, 269.00006103515625, 269.00006103515625, 269.00006103515625, 269.00006103515625, 269.00006103515625, 269.00006103515625, 269.00006103515625, 269.00006103515625, 269.00006103515625, 269.00006103515625], "total_preds": [251.35589599609375, 138.6182861328125, 113.295654296875, 113.5322265625, 122.355712890625, 117.9312744140625, 135.15216064453125, 150.2882080078125, 145.93505859375, 141.38873291015625, 132.8441162109375, 131.470947265625, 140.378662109375, 128.08477783203125, 137.7310791015625, 126.7320556640625, 115.9962158203125, 123.06561279296875, 120.9036865234375, 116.96832275390625, 76.8114013671875, 109.6533203125, 121.07598876953125, 96.86529541015625, 84.32147216796875, 123.5443115234375, 131.2071533203125, 142.4183349609375, 133.87335205078125, 118.3438720703125, 137.49066162109375, 141.50738525390625, 128.7481689453125, 143.47662353515625, 125.2119140625, 127.9332275390625, 117.86370849609375, 121.04498291015625, 136.16790771484375, 118.2509765625, 114.14837646484375, 112.058837890625, 131.323974609375, 111.30999755859375, 109.80560302734375, 125.2723388671875, 119.10699462890625, 111.53802490234375, 123.4462890625, 130.546875, 100.72119140625, 116.08673095703125, 128.645751953125, 96.76629638671875, 99.71563720703125, 124.77435302734375, 110.12396240234375, 103.5498046875, 90.82421875, 94.1627197265625, 89.33819580078125, 106.06597900390625, 87.5079345703125, 100.9124755859375, 99.8726806640625, 114.230712890625, 123.05340576171875, 133.4122314453125, 129.56427001953125, 122.06890869140625, 123.374267578125, 125.14599609375, 136.05084228515625, 147.701171875, 122.037109375, 135.45062255859375, 114.07904052734375, 131.13580322265625, 137.7578125, 117.962646484375, 110.38006591796875, 126.83160400390625, 131.48638916015625, 113.781982421875, 109.44488525390625, 111.4461669921875, 113.03790283203125, 119.091796875, 105.5341796875, 109.9486083984375, 129.8331298828125, 131.81573486328125, 126.15008544921875, 122.174072265625, 107.9364013671875, 113.105712890625, 127.4051513671875, 132.37548828125, 144.10382080078125, 150.9114990234375], "total_seen_unseen_ids": [1.0, 1.0, 1.0, 1.0, 1.0, 1.0, 1.0, 1.0, 1.0, 1.0, 1.0, 1.0, 1.0, 1.0, 1.0, 1.0, 1.0, 1.0, 1.0, 1.0, 1.0, 1.0, 1.0, 1.0, 1.0, 1.0, 1.0, 1.0, 1.0, 1.0, 1.0, 1.0, 1.0, 1.0, 1.0, 1.0, 1.0, 1.0, 1.0, 1.0, 1.0, 1.0, 1.0, 1.0, 1.0, 1.0, 1.0, 1.0, 1.0, 1.0, 1.0, 1.0, 1.0, 1.0, 1.0, 1.0, 1.0, 1.0, 1.0, 1.0, 1.0, 1.0, 1.0, 1.0, 1.0, 1.0, 1.0, 1.0, 1.0, 1.0, 1.0, 1.0, 1.0, 1.0, 1.0, 1.0, 1.0, 1.0, 1.0, 1.0, 1.0, 1.0, 1.0, 1.0, 1.0, 1.0, 1.0, 1.0, 1.0, 1.0, 1.0, 1.0, 1.0, 1.0, 1.0, 1.0, 1.0, 1.0, 1.0, 1.0], "domain_ids": [107.0, 107.0, 107.0, 107.0, 107.0, 107.0, 107.0, 107.0, 107.0, 107.0, 107.0, 107.0, 107.0, 107.0, 107.0, 107.0, 107.0, 107.0, 107.0, 107.0, 107.0, 107.0, 107.0, 107.0, 107.0, 107.0, 107.0, 107.0, 107.0, 107.0, 107.0, 107.0, 107.0, 107.0, 107.0, 107.0, 107.0, 107.0, 107.0, 107.0, 107.0, 107.0, 107.0, 107.0, 107.0, 107.0, 107.0, 107.0, 107.0, 107.0, 107.0, 107.0, 107.0, 107.0, 107.0, 107.0, 107.0, 107.0, 107.0, 107.0, 107.0, 107.0, 107.0, 107.0, 107.0, 107.0, 107.0, 107.0, 107.0, 107.0, 107.0, 107.0, 107.0, 107.0, 107.0, 107.0, 107.0, 107.0, 107.0, 107.0, 107.0, 107.0, 107.0, 107.0, 107.0, 107.0, 107.0, 107.0, 107.0, 107.0, 107.0, 107.0, 107.0, 107.0, 107.0, 107.0, 107.0, 107.0, 107.0, 107.0]}}