{"MIX_fig_format_4090132_pouch": {"mapes": [0.18802204616571108, 0.5154458617152418, 0.5497190227933357, 0.5320229156328697, 0.5582732454835696, 0.6070916028577152, 0.4136623876267018, 0.5244575076288256, 0.4844890190064341, 0.33799832414289305, 0.33124792815188087, 0.36430764706803287, 0.3196154014580819, 0.41402269917366585, 0.4883891419162357, 0.39437959366024117, 0.425281981223412, 0.39099860980551115, 0.37589139102719876, 0.3408424710202194, 0.46569632135070543, 0.4821456325725269, 0.35578360160433936, 0.5027067610828133, 0.5208237611397644, 0.40701069158715647, 0.4375588938072474, 0.526925233311937, 0.38959956635552356, 0.5138510066374016, 0.5546317845155432, 0.5422775002456154, 0.5169765051005185, 0.48649478353739267, 0.5077061972451595, 0.469642050444978, 0.46112594635668985, 0.5071702678535166, 0.36354005641099296, 0.5279147286874472, 0.44271080437737687, 0.4881919689097422, 0.5035662447981155, 0.5812086183436243, 0.4501527807179775, 0.48923319667360743, 0.4982752467101718, 0.41613397054929585, 0.5166175549321954, 0.4121873338692627, 0.4709821008205256, 0.5673763306625353, 0.443830084516655, 0.49715573967445353, 0.5432508859738747, 0.4750467236494387, 0.4893586704050124, 0.4645663770787401, 0.4585881096735709, 0.4696431849271787, 0.3985819426283275, 0.4117730209695421, 0.4304372952401438, 0.45354215974099316, 0.3859161295460687, 0.5390328811514178, 0.4317249325380159, 0.506149233872825, 0.5269812767326549, 0.49404362810130564, 0.4842736942847283, 0.4856529977444225, 0.5185078291751157, 0.5565631270141314, 0.5354601698047579, 0.564389012131472, 0.5931422366135071, 0.4674790466809929, 0.45063153220670177, 0.45560215252114844, 0.4907084773274867, 0.4978627489819724, 0.461300429719168, 0.5259184938069751, 0.4899063984115434, 0.4533908198154107, 0.42769684003596764, 0.3770188394383224, 0.4281059343175647, 0.43430792161272547, 0.4100776507687138, 0.41481933257504544, 0.373429110858651, 0.4318910207322084, 0.39745948593888725, 0.3856511145039692, 0.37042001026933286, 0.30997570619815273, 0.34261430532137954, 0.28794315427346967], "total_references": [269.00006103515625, 269.00006103515625, 269.00006103515625, 269.00006103515625, 269.00006103515625, 269.00006103515625, 269.00006103515625, 269.00006103515625, 269.00006103515625, 269.00006103515625, 269.00006103515625, 269.00006103515625, 269.00006103515625, 269.00006103515625, 269.00006103515625, 269.00006103515625, 269.00006103515625, 269.00006103515625, 269.00006103515625, 269.00006103515625, 269.00006103515625, 269.00006103515625, 269.00006103515625, 269.00006103515625, 269.00006103515625, 269.00006103515625, 269.00006103515625, 269.00006103515625, 269.00006103515625, 269.00006103515625, 269.00006103515625, 269.00006103515625, 269.00006103515625, 269.00006103515625, 269.00006103515625, 269.00006103515625, 269.00006103515625, 269.00006103515625, 269.00006103515625, 269.00006103515625, 269.00006103515625, 269.00006103515625, 269.00006103515625, 269.00006103515625, 269.00006103515625, 269.00006103515625, 269.00006103515625, 269.00006103515625, 269.00006103515625, 269.00006103515625, 269.00006103515625, 269.00006103515625, 269.00006103515625, 269.00006103515625, 269.00006103515625, 269.00006103515625, 269.00006103515625, 269.00006103515625, 269.00006103515625, 269.00006103515625, 269.00006103515625, 269.00006103515625, 269.00006103515625, 269.00006103515625, 269.00006103515625, 269.00006103515625, 269.00006103515625, 269.00006103515625, 269.00006103515625, 269.00006103515625, 269.00006103515625, 269.00006103515625, 269.00006103515625, 269.00006103515625, 269.00006103515625, 269.00006103515625, 269.00006103515625, 269.00006103515625, 269.00006103515625, 269.00006103515625, 269.00006103515625, 269.00006103515625, 269.00006103515625, 269.00006103515625, 269.00006103515625, 269.00006103515625, 269.00006103515625, 269.00006103515625, 269.00006103515625, 269.00006103515625, 269.00006103515625, 269.00006103515625, 269.00006103515625, 269.00006103515625, 269.00006103515625, 269.00006103515625, 269.00006103515625, 269.00006103515625, 269.00006103515625, 269.00006103515625], "total_preds": [218.422119140625, 130.3450927734375, 121.1256103515625, 125.8858642578125, 118.82452392578125, 105.6923828125, 157.724853515625, 127.92095947265625, 138.6724853515625, 178.0784912109375, 179.89434814453125, 171.00128173828125, 183.02349853515625, 157.6279296875, 137.62335205078125, 162.91192626953125, 154.59918212890625, 163.8214111328125, 167.88525390625, 177.31341552734375, 143.72772216796875, 139.3028564453125, 173.29425048828125, 133.77191162109375, 128.8984375, 159.51416015625, 151.29669189453125, 127.25714111328125, 164.19775390625, 130.77410888671875, 119.8040771484375, 123.12738037109375, 129.933349609375, 138.1329345703125, 132.42706298828125, 142.66632080078125, 144.9571533203125, 132.57122802734375, 171.207763671875, 126.990966796875, 149.91082763671875, 137.6763916015625, 133.54071044921875, 112.6549072265625, 147.908935546875, 137.39630126953125, 134.9639892578125, 157.05999755859375, 130.0299072265625, 158.12164306640625, 142.30584716796875, 116.37579345703125, 149.6097412109375, 135.26513671875, 122.86553955078125, 141.21246337890625, 137.362548828125, 144.03167724609375, 145.63983154296875, 142.666015625, 161.781494140625, 158.23309326171875, 153.21240234375, 146.9971923828125, 165.1885986328125, 124.00018310546875, 152.86602783203125, 132.84588623046875, 127.2420654296875, 136.102294921875, 138.73040771484375, 138.359375, 129.52142333984375, 119.2845458984375, 124.96124267578125, 117.17938232421875, 109.44476318359375, 143.2481689453125, 147.7801513671875, 146.44305419921875, 136.99945068359375, 135.074951171875, 144.91021728515625, 127.5279541015625, 137.2152099609375, 147.03790283203125, 153.9495849609375, 167.58197021484375, 153.83953857421875, 152.17120361328125, 158.68914794921875, 157.41363525390625, 168.547607421875, 152.82135009765625, 162.08343505859375, 165.2598876953125, 169.3570556640625, 185.6165771484375, 176.8367919921875, 191.5433349609375], "total_seen_unseen_ids": [1.0, 1.0, 1.0, 1.0, 1.0, 1.0, 1.0, 1.0, 1.0, 1.0, 1.0, 1.0, 1.0, 1.0, 1.0, 1.0, 1.0, 1.0, 1.0, 1.0, 1.0, 1.0, 1.0, 1.0, 1.0, 1.0, 1.0, 1.0, 1.0, 1.0, 1.0, 1.0, 1.0, 1.0, 1.0, 1.0, 1.0, 1.0, 1.0, 1.0, 1.0, 1.0, 1.0, 1.0, 1.0, 1.0, 1.0, 1.0, 1.0, 1.0, 1.0, 1.0, 1.0, 1.0, 1.0, 1.0, 1.0, 1.0, 1.0, 1.0, 1.0, 1.0, 1.0, 1.0, 1.0, 1.0, 1.0, 1.0, 1.0, 1.0, 1.0, 1.0, 1.0, 1.0, 1.0, 1.0, 1.0, 1.0, 1.0, 1.0, 1.0, 1.0, 1.0, 1.0, 1.0, 1.0, 1.0, 1.0, 1.0, 1.0, 1.0, 1.0, 1.0, 1.0, 1.0, 1.0, 1.0, 1.0, 1.0, 1.0], "domain_ids": [107.0, 107.0, 107.0, 107.0, 107.0, 107.0, 107.0, 107.0, 107.0, 107.0, 107.0, 107.0, 107.0, 107.0, 107.0, 107.0, 107.0, 107.0, 107.0, 107.0, 107.0, 107.0, 107.0, 107.0, 107.0, 107.0, 107.0, 107.0, 107.0, 107.0, 107.0, 107.0, 107.0, 107.0, 107.0, 107.0, 107.0, 107.0, 107.0, 107.0, 107.0, 107.0, 107.0, 107.0, 107.0, 107.0, 107.0, 107.0, 107.0, 107.0, 107.0, 107.0, 107.0, 107.0, 107.0, 107.0, 107.0, 107.0, 107.0, 107.0, 107.0, 107.0, 107.0, 107.0, 107.0, 107.0, 107.0, 107.0, 107.0, 107.0, 107.0, 107.0, 107.0, 107.0, 107.0, 107.0, 107.0, 107.0, 107.0, 107.0, 107.0, 107.0, 107.0, 107.0, 107.0, 107.0, 107.0, 107.0, 107.0, 107.0, 107.0, 107.0, 107.0, 107.0, 107.0, 107.0, 107.0, 107.0, 107.0, 107.0]}}