{"MIX_fig_format_4090132_pouch": {"mapes": [0.30777481072866203, 0.7570404263656386, 0.7168833868014794, 0.6610457611547396, 0.5679735220930199, 0.6421659352659919, 0.6092310093919243, 0.6614435106143289, 0.6237666760374897, 0.6522113213609158, 0.5917479579887627, 0.6764393232405259, 0.6045383372166659, 0.6101227124017283, 0.6705223178741981, 0.6200966261180039, 0.6369636536861483, 0.6986917378157179, 0.7581574375405152, 0.6227583482574467, 0.6641329141194705, 0.6283576986075592, 0.644283332845506, 0.6952077429771581, 0.6486238617456459, 0.5970074174715251, 0.543932029087216, 0.5950774363515778, 0.538869288818067, 0.5961000586073505, 0.6465994917065948, 0.6255012993224646, 0.5658391072804941, 0.51626994958588, 0.6051151079675365, 0.5329373082866891, 0.585981611858697, 0.5734065573524997, 0.47917033955279165, 0.5802422664050096, 0.6178877892731077, 0.6201388288558725, 0.5194054314923637, 0.48066604088628473, 0.542805488261853, 0.5918815999920133, 0.5745569223040788, 0.5172167884306412, 0.5626854736587982, 0.5734621469803374, 0.5467233090939866, 0.48658781107785565, 0.47531287317373894, 0.5040885604033493, 0.5448250934756609, 0.5046347001347992, 0.5272810069300979, 0.6050418204173669, 0.6285396695525625, 0.5986131635784927, 0.6282891758826328, 0.5586991301017381, 0.6230249515746272, 0.6236561774711348, 0.5915687098010414, 0.6144884268067253, 0.567591428487801, 0.5361469853291031, 0.61251692363823, 0.5565987497552355, 0.5545283197388331, 0.5182094603563137, 0.5770586824532133, 0.4791696588634712, 0.44490852329670544, 0.5084427030898984, 0.5339828470829172, 0.5833909083050224, 0.5328349779921798, 0.5321762976264136, 0.5435785244334566, 0.5498204455020844, 0.5480415774112796, 0.5742379059092229, 0.5562550016484027, 0.5563754836581243, 0.608876143359524, 0.5429225668249723, 0.559792997839719, 0.5485275895860887, 0.5308176417427735, 0.509955421656403, 0.5875846352083828, 0.586154280049654, 0.6443023921464789, 0.6186186227068428, 0.5010245508755139, 0.5083006659183622, 0.4647687687033572, 0.41262025227707594], "total_references": [269.00006103515625, 269.00006103515625, 269.00006103515625, 269.00006103515625, 269.00006103515625, 269.00006103515625, 269.00006103515625, 269.00006103515625, 269.00006103515625, 269.00006103515625, 269.00006103515625, 269.00006103515625, 269.00006103515625, 269.00006103515625, 269.00006103515625, 269.00006103515625, 269.00006103515625, 269.00006103515625, 269.00006103515625, 269.00006103515625, 269.00006103515625, 269.00006103515625, 269.00006103515625, 269.00006103515625, 269.00006103515625, 269.00006103515625, 269.00006103515625, 269.00006103515625, 269.00006103515625, 269.00006103515625, 269.00006103515625, 269.00006103515625, 269.00006103515625, 269.00006103515625, 269.00006103515625, 269.00006103515625, 269.00006103515625, 269.00006103515625, 269.00006103515625, 269.00006103515625, 269.00006103515625, 269.00006103515625, 269.00006103515625, 269.00006103515625, 269.00006103515625, 269.00006103515625, 269.00006103515625, 269.00006103515625, 269.00006103515625, 269.00006103515625, 269.00006103515625, 269.00006103515625, 269.00006103515625, 269.00006103515625, 269.00006103515625, 269.00006103515625, 269.00006103515625, 269.00006103515625, 269.00006103515625, 269.00006103515625, 269.00006103515625, 269.00006103515625, 269.00006103515625, 269.00006103515625, 269.00006103515625, 269.00006103515625, 269.00006103515625, 269.00006103515625, 269.00006103515625, 269.00006103515625, 269.00006103515625, 269.00006103515625, 269.00006103515625, 269.00006103515625, 269.00006103515625, 269.00006103515625, 269.00006103515625, 269.00006103515625, 269.00006103515625, 269.00006103515625, 269.00006103515625, 269.00006103515625, 269.00006103515625, 269.00006103515625, 269.00006103515625, 269.00006103515625, 269.00006103515625, 269.00006103515625, 269.00006103515625, 269.00006103515625, 269.00006103515625, 269.00006103515625, 269.00006103515625, 269.00006103515625, 269.00006103515625, 269.00006103515625, 269.00006103515625, 269.00006103515625, 269.00006103515625, 269.00006103515625], "total_preds": [186.2086181640625, 65.35614013671875, 76.15838623046875, 91.1787109375, 116.21514892578125, 96.25738525390625, 105.11688232421875, 91.07171630859375, 101.206787109375, 93.55517578125, 109.81982421875, 87.037841796875, 106.37921142578125, 104.87701416015625, 88.6295166015625, 102.19403076171875, 97.65679931640625, 81.05194091796875, 65.0556640625, 101.47802734375, 90.3482666015625, 99.9718017578125, 95.68780517578125, 81.9891357421875, 94.52020263671875, 108.405029296875, 122.68231201171875, 108.9241943359375, 124.044189453125, 108.64910888671875, 95.06475830078125, 100.74017333984375, 116.789306640625, 130.1234130859375, 106.22406005859375, 125.639892578125, 111.3709716796875, 114.753662109375, 140.10321044921875, 112.91485595703125, 102.7882080078125, 102.18267822265625, 129.27996826171875, 139.70086669921875, 122.9853515625, 109.78387451171875, 114.4442138671875, 129.86871337890625, 117.63763427734375, 114.73870849609375, 121.93145751953125, 138.10791015625, 141.140869140625, 133.40020751953125, 122.44207763671875, 133.2532958984375, 127.16143798828125, 106.2437744140625, 99.9228515625, 107.97308349609375, 99.990234375, 118.7099609375, 101.40631103515625, 101.23651123046875, 109.8680419921875, 103.70263671875, 116.31793212890625, 124.7764892578125, 104.23297119140625, 119.27496337890625, 119.8319091796875, 129.6016845703125, 113.771240234375, 140.1033935546875, 149.31964111328125, 132.22894287109375, 125.358642578125, 112.06787109375, 125.66741943359375, 125.8446044921875, 122.77740478515625, 121.09832763671875, 121.57684326171875, 114.530029296875, 119.367431640625, 119.33502197265625, 105.21234130859375, 122.953857421875, 118.41571044921875, 121.44610595703125, 126.2100830078125, 131.822021484375, 110.93975830078125, 111.32452392578125, 95.68267822265625, 102.59161376953125, 134.22442626953125, 132.26715087890625, 143.97723388671875, 158.00518798828125], "total_seen_unseen_ids": [1.0, 1.0, 1.0, 1.0, 1.0, 1.0, 1.0, 1.0, 1.0, 1.0, 1.0, 1.0, 1.0, 1.0, 1.0, 1.0, 1.0, 1.0, 1.0, 1.0, 1.0, 1.0, 1.0, 1.0, 1.0, 1.0, 1.0, 1.0, 1.0, 1.0, 1.0, 1.0, 1.0, 1.0, 1.0, 1.0, 1.0, 1.0, 1.0, 1.0, 1.0, 1.0, 1.0, 1.0, 1.0, 1.0, 1.0, 1.0, 1.0, 1.0, 1.0, 1.0, 1.0, 1.0, 1.0, 1.0, 1.0, 1.0, 1.0, 1.0, 1.0, 1.0, 1.0, 1.0, 1.0, 1.0, 1.0, 1.0, 1.0, 1.0, 1.0, 1.0, 1.0, 1.0, 1.0, 1.0, 1.0, 1.0, 1.0, 1.0, 1.0, 1.0, 1.0, 1.0, 1.0, 1.0, 1.0, 1.0, 1.0, 1.0, 1.0, 1.0, 1.0, 1.0, 1.0, 1.0, 1.0, 1.0, 1.0, 1.0], "domain_ids": [107.0, 107.0, 107.0, 107.0, 107.0, 107.0, 107.0, 107.0, 107.0, 107.0, 107.0, 107.0, 107.0, 107.0, 107.0, 107.0, 107.0, 107.0, 107.0, 107.0, 107.0, 107.0, 107.0, 107.0, 107.0, 107.0, 107.0, 107.0, 107.0, 107.0, 107.0, 107.0, 107.0, 107.0, 107.0, 107.0, 107.0, 107.0, 107.0, 107.0, 107.0, 107.0, 107.0, 107.0, 107.0, 107.0, 107.0, 107.0, 107.0, 107.0, 107.0, 107.0, 107.0, 107.0, 107.0, 107.0, 107.0, 107.0, 107.0, 107.0, 107.0, 107.0, 107.0, 107.0, 107.0, 107.0, 107.0, 107.0, 107.0, 107.0, 107.0, 107.0, 107.0, 107.0, 107.0, 107.0, 107.0, 107.0, 107.0, 107.0, 107.0, 107.0, 107.0, 107.0, 107.0, 107.0, 107.0, 107.0, 107.0, 107.0, 107.0, 107.0, 107.0, 107.0, 107.0, 107.0, 107.0, 107.0, 107.0, 107.0]}}