{"MICH_EXP": {"mapes": [0.3326131640322855, 0.34373199718557657, 0.34373199718557657, 0.3548506034424274, 0.3548506034424274, 0.3548506034424274, 0.3548506034424274, 0.3548506034424274, 0.3548506034424274, 0.3548506034424274, 0.3548506034424274, 0.34373199718557657, 0.3548506034424274, 0.3548506034424274, 0.3548506034424274, 0.3548506034424274, 0.3548506034424274, 0.3659694365957184, 0.3659694365957184, 0.3659694365957184, 0.3548506034424274, 0.3548506034424274, 0.34373199718557657, 0.34373199718557657, 0.3548506034424274, 0.3548506034424274, 0.3548506034424274, 0.34373199718557657, 0.34373199718557657, 0.3326131640322855, 0.34373199718557657, 0.34373199718557657, 0.3548506034424274, 0.34373199718557657, 0.3548506034424274, 0.3548506034424274, 0.3659694365957184, 0.3659694365957184, 0.3659694365957184, 0.3659694365957184, 0.3548506034424274, 0.3548506034424274, 0.3548506034424274, 0.3659694365957184, 0.37708826974900944, 0.37708826974900944, 0.3659694365957184, 0.3659694365957184, 0.3548506034424274, 0.3659694365957184, 0.3659694365957184, 0.37708826974900944, 0.37708826974900944, 0.3659694365957184, 0.3548506034424274, 0.3548506034424274, 0.34373199718557657, 0.34373199718557657, 0.34373199718557657, 0.3548506034424274, 0.34373199718557657, 0.3548506034424274, 0.3548506034424274, 0.3548506034424274, 0.3548506034424274, 0.3548506034424274, 0.3548506034424274, 0.3548506034424274, 0.3548506034424274, 0.34373199718557657, 0.34373199718557657, 0.3326131640322855, 0.3326131640322855, 0.3326131640322855, 0.3326131640322855, 0.34373199718557657, 0.34373199718557657, 0.3326131640322855, 0.3326131640322855, 0.34373199718557657, 0.34373199718557657, 0.3548506034424274, 0.3548506034424274, 0.3548506034424274, 0.3548506034424274, 0.34373199718557657, 0.3548506034424274, 0.3548506034424274, 0.3548506034424274, 0.3548506034424274, 0.3548506034424274, 0.34373199718557657, 0.3548506034424274, 0.3659694365957184, 0.3548506034424274, 0.3659694365957184, 0.3548506034424274, 0.34373199718557657, 0.34373199718557657, 0.3548506034424274], "total_references": [269.00006103515625, 269.00006103515625, 269.00006103515625, 269.00006103515625, 269.00006103515625, 269.00006103515625, 269.00006103515625, 269.00006103515625, 269.00006103515625, 269.00006103515625, 269.00006103515625, 269.00006103515625, 269.00006103515625, 269.00006103515625, 269.00006103515625, 269.00006103515625, 269.00006103515625, 269.00006103515625, 269.00006103515625, 269.00006103515625, 269.00006103515625, 269.00006103515625, 269.00006103515625, 269.00006103515625, 269.00006103515625, 269.00006103515625, 269.00006103515625, 269.00006103515625, 269.00006103515625, 269.00006103515625, 269.00006103515625, 269.00006103515625, 269.00006103515625, 269.00006103515625, 269.00006103515625, 269.00006103515625, 269.00006103515625, 269.00006103515625, 269.00006103515625, 269.00006103515625, 269.00006103515625, 269.00006103515625, 269.00006103515625, 269.00006103515625, 269.00006103515625, 269.00006103515625, 269.00006103515625, 269.00006103515625, 269.00006103515625, 269.00006103515625, 269.00006103515625, 269.00006103515625, 269.00006103515625, 269.00006103515625, 269.00006103515625, 269.00006103515625, 269.00006103515625, 269.00006103515625, 269.00006103515625, 269.00006103515625, 269.00006103515625, 269.00006103515625, 269.00006103515625, 269.00006103515625, 269.00006103515625, 269.00006103515625, 269.00006103515625, 269.00006103515625, 269.00006103515625, 269.00006103515625, 269.00006103515625, 269.00006103515625, 269.00006103515625, 269.00006103515625, 269.00006103515625, 269.00006103515625, 269.00006103515625, 269.00006103515625, 269.00006103515625, 269.00006103515625, 269.00006103515625, 269.00006103515625, 269.00006103515625, 269.00006103515625, 269.00006103515625, 269.00006103515625, 269.00006103515625, 269.00006103515625, 269.00006103515625, 269.00006103515625, 269.00006103515625, 269.00006103515625, 269.00006103515625, 269.00006103515625, 269.00006103515625, 269.00006103515625, 269.00006103515625, 269.00006103515625, 269.00006103515625, 269.00006103515625], "total_preds": [179.527099609375, 176.5361328125, 176.5361328125, 173.54522705078125, 173.54522705078125, 173.54522705078125, 173.54522705078125, 173.54522705078125, 173.54522705078125, 173.54522705078125, 173.54522705078125, 176.5361328125, 173.54522705078125, 173.54522705078125, 173.54522705078125, 173.54522705078125, 173.54522705078125, 170.55426025390625, 170.55426025390625, 170.55426025390625, 173.54522705078125, 173.54522705078125, 176.5361328125, 176.5361328125, 173.54522705078125, 173.54522705078125, 173.54522705078125, 176.5361328125, 176.5361328125, 179.527099609375, 176.5361328125, 176.5361328125, 173.54522705078125, 176.5361328125, 173.54522705078125, 173.54522705078125, 170.55426025390625, 170.55426025390625, 170.55426025390625, 170.55426025390625, 173.54522705078125, 173.54522705078125, 173.54522705078125, 170.55426025390625, 167.56329345703125, 167.56329345703125, 170.55426025390625, 170.55426025390625, 173.54522705078125, 170.55426025390625, 170.55426025390625, 167.56329345703125, 167.56329345703125, 170.55426025390625, 173.54522705078125, 173.54522705078125, 176.5361328125, 176.5361328125, 176.5361328125, 173.54522705078125, 176.5361328125, 173.54522705078125, 173.54522705078125, 173.54522705078125, 173.54522705078125, 173.54522705078125, 173.54522705078125, 173.54522705078125, 173.54522705078125, 176.5361328125, 176.5361328125, 179.527099609375, 179.527099609375, 179.527099609375, 179.527099609375, 176.5361328125, 176.5361328125, 179.527099609375, 179.527099609375, 176.5361328125, 176.5361328125, 173.54522705078125, 173.54522705078125, 173.54522705078125, 173.54522705078125, 176.5361328125, 173.54522705078125, 173.54522705078125, 173.54522705078125, 173.54522705078125, 173.54522705078125, 176.5361328125, 173.54522705078125, 170.55426025390625, 173.54522705078125, 170.55426025390625, 173.54522705078125, 176.5361328125, 176.5361328125, 173.54522705078125], "total_seen_unseen_ids": [1.0, 1.0, 1.0, 1.0, 1.0, 1.0, 1.0, 1.0, 1.0, 1.0, 1.0, 1.0, 1.0, 1.0, 1.0, 1.0, 1.0, 1.0, 1.0, 1.0, 1.0, 1.0, 1.0, 1.0, 1.0, 1.0, 1.0, 1.0, 1.0, 1.0, 1.0, 1.0, 1.0, 1.0, 1.0, 1.0, 1.0, 1.0, 1.0, 1.0, 1.0, 1.0, 1.0, 1.0, 1.0, 1.0, 1.0, 1.0, 1.0, 1.0, 1.0, 1.0, 1.0, 1.0, 1.0, 1.0, 1.0, 1.0, 1.0, 1.0, 1.0, 1.0, 1.0, 1.0, 1.0, 1.0, 1.0, 1.0, 1.0, 1.0, 1.0, 1.0, 1.0, 1.0, 1.0, 1.0, 1.0, 1.0, 1.0, 1.0, 1.0, 1.0, 1.0, 1.0, 1.0, 1.0, 1.0, 1.0, 1.0, 1.0, 1.0, 1.0, 1.0, 1.0, 1.0, 1.0, 1.0, 1.0, 1.0, 1.0], "domain_ids": [364.0, 364.0, 364.0, 364.0, 364.0, 364.0, 364.0, 364.0, 364.0, 364.0, 364.0, 364.0, 364.0, 364.0, 364.0, 364.0, 364.0, 364.0, 364.0, 364.0, 364.0, 364.0, 364.0, 364.0, 364.0, 364.0, 364.0, 364.0, 364.0, 364.0, 364.0, 364.0, 364.0, 364.0, 364.0, 364.0, 364.0, 364.0, 364.0, 364.0, 364.0, 364.0, 364.0, 364.0, 364.0, 364.0, 364.0, 364.0, 364.0, 364.0, 364.0, 364.0, 364.0, 364.0, 364.0, 364.0, 364.0, 364.0, 364.0, 364.0, 364.0, 364.0, 364.0, 364.0, 364.0, 364.0, 364.0, 364.0, 364.0, 364.0, 364.0, 364.0, 364.0, 364.0, 364.0, 364.0, 364.0, 364.0, 364.0, 364.0, 364.0, 364.0, 364.0, 364.0, 364.0, 364.0, 364.0, 364.0, 364.0, 364.0, 364.0, 364.0, 364.0, 364.0, 364.0, 364.0, 364.0, 364.0, 364.0, 364.0]}}