{"MICH_EXP": {"mapes": [0.3882071029023004, 0.41044476920888245, 0.41044476920888245, 0.41044476920888245, 0.41044476920888245, 0.39932593605559147, 0.39932593605559147, 0.3882071029023004, 0.39932593605559147, 0.39932593605559147, 0.41044476920888245, 0.41044476920888245, 0.41044476920888245, 0.42156360236217344, 0.42156360236217344, 0.4326824355154645, 0.4326824355154645, 0.42156360236217344, 0.41044476920888245, 0.41044476920888245, 0.41044476920888245, 0.42156360236217344, 0.4326824355154645, 0.4326824355154645, 0.4326824355154645, 0.4326824355154645, 0.42156360236217344, 0.41044476920888245, 0.42156360236217344, 0.42156360236217344, 0.42156360236217344, 0.42156360236217344, 0.42156360236217344, 0.41044476920888245, 0.41044476920888245, 0.39932593605559147, 0.39932593605559147, 0.39932593605559147, 0.41044476920888245, 0.41044476920888245, 0.39932593605559147, 0.39932593605559147, 0.3882071029023004, 0.37708826974900944, 0.3659694365957184, 0.37708826974900944, 0.3882071029023004, 0.39932593605559147, 0.39932593605559147, 0.39932593605559147, 0.39932593605559147, 0.39932593605559147, 0.39932593605559147, 0.41044476920888245, 0.39932593605559147, 0.39932593605559147, 0.3882071029023004, 0.39932593605559147, 0.3882071029023004, 0.3882071029023004, 0.3882071029023004, 0.39932593605559147, 0.41044476920888245, 0.41044476920888245, 0.42156360236217344, 0.4326824355154645, 0.42156360236217344, 0.42156360236217344, 0.41044476920888245, 0.41044476920888245, 0.41044476920888245, 0.41044476920888245, 0.41044476920888245, 0.39932593605559147, 0.39932593605559147, 0.39932593605559147, 0.3882071029023004, 0.3882071029023004, 0.39932593605559147, 0.39932593605559147, 0.39932593605559147, 0.39932593605559147, 0.39932593605559147, 0.39932593605559147, 0.37708826974900944, 0.3882071029023004, 0.37708826974900944, 0.3882071029023004, 0.39932593605559147, 0.42156360236217344, 0.42156360236217344, 0.44380126866875547, 0.4326824355154645, 0.42156360236217344, 0.42156360236217344, 0.42156360236217344, 0.4326824355154645, 0.42156360236217344, 0.42156360236217344, 0.42156360236217344], "total_references": [269.00006103515625, 269.00006103515625, 269.00006103515625, 269.00006103515625, 269.00006103515625, 269.00006103515625, 269.00006103515625, 269.00006103515625, 269.00006103515625, 269.00006103515625, 269.00006103515625, 269.00006103515625, 269.00006103515625, 269.00006103515625, 269.00006103515625, 269.00006103515625, 269.00006103515625, 269.00006103515625, 269.00006103515625, 269.00006103515625, 269.00006103515625, 269.00006103515625, 269.00006103515625, 269.00006103515625, 269.00006103515625, 269.00006103515625, 269.00006103515625, 269.00006103515625, 269.00006103515625, 269.00006103515625, 269.00006103515625, 269.00006103515625, 269.00006103515625, 269.00006103515625, 269.00006103515625, 269.00006103515625, 269.00006103515625, 269.00006103515625, 269.00006103515625, 269.00006103515625, 269.00006103515625, 269.00006103515625, 269.00006103515625, 269.00006103515625, 269.00006103515625, 269.00006103515625, 269.00006103515625, 269.00006103515625, 269.00006103515625, 269.00006103515625, 269.00006103515625, 269.00006103515625, 269.00006103515625, 269.00006103515625, 269.00006103515625, 269.00006103515625, 269.00006103515625, 269.00006103515625, 269.00006103515625, 269.00006103515625, 269.00006103515625, 269.00006103515625, 269.00006103515625, 269.00006103515625, 269.00006103515625, 269.00006103515625, 269.00006103515625, 269.00006103515625, 269.00006103515625, 269.00006103515625, 269.00006103515625, 269.00006103515625, 269.00006103515625, 269.00006103515625, 269.00006103515625, 269.00006103515625, 269.00006103515625, 269.00006103515625, 269.00006103515625, 269.00006103515625, 269.00006103515625, 269.00006103515625, 269.00006103515625, 269.00006103515625, 269.00006103515625, 269.00006103515625, 269.00006103515625, 269.00006103515625, 269.00006103515625, 269.00006103515625, 269.00006103515625, 269.00006103515625, 269.00006103515625, 269.00006103515625, 269.00006103515625, 269.00006103515625, 269.00006103515625, 269.00006103515625, 269.00006103515625, 269.00006103515625], "total_preds": [164.57232666015625, 158.59039306640625, 158.59039306640625, 158.59039306640625, 158.59039306640625, 161.58135986328125, 161.58135986328125, 164.57232666015625, 161.58135986328125, 161.58135986328125, 158.59039306640625, 158.59039306640625, 158.59039306640625, 155.59942626953125, 155.59942626953125, 152.60845947265625, 152.60845947265625, 155.59942626953125, 158.59039306640625, 158.59039306640625, 158.59039306640625, 155.59942626953125, 152.60845947265625, 152.60845947265625, 152.60845947265625, 152.60845947265625, 155.59942626953125, 158.59039306640625, 155.59942626953125, 155.59942626953125, 155.59942626953125, 155.59942626953125, 155.59942626953125, 158.59039306640625, 158.59039306640625, 161.58135986328125, 161.58135986328125, 161.58135986328125, 158.59039306640625, 158.59039306640625, 161.58135986328125, 161.58135986328125, 164.57232666015625, 167.56329345703125, 170.55426025390625, 167.56329345703125, 164.57232666015625, 161.58135986328125, 161.58135986328125, 161.58135986328125, 161.58135986328125, 161.58135986328125, 161.58135986328125, 158.59039306640625, 161.58135986328125, 161.58135986328125, 164.57232666015625, 161.58135986328125, 164.57232666015625, 164.57232666015625, 164.57232666015625, 161.58135986328125, 158.59039306640625, 158.59039306640625, 155.59942626953125, 152.60845947265625, 155.59942626953125, 155.59942626953125, 158.59039306640625, 158.59039306640625, 158.59039306640625, 158.59039306640625, 158.59039306640625, 161.58135986328125, 161.58135986328125, 161.58135986328125, 164.57232666015625, 164.57232666015625, 161.58135986328125, 161.58135986328125, 161.58135986328125, 161.58135986328125, 161.58135986328125, 161.58135986328125, 167.56329345703125, 164.57232666015625, 167.56329345703125, 164.57232666015625, 161.58135986328125, 155.59942626953125, 155.59942626953125, 149.61749267578125, 152.60845947265625, 155.59942626953125, 155.59942626953125, 155.59942626953125, 152.60845947265625, 155.59942626953125, 155.59942626953125, 155.59942626953125], "total_seen_unseen_ids": [1.0, 1.0, 1.0, 1.0, 1.0, 1.0, 1.0, 1.0, 1.0, 1.0, 1.0, 1.0, 1.0, 1.0, 1.0, 1.0, 1.0, 1.0, 1.0, 1.0, 1.0, 1.0, 1.0, 1.0, 1.0, 1.0, 1.0, 1.0, 1.0, 1.0, 1.0, 1.0, 1.0, 1.0, 1.0, 1.0, 1.0, 1.0, 1.0, 1.0, 1.0, 1.0, 1.0, 1.0, 1.0, 1.0, 1.0, 1.0, 1.0, 1.0, 1.0, 1.0, 1.0, 1.0, 1.0, 1.0, 1.0, 1.0, 1.0, 1.0, 1.0, 1.0, 1.0, 1.0, 1.0, 1.0, 1.0, 1.0, 1.0, 1.0, 1.0, 1.0, 1.0, 1.0, 1.0, 1.0, 1.0, 1.0, 1.0, 1.0, 1.0, 1.0, 1.0, 1.0, 1.0, 1.0, 1.0, 1.0, 1.0, 1.0, 1.0, 1.0, 1.0, 1.0, 1.0, 1.0, 1.0, 1.0, 1.0, 1.0], "domain_ids": [364.0, 364.0, 364.0, 364.0, 364.0, 364.0, 364.0, 364.0, 364.0, 364.0, 364.0, 364.0, 364.0, 364.0, 364.0, 364.0, 364.0, 364.0, 364.0, 364.0, 364.0, 364.0, 364.0, 364.0, 364.0, 364.0, 364.0, 364.0, 364.0, 364.0, 364.0, 364.0, 364.0, 364.0, 364.0, 364.0, 364.0, 364.0, 364.0, 364.0, 364.0, 364.0, 364.0, 364.0, 364.0, 364.0, 364.0, 364.0, 364.0, 364.0, 364.0, 364.0, 364.0, 364.0, 364.0, 364.0, 364.0, 364.0, 364.0, 364.0, 364.0, 364.0, 364.0, 364.0, 364.0, 364.0, 364.0, 364.0, 364.0, 364.0, 364.0, 364.0, 364.0, 364.0, 364.0, 364.0, 364.0, 364.0, 364.0, 364.0, 364.0, 364.0, 364.0, 364.0, 364.0, 364.0, 364.0, 364.0, 364.0, 364.0, 364.0, 364.0, 364.0, 364.0, 364.0, 364.0, 364.0, 364.0, 364.0, 364.0]}}