{"CALCE": {"mapes": [0.35049191832686216, 0.06710845770279626], "Useable_cycle_number": [100.0, 100.0], "total_references": [829.0, 590.0000610351562], "total_preds": [538.4421997070312, 550.4060668945312], "total_seen_unseen_ids": [1.0, 1.0], "domain_ids": [3.0, 4.0]}}