{"Stanford": {"mapes": [0.032067552476294864, 0.026743800591669017, 0.0817944177917678, 0.07778093640199106, 0.17722418879995921, 0.0482293138942046, 0.2575652856620953, 0.15812900948630607], "Useable_cycle_number": [20.0, 20.0, 20.0, 20.0, 20.0, 20.0, 20.0, 20.0], "total_references": [613.0, 886.0, 618.0, 587.0, 613.0, 682.0000610351562, 556.0, 668.0000610351562], "total_preds": [632.6574096679688, 909.6950073242188, 668.5489501953125, 632.6574096679688, 721.638427734375, 649.107666015625, 699.206298828125, 562.369873046875], "total_seen_unseen_ids": [1.0, 1.0, 1.0, 1.0, 1.0, 1.0, 1.0, 1.0], "domain_ids": [141.0, 148.0, 143.0, 141.0, 144.0, 142.0, 139.0, 136.0]}}