{"NAion": {"mapes": [0.34954513876214793, 0.08074061705719746, 0.018494686436511375, 0.48636695830684873, 0.2745704512021376], "Useable_cycle_number": [20.0, 20.0, 20.0, 20.0, 20.0], "total_references": [102.00006103515625, 227.00006103515625, 235.00006103515625, 268.00006103515625, 108.00006103515625], "total_preds": [137.6536865234375, 245.32818603515625, 239.3463134765625, 137.6536865234375, 137.6536865234375], "total_seen_unseen_ids": [1.0, 1.0, 1.0, 0.0, 0.0], "domain_ids": [407.0, 402.0, 407.0, 401.0, 401.0]}}