{"Stanford": {"mapes": [0.05402407871762847, 0.024737149275183407, 0.060015533348503236, 0.10070998339677385, 0.15404795511317293, 0.0526148058209635, 0.1943570143884892, 0.028282025888223625], "Useable_cycle_number": [20.0, 20.0, 20.0, 20.0, 20.0, 20.0, 20.0, 20.0], "total_references": [613.0, 886.0, 618.0, 587.0, 613.0, 682.0000610351562, 556.0, 668.0000610351562], "total_preds": [646.1167602539062, 864.0828857421875, 655.089599609375, 646.1167602539062, 707.431396484375, 646.1167602539062, 664.0625, 649.107666015625], "total_seen_unseen_ids": [1.0, 1.0, 1.0, 1.0, 1.0, 1.0, 1.0, 1.0], "domain_ids": [141.0, 148.0, 143.0, 141.0, 144.0, 142.0, 139.0, 136.0]}}