{"CALB": {"mapes": [0.2864830516209112, 0.16323860245521624, 0.00879798745209316, 0.016933870429718674, 0.022521849725421702], "Useable_cycle_number": [20.0, 20.0, 20.0, 20.0, 20.0], "total_references": [107.0, 792.0, 1272.0, 1253.0, 993.0], "total_preds": [137.6536865234375, 921.2849731445312, 1283.1910400390625, 1274.2181396484375, 970.6358032226562], "total_seen_unseen_ids": [1.0, 0.0, 1.0, 1.0, 1.0], "domain_ids": [396.0, 397.0, 398.0, 398.0, 399.0]}}