{"HUST": {"mapes": [0.020183538718796343, 0.16071068186710677, 0.0038408804165570754, 0.13194007707918778, 0.0802474304106601, 0.1814002468161387, 0.14047344713514903, 0.08220593450348372, 0.13490707887818998, 0.01298351926401019, 0.058248055536308206, 0.14801689469142976, 0.022920154389880952, 0.010392676507942187, 0.08455849959227112], "Useable_cycle_number": [20.0, 20.0, 20.0, 20.0, 20.0, 20.0, 20.0, 20.0, 20.0, 20.0, 20.0, 20.0, 20.0, 20.0, 20.0], "total_references": [2023.0, 1742.0, 1901.0, 1382.0, 1318.0, 1752.0, 1946.0, 1812.0, 2116.0, 2061.0, 2255.0, 1829.0, 2100.0, 1747.0, 2261.0], "total_preds": [2063.831298828125, 2021.9580078125, 1908.301513671875, 1564.3411865234375, 1423.76611328125, 2069.813232421875, 2219.361328125, 1663.0428466796875, 1830.53662109375, 2087.759033203125, 2123.650634765625, 2099.722900390625, 2051.86767578125, 1728.843994140625, 2069.813232421875], "total_seen_unseen_ids": [0.0, 0.0, 0.0, 0.0, 0.0, 0.0, 0.0, 0.0, 0.0, 0.0, 0.0, 0.0, 0.0, 0.0, 0.0], "domain_ids": [472.0, 478.0, 479.0, 465.0, 455.0, 453.0, 471.0, 432.0, 467.0, 475.0, 450.0, 426.0, 462.0, 438.0, 421.0]}}