{"Stanford_formation": {"mapes": [0.06208061151978555, 0.0023182900474296208, 0.035091350013067506, 0.019393541326570275, 0.14926918205617745, 0.024442090413721695, 0.06037660978025937, 0.18628785936094874, 0.11809245976815332, 0.20327653556034483, 0.19100486373435593, 0.13728253046671549, 0.312491693804341, 0.3106778890779703, 0.35263795995000585, 0.18543486418547453, 0.004455946096180016, 0.20100342712974906, 0.06528592859424136, 0.11680482563219573, 0.12049790679431352, 0.2356373776671707, 0.15048523969873537, 0.2683939503481814, 0.21762483423939133, 0.09922250600961538, 0.17748915251107827, 0.4122639616457418, 0.22452188697476216, 0.2641663880677553], "total_references": [652.0000610351562, 817.0, 837.0, 804.0, 763.0000610351562, 638.0000610351562, 694.0, 556.0, 618.0, 841.0, 819.0, 768.0, 992.0, 1010.0, 1072.0, 540.0, 643.0, 533.0, 636.0, 608.0, 610.0, 558.0, 598.0, 543.0, 651.0, 715.0, 677.0, 1252.0, 946.0, 999.0], "total_preds": [692.4766235351562, 815.10595703125, 807.6285400390625, 819.5924072265625, 649.107666015625, 653.5941162109375, 652.0986328125, 659.5760498046875, 690.9811401367188, 670.04443359375, 662.5670166015625, 662.5670166015625, 682.0082397460938, 696.21533203125, 693.9721069335938, 640.1348266601562, 640.1348266601562, 640.1348266601562, 677.5218505859375, 679.017333984375, 683.5037231445312, 689.4856567382812, 687.9901733398438, 688.7379150390625, 792.6737670898438, 785.944091796875, 797.16015625, 735.8455200195312, 733.602294921875, 735.0977783203125], "total_seen_unseen_ids": [0.0, 0.0, 0.0, 0.0, 0.0, 0.0, 0.0, 0.0, 0.0, 0.0, 0.0, 0.0, 0.0, 0.0, 0.0, 0.0, 0.0, 0.0, 0.0, 0.0, 0.0, 0.0, 0.0, 0.0, 0.0, 0.0, 0.0, 0.0, 0.0, 0.0], "domain_ids": [137.0, 171.0, 171.0, 171.0, 196.0, 196.0, 196.0, 139.0, 143.0, 152.0, 152.0, 152.0, 156.0, 156.0, 156.0, 175.0, 175.0, 175.0, 181.0, 181.0, 181.0, 193.0, 193.0, 193.0, 191.0, 191.0, 191.0, 151.0, 151.0, 151.0]}}