{"MICH": {"mapes": [0.07788039311119684, 6.744215023109896e-05, 0.2013860721531611, 0.11551493936910182, 0.08422282594775563, 0.05870287958488496, 0.039561696976238535, 0.07239108044598559], "Useable_cycle_number": [20.0, 20.0, 20.0, 20.0, 20.0, 20.0, 20.0, 20.0], "total_references": [272.00006103515625, 362.00006103515625, 457.00006103515625, 345.00006103515625, 392.0000305175781, 321.00006103515625, 380.00006103515625, 387.0000305175781], "total_preds": [293.18353271484375, 361.97564697265625, 364.96661376953125, 305.14739990234375, 358.98468017578125, 302.15643310546875, 364.96661376953125, 358.98468017578125], "total_seen_unseen_ids": [1.0, 1.0, 1.0, 1.0, 1.0, 1.0, 1.0, 1.0], "domain_ids": [121.0, 123.0, 122.0, 120.0, 122.0, 120.0, 123.0, 122.0]}}