{"CALCE": {"mapes": [0.44429761566787923, 0.09752496260045325], "Useable_cycle_number": [100.0, 100.0], "total_references": [829.0, 590.0000610351562], "total_preds": [460.6772766113281, 532.4603271484375], "total_seen_unseen_ids": [1.0, 1.0], "domain_ids": [3.0, 4.0]}}