{"ISU_ILCC": {"mapes": [0.0779797612109649, 0.03540046920260702, 0.04389762421642986, 0.10244229074938205, 0.18586722340413242, 0.0863402489902211, 0.04369441206737231, 0.30413212336546985, 0.03767003655777197, 0.13054426550959508, 0.13569837953140154, 0.09047043689686599, 0.026383904135151275, 0.28603838356793143, 0.1106902011725364, 0.1245554696142146, 1.2229581681143, 0.06201610906680803, 0.22661835990074025, 0.006847608799471003, 0.23009392049101413, 0.051900256978671115, 0.2154969138262944, 1.6618938537305623, 0.7627553568257914, 0.0046331316187594555, 0.39718291739587525, 0.18635355861138544, 0.06791942314415127, 0.07762985436250847, 0.09422877560836107, 0.1561317754396545, 0.017086382993717782, 0.04459992396037244, 0.16645966013386462, 0.058526311155225406, 0.05206989589103158, 0.11791389131156513, 0.7109733340835048, 0.12395204816545759, 0.10234628702383358, 0.16627246184672176, 0.219999443223185, 0.2282861328125, 0.21222656708049953, 0.17878196884125822, 0.36865478154470227, 0.0683374297752809], "Useable_cycle_number": [20.0, 20.0, 20.0, 20.0, 20.0, 20.0, 20.0, 20.0, 20.0, 20.0, 20.0, 20.0, 20.0, 20.0, 20.0, 20.0, 20.0, 20.0, 20.0, 20.0, 20.0, 20.0, 20.0, 20.0, 20.0, 20.0, 20.0, 20.0, 20.0, 20.0, 20.0, 20.0, 20.0, 20.0, 20.0, 20.0, 20.0, 20.0, 20.0, 20.0, 20.0, 20.0, 20.0, 20.0, 20.0, 20.0, 20.0, 20.0], "total_references": [444.0000305175781, 3107.0, 169.00006103515625, 445.0000305175781, 420.0000305175781, 735.0, 930.0, 705.0, 694.0, 3791.0, 1031.0, 250.00006103515625, 2512.0, 817.0, 2953.0, 791.0, 993.0, 507.0000305175781, 743.0, 957.0, 779.0, 590.0000610351562, 2646.0, 836.0, 308.0, 661.0, 334.00006103515625, 886.0, 514.0, 738.0, 3005.0, 553.0000610351562, 1164.0, 504.0000305175781, 698.0, 1220.0, 499.0000305175781, 487.00006103515625, 729.0, 560.0, 190.00006103515625, 653.0000610351562, 1219.0, 1500.0, 533.0, 408.00006103515625, 676.0, 3204.0], "total_preds": [478.623046875, 2997.0107421875, 161.58135986328125, 490.58685302734375, 498.06427001953125, 671.5399169921875, 970.6358032226562, 490.58685302734375, 720.1430053710938, 3296.106689453125, 891.094970703125, 227.3824462890625, 2578.2763671875, 583.306640625, 2626.1318359375, 692.4766235351562, 2207.3974609375, 538.4421997070312, 911.37744140625, 950.4468383789062, 599.7568359375, 559.37890625, 2075.795166015625, 2225.34326171875, 542.9286499023438, 664.0625, 466.6591796875, 720.8907470703125, 548.9105834960938, 795.2908325195312, 2721.842529296875, 466.6591796875, 1144.1114501953125, 526.4783935546875, 581.8111572265625, 1148.597900390625, 524.98291015625, 544.4241333007812, 1247.299560546875, 490.58685302734375, 170.55426025390625, 544.4241333007812, 950.8206787109375, 1157.57080078125, 646.1167602539062, 335.0570068359375, 925.2106323242188, 2985.046875], "total_seen_unseen_ids": [1.0, 0.0, 0.0, 1.0, 1.0, 0.0, 0.0, 0.0, 0.0, 0.0, 0.0, 1.0, 0.0, 0.0, 0.0, 0.0, 0.0, 1.0, 0.0, 0.0, 0.0, 0.0, 0.0, 0.0, 1.0, 0.0, 0.0, 0.0, 1.0, 0.0, 0.0, 0.0, 0.0, 0.0, 1.0, 0.0, 1.0, 1.0, 0.0, 0.0, 0.0, 1.0, 0.0, 0.0, 0.0, 0.0, 0.0, 0.0], "domain_ids": [263.0, 358.0, 245.0, 299.0, 263.0, 309.0, 367.0, 216.0, 308.0, 219.0, 207.0, 355.0, 379.0, 337.0, 304.0, 227.0, 317.0, 303.0, 205.0, 206.0, 349.0, 394.0, 293.0, 235.0, 261.0, 353.0, 216.0, 208.0, 261.0, 362.0, 359.0, 216.0, 386.0, 246.0, 301.0, 375.0, 262.0, 301.0, 373.0, 225.0, 243.0, 301.0, 364.0, 292.0, 211.0, 382.0, 238.0, 201.0]}}