{"Tongji": {"mapes": [0.06947149054574993, 0.666757803239607, 0.18405805315290177, 0.10743768289512194, 0.04976698574168588, 0.012212493376472929, 0.010174020479386202, 0.002346127807131458, 0.0023998892072836916, 0.2219129941165971, 0.06560960589767997, 0.17203818153982467, 0.007271217597946735, 0.09199678201379191, 0.031743807456800124, 0.06377663058892216, 0.6035748446147075, 0.11191169984879032], "Useable_cycle_number": [20.0, 20.0, 20.0, 20.0, 20.0, 20.0, 20.0, 20.0, 20.0, 20.0, 20.0, 20.0, 20.0, 20.0, 20.0, 20.0, 20.0, 20.0], "total_references": [389.00006103515625, 440.00006103515625, 308.0, 127.00006103515625, 425.0000305175781, 201.00006103515625, 408.00006103515625, 385.0000305175781, 197.00006103515625, 569.0, 413.00006103515625, 120.00006103515625, 452.0000305175781, 481.00006103515625, 414.0000305175781, 419.00006103515625, 222.00006103515625, 155.0], "total_preds": [361.97564697265625, 146.6265869140625, 251.31011962890625, 140.6446533203125, 403.84906005859375, 203.45477294921875, 403.84906005859375, 385.9032897949219, 197.47283935546875, 442.73150634765625, 385.9032897949219, 140.6446533203125, 448.71343994140625, 436.7496032714844, 400.85809326171875, 445.72247314453125, 355.99371337890625, 137.6536865234375], "total_seen_unseen_ids": [1.0, 1.0, 1.0, 1.0, 1.0, 1.0, 1.0, 1.0, 1.0, 1.0, 1.0, 1.0, 1.0, 1.0, 1.0, 1.0, 1.0, 1.0], "domain_ids": [129.0, 129.0, 130.0, 126.0, 132.0, 125.0, 132.0, 132.0, 125.0, 131.0, 132.0, 126.0, 135.0, 133.0, 132.0, 131.0, 130.0, 126.0]}}