{"RWTH": {"mapes": [0.3079478958460253, 1.4282936273619186e-05, 0.03285671171407885, 0.06388102370451433, 0.13296368062417654, 0.06781800499913435, 0.005782619489920023, 0.09453454919763514, 0.013514185386588147], "Useable_cycle_number": [20.0, 20.0, 20.0, 20.0, 20.0, 20.0, 20.0, 20.0, 20.0], "total_references": [510.0000305175781, 688.0, 669.0, 627.0000610351562, 759.0, 722.0, 695.0000610351562, 740.0, 658.0], "total_preds": [667.053466796875, 687.9901733398438, 690.9811401367188, 667.053466796875, 658.08056640625, 673.035400390625, 690.9811401367188, 670.04443359375, 649.107666015625], "total_seen_unseen_ids": [1.0, 1.0, 1.0, 1.0, 1.0, 1.0, 1.0, 1.0, 1.0], "domain_ids": [124.0, 124.0, 124.0, 124.0, 124.0, 124.0, 124.0, 124.0, 124.0]}}