{"HUST": {"mapes": [0.05271011782470341, 0.2019178913874139, 0.018186164867997106, 0.26395788344564036, 0.10974862036466236, 0.2360296380029966, 0.14662137477517986, 0.013531211196192054, 0.11794513204823369, 0.047812708484958756, 0.09538633765243902, 0.06952268038374795, 0.11665783110119048, 0.12657161160203206, 0.0872042021989717], "Useable_cycle_number": [20.0, 20.0, 20.0, 20.0, 20.0, 20.0, 20.0, 20.0, 20.0, 20.0, 20.0, 20.0, 20.0, 20.0, 20.0], "total_references": [2023.0, 1742.0, 1901.0, 1382.0, 1318.0, 1752.0, 1946.0, 1812.0, 2116.0, 2061.0, 2255.0, 1829.0, 2100.0, 1747.0, 2261.0], "total_preds": [2129.632568359375, 2093.740966796875, 1866.4281005859375, 1746.789794921875, 1462.648681640625, 2165.52392578125, 2231.3251953125, 1836.5185546875, 1866.4281005859375, 2159.5419921875, 2039.90380859375, 1956.156982421875, 2344.9814453125, 1968.12060546875, 2063.831298828125], "total_seen_unseen_ids": [0.0, 0.0, 0.0, 0.0, 0.0, 0.0, 0.0, 0.0, 0.0, 0.0, 0.0, 0.0, 0.0, 0.0, 0.0], "domain_ids": [472.0, 478.0, 479.0, 465.0, 455.0, 453.0, 471.0, 432.0, 467.0, 475.0, 450.0, 426.0, 462.0, 438.0, 421.0]}}