{"NAion": {"mapes": [0.5254836584450765, 0.07737158488898999, 0.019687858500286086, 0.5310080158727809, 0.19148808713102713], "Useable_cycle_number": [100.0, 100.0, 100.0, 100.0, 100.0], "total_references": [102.00006103515625, 227.00006103515625, 235.00006103515625, 268.00006103515625, 108.00006103515625], "total_preds": [155.59942626953125, 209.43670654296875, 230.3734130859375, 125.68988037109375, 128.6807861328125], "total_seen_unseen_ids": [1.0, 1.0, 1.0, 0.0, 0.0], "domain_ids": [407.0, 402.0, 407.0, 401.0, 401.0]}}