{"CALCE": {"mapes": [0.20256751121456573, 0.09764775704617185], "Useable_cycle_number": [100.0, 100.0], "total_references": [829.0, 590.0000610351562], "total_preds": [661.071533203125, 647.6122436523438], "total_seen_unseen_ids": [1.0, 1.0], "domain_ids": [3.0, 4.0]}}