{"ZN-coin2024": {"mapes": [0.3807811517825072, 0.005948616631199617, 0.49533327435719876, 0.028424648626664648, 0.12227865365835336, 0.011078671090209382, 0.4277686567848653, 0.027983300372627258, 0.7317953260586006, 0.21387199571986756, 0.6287407410773007, 0.08814902870701374, 0.7456572189160374, 0.05936178866399516, 1.7836879391467244, 0.14446249557662028, 0.7545166015625, 0.13843969243844123, 0.08310425786815367, 0.7455073657540492], "Useable_cycle_number": [20.0, 20.0, 20.0, 20.0, 20.0, 20.0, 20.0, 20.0, 20.0, 20.0, 20.0, 20.0, 20.0, 20.0, 20.0, 20.0, 20.0, 20.0, 20.0, 20.0], "total_references": [174.0, 119.00006103515625, 415.0000305175781, 1239.0, 104.0, 115.00006103515625, 366.00006103515625, 117.00006103515625, 569.0, 175.00006103515625, 403.0000305175781, 128.00006103515625, 894.0, 113.00006103515625, 447.0000305175781, 183.00006103515625, 975.0, 132.00006103515625, 105.00006103515625, 1011.0], "total_preds": [107.74407958984375, 119.70794677734375, 209.43670654296875, 1274.2181396484375, 116.71697998046875, 113.72601318359375, 209.43670654296875, 113.72601318359375, 152.60845947265625, 212.42767333984375, 149.61749267578125, 116.71697998046875, 227.3824462890625, 119.70794677734375, 1244.30859375, 209.43670654296875, 239.3463134765625, 113.72601318359375, 113.72601318359375, 257.29205322265625], "total_seen_unseen_ids": [1.0, 1.0, 0.0, 1.0, 1.0, 1.0, 0.0, 1.0, 1.0, 0.0, 1.0, 0.0, 1.0, 1.0, 1.0, 0.0, 1.0, 0.0, 0.0, 1.0], "domain_ids": [568.0, 497.0, 555.0, 526.0, 506.0, 499.0, 537.0, 512.0, 538.0, 536.0, 539.0, 548.0, 523.0, 565.0, 566.0, 558.0, 519.0, 509.0, 513.0, 522.0]}}