{"ZN-coin42": {"mapes": [1.9777322054710846, 1.6644576728003087, 0.11254667608992958, 0.21817355904446004, 0.28585320009640774, 0.3202219524177387, 0.3445379573903517, 2.0899977042113314, 0.07306784043932175, 0.146660014234923, 0.15311752284757402, 0.37034193377628505, 0.19116285533890376, 0.20702139870964564, 0.3555956015242503, 0.036617479285834455, 0.08594152872318482], "Useable_cycle_number": [20.0, 20.0, 20.0, 20.0, 20.0, 20.0, 20.0, 20.0, 20.0, 20.0, 20.0, 20.0, 20.0, 20.0, 20.0, 20.0, 20.0], "total_references": [447.0000305175781, 183.00006103515625, 145.00006103515625, 113.00006103515625, 176.00006103515625, 102.00006103515625, 137.00006103515625, 197.00006103515625, 892.0, 1169.0, 109.00006103515625, 107.0, 148.00006103515625, 119.00006103515625, 817.0, 1486.0, 606.0], "total_preds": [1331.04638671875, 487.5959167480469, 128.6807861328125, 137.6536865234375, 125.68988037109375, 134.6627197265625, 89.79833984375, 608.729736328125, 957.176513671875, 997.554443359375, 125.68988037109375, 146.6265869140625, 119.70794677734375, 143.6356201171875, 526.4783935546875, 1540.41357421875, 658.08056640625], "total_seen_unseen_ids": [1.0, 1.0, 1.0, 1.0, 0.0, 1.0, 1.0, 1.0, 1.0, 1.0, 0.0, 1.0, 0.0, 0.0, 1.0, 1.0, 1.0], "domain_ids": [566.0, 558.0, 564.0, 565.0, 502.0, 494.0, 579.0, 551.0, 563.0, 527.0, 514.0, 567.0, 501.0, 503.0, 520.0, 528.0, 525.0]}}