{"CALB42": {"mapes": [0.1376634530141844, 0.18216333532360943, 0.0069540148583528034, 0.10264126524633291, 0.053721187090632894], "Useable_cycle_number": [20.0, 20.0, 20.0, 20.0, 20.0], "total_references": [1410.0, 161.00006103515625, 107.0, 980.0, 792.0], "total_preds": [1215.89453125, 131.6717529296875, 107.74407958984375, 879.4115600585938, 834.5471801757812], "total_seen_unseen_ids": [1.0, 1.0, 1.0, 0.0, 0.0], "domain_ids": [398.0, 396.0, 396.0, 397.0, 397.0]}}