{"NAion42": {"mapes": [0.25321803780943375, 0.5756493011817816, 0.08071216684289616, 0.009280226720767988, 0.24494713187611464], "Useable_cycle_number": [20.0, 20.0, 20.0, 20.0, 20.0], "total_references": [117.00006103515625, 268.00006103515625, 108.00006103515625, 148.00006103515625, 214.00006103515625], "total_preds": [146.6265869140625, 113.72601318359375, 116.71697998046875, 146.6265869140625, 161.58135986328125], "total_seen_unseen_ids": [1.0, 0.0, 0.0, 1.0, 1.0], "domain_ids": [405.0, 401.0, 401.0, 407.0, 404.0]}}