{"Stanford": {"mapes": [0.07354089136419249, 0.010811971487902089, 0.08905404593952265, 0.12109125452512777, 0.1747846743410991, 0.0328797789203025, 0.24277183477827113, 0.008133299307150533], "Useable_cycle_number": [20.0, 20.0, 20.0, 20.0, 20.0, 20.0, 20.0, 20.0], "total_references": [613.0, 886.0, 618.0, 587.0, 613.0, 682.0000610351562, 556.0, 668.0000610351562], "total_preds": [658.08056640625, 876.4205932617188, 673.035400390625, 658.08056640625, 720.1430053710938, 659.5760498046875, 690.9811401367188, 662.5670166015625], "total_seen_unseen_ids": [1.0, 1.0, 1.0, 1.0, 1.0, 1.0, 1.0, 1.0], "domain_ids": [141.0, 148.0, 143.0, 141.0, 144.0, 142.0, 139.0, 136.0]}}