{"MICH_EXP": {"mapes": [0.07688068219591282], "Useable_cycle_number": [20.0], "total_references": [269.00006103515625], "total_preds": [248.31915283203125], "total_seen_unseen_ids": [1.0], "domain_ids": [108.0]}}