{"MATR": {"mapes": [0.01205005613162638, 0.30013326859186396, 0.19829540437466361, 0.13579474388084975, 0.05319871319835209, 0.042976928915410384, 0.0013361662019359592, 0.03992381762432796, 0.020172119140625, 0.18424304950971407, 0.06460302893424268, 0.08910467122115008, 0.13406732347276476, 0.19007681758025957, 0.10609132897276712, 0.03595540882928609, 0.019379566943227764, 0.04644243549014523, 0.016595334422831634, 0.06732537447273051, 0.036422497487207606, 0.06345641368345839, 0.004157163946901973, 0.11558291340844704, 0.03888527378661867, 0.04467028750186902, 0.07864550301235944, 0.009125899133765804, 0.031293258419109835, 0.03822779867852938, 0.007056612023539564, 0.12899535752224076, 0.06524401513215537], "Useable_cycle_number": [20.0, 20.0, 20.0, 20.0, 20.0, 20.0, 20.0, 20.0, 20.0, 20.0, 20.0, 20.0, 20.0, 20.0, 20.0, 20.0, 20.0, 20.0, 20.0, 20.0, 20.0, 20.0, 20.0, 20.0, 20.0, 20.0, 20.0, 20.0, 20.0, 20.0, 20.0, 20.0, 20.0], "total_references": [501.00006103515625, 2154.0, 1858.0, 1015.0, 622.0, 597.0, 933.0, 930.0, 648.0, 1705.0, 614.0, 826.0000610351562, 1152.0, 915.0, 599.0, 942.0, 742.0, 964.0, 784.0, 526.0, 855.0, 706.0000610351562, 811.0, 1081.0, 1007.0, 836.0, 500.0000305175781, 827.0000610351562, 467.0000305175781, 461.0000305175781, 476.00006103515625, 465.00006103515625, 856.0], "total_preds": [507.0371398925781, 1507.512939453125, 1489.567138671875, 877.1683349609375, 655.089599609375, 571.3427734375, 931.7533569335938, 892.870849609375, 661.071533203125, 1390.8656005859375, 574.333740234375, 899.6005249023438, 997.554443359375, 741.0797119140625, 535.4512939453125, 975.8699951171875, 727.620361328125, 1008.7705078125, 770.9892578125, 490.58685302734375, 886.1412353515625, 750.80029296875, 807.6285400390625, 956.0548706054688, 1046.157470703125, 798.6556396484375, 460.6772766113281, 834.5471801757812, 481.6139831542969, 478.623046875, 472.64111328125, 524.98291015625, 800.151123046875], "total_seen_unseen_ids": [0.0, 0.0, 0.0, 0.0, 0.0, 0.0, 0.0, 0.0, 0.0, 0.0, 0.0, 0.0, 0.0, 0.0, 1.0, 1.0, 1.0, 0.0, 0.0, 0.0, 0.0, 1.0, 0.0, 1.0, 0.0, 1.0, 1.0, 1.0, 0.0, 0.0, 0.0, 0.0, 1.0], "domain_ids": [55.0, 16.0, 16.0, 29.0, 36.0, 39.0, 81.0, 82.0, 35.0, 17.0, 39.0, 82.0, 82.0, 31.0, 14.0, 10.0, 8.0, 37.0, 82.0, 58.0, 85.0, 11.0, 80.0, 8.0, 80.0, 8.0, 14.0, 7.0, 60.0, 76.0, 48.0, 75.0, 7.0]}}