{"CALCE": {"mapes": [0.19535166852005428, 0.0823167618763281], "Useable_cycle_number": [20.0, 20.0], "total_references": [829.0, 590.0000610351562], "total_preds": [667.053466796875, 541.4331665039062], "total_seen_unseen_ids": [1.0, 1.0], "domain_ids": [3.0, 4.0]}}