{"MICH": {"mapes": [0.04489202053024729, 0.0248544556246669, 0.22102042487140883, 0.15019280913991573, 0.07659280920279295, 0.09597329664886634, 0.0710455529390752, 0.06466248468108385], "Useable_cycle_number": [20.0, 20.0, 20.0, 20.0, 20.0, 20.0, 20.0, 20.0], "total_references": [272.00006103515625, 362.00006103515625, 457.00006103515625, 345.00006103515625, 392.0000305175781, 321.00006103515625, 380.00006103515625, 387.0000305175781], "total_preds": [284.210693359375, 353.00274658203125, 355.99371337890625, 293.18353271484375, 361.97564697265625, 290.192626953125, 353.00274658203125, 361.97564697265625], "total_seen_unseen_ids": [1.0, 1.0, 1.0, 1.0, 1.0, 1.0, 1.0, 1.0], "domain_ids": [121.0, 123.0, 122.0, 120.0, 122.0, 120.0, 123.0, 122.0]}}