{"ISU_ILCC": {"mapes": [0.04429777373595547, 0.08160779527578854, 0.04459212458968318, 0.04867224198778186, 0.11821455323613098, 0.18400430484693878, 0.02278987105174731, 0.3126170922678413, 0.10993856380583573, 0.19366134687829728, 0.01905326954261639, 0.09047043689686599, 0.09306131350766321, 0.24576847818811198, 0.10663885574521673, 0.08296182393726295, 1.0422355905400302, 0.041368530913371795, 0.4593435213029946, 0.15020120554956898, 0.10627043384948652, 0.08738619660083871, 0.06628805493551587, 1.8193125747607655, 0.6947790368810877, 0.16278824106467474, 0.34345316749560556, 0.38046209537686937, 0.030096031812378406, 0.016090951314786585, 0.09422877560836107, 0.18317476151315518, 0.11087508054123711, 0.005842844291393686, 0.20502513459213825, 0.036461902055584014, 0.016860074099610715, 0.04421470134950343, 0.6535338099601338, 0.1644618443080357, 0.007895055543580533, 0.21665613740218137, 0.2282803968096288, 0.19040071614583334, 0.08596658617202158, 0.09081266952025925, 0.21573309362287352, 0.05713530694054307], "Useable_cycle_number": [20.0, 20.0, 20.0, 20.0, 20.0, 20.0, 20.0, 20.0, 20.0, 20.0, 20.0, 20.0, 20.0, 20.0, 20.0, 20.0, 20.0, 20.0, 20.0, 20.0, 20.0, 20.0, 20.0, 20.0, 20.0, 20.0, 20.0, 20.0, 20.0, 20.0, 20.0, 20.0, 20.0, 20.0, 20.0, 20.0, 20.0, 20.0, 20.0, 20.0, 20.0, 20.0, 20.0, 20.0, 20.0, 20.0, 20.0, 20.0], "total_references": [444.0000305175781, 3107.0, 169.00006103515625, 445.0000305175781, 420.0000305175781, 735.0, 930.0, 705.0, 694.0, 3791.0, 1031.0, 250.00006103515625, 2512.0, 817.0, 2953.0, 791.0, 993.0, 507.0000305175781, 743.0, 957.0, 779.0, 590.0000610351562, 2646.0, 836.0, 308.0, 661.0, 334.00006103515625, 886.0, 514.0, 738.0, 3005.0, 553.0000610351562, 1164.0, 504.0000305175781, 698.0, 1220.0, 499.0000305175781, 487.00006103515625, 729.0, 560.0, 190.00006103515625, 653.0000610351562, 1219.0, 1500.0, 533.0, 408.00006103515625, 676.0, 3204.0], "total_preds": [463.6682434082031, 2853.444580078125, 176.5361328125, 466.6591796875, 469.650146484375, 599.7568359375, 951.194580078125, 484.6049499511719, 617.70263671875, 3056.829833984375, 1050.6439208984375, 227.3824462890625, 2745.77001953125, 616.2071533203125, 2638.095458984375, 725.377197265625, 2027.93994140625, 527.973876953125, 1084.292236328125, 1100.7425537109375, 696.21533203125, 538.4421997070312, 2470.601806640625, 2356.9453125, 521.991943359375, 553.39697265625, 448.71343994140625, 548.9105834960938, 529.4693603515625, 726.1248779296875, 2721.842529296875, 451.70440673828125, 1034.94140625, 501.05523681640625, 554.8924560546875, 1175.5164794921875, 490.58685302734375, 508.5326232910156, 1205.4261474609375, 652.0986328125, 188.5, 511.5235900878906, 940.7261962890625, 1214.39892578125, 578.8201904296875, 370.948486328125, 821.8355712890625, 3020.9384765625], "total_seen_unseen_ids": [1.0, 0.0, 0.0, 1.0, 1.0, 0.0, 0.0, 0.0, 0.0, 0.0, 0.0, 1.0, 0.0, 0.0, 0.0, 0.0, 0.0, 1.0, 0.0, 0.0, 0.0, 0.0, 0.0, 0.0, 1.0, 0.0, 0.0, 0.0, 1.0, 0.0, 0.0, 0.0, 0.0, 0.0, 1.0, 0.0, 1.0, 1.0, 0.0, 0.0, 0.0, 1.0, 0.0, 0.0, 0.0, 0.0, 0.0, 0.0], "domain_ids": [263.0, 358.0, 245.0, 299.0, 263.0, 309.0, 367.0, 216.0, 308.0, 219.0, 207.0, 355.0, 379.0, 337.0, 304.0, 227.0, 317.0, 303.0, 205.0, 206.0, 349.0, 394.0, 293.0, 235.0, 261.0, 353.0, 216.0, 208.0, 261.0, 362.0, 359.0, 216.0, 386.0, 246.0, 301.0, 375.0, 262.0, 301.0, 373.0, 225.0, 243.0, 301.0, 364.0, 292.0, 211.0, 382.0, 238.0, 201.0]}}