{"MATR": {"mapes": [0.03592996673523476, 0.34734433031569173, 0.25141786836063645, 0.1707874918218904, 0.07002891221613745, 0.00790706870943258, 0.018166365219721328, 0.02263734879032258, 0.016753302680121526, 0.2017853051686217, 0.030504158343088356, 0.09634672104164689, 0.10291152530246311, 0.11979747000939207, 0.0012634990609348914, 0.027223817861763536, 0.011317661830357142, 0.13874645945442168, 0.0015259567572146046, 0.0037526177816064638, 0.02592787714729532, 0.1450087986579183, 0.0036961265027743526, 0.134950819553654, 0.00695606826433714, 0.040198148152474585, 0.10257317489177399, 0.03020501980542702, 0.024888684363767677, 0.05769172336194593, 0.07777096047653577, 0.11291489298307121, 0.04427929459331192], "Useable_cycle_number": [20.0, 20.0, 20.0, 20.0, 20.0, 20.0, 20.0, 20.0, 20.0, 20.0, 20.0, 20.0, 20.0, 20.0, 20.0, 20.0, 20.0, 20.0, 20.0, 20.0, 20.0, 20.0, 20.0, 20.0, 20.0, 20.0, 20.0, 20.0, 20.0, 20.0, 20.0, 20.0, 20.0], "total_references": [501.00006103515625, 2154.0, 1858.0, 1015.0, 622.0, 597.0, 933.0, 930.0, 648.0, 1705.0, 614.0, 826.0000610351562, 1152.0, 915.0, 599.0, 942.0, 742.0, 964.0, 784.0, 526.0, 855.0, 706.0000610351562, 811.0, 1081.0, 1007.0, 836.0, 500.0000305175781, 827.0000610351562, 467.0000305175781, 461.0000305175781, 476.00006103515625, 465.00006103515625, 856.0], "total_preds": [519.0009765625, 1405.8203125, 1390.8656005859375, 841.6506958007812, 665.5579833984375, 592.2794799804688, 916.05078125, 908.947265625, 637.1438598632812, 1360.9560546875, 595.2704467773438, 905.5824584960938, 1033.4459228515625, 805.3853149414062, 599.7568359375, 967.6448364257812, 733.602294921875, 1097.7515869140625, 785.1963500976562, 527.973876953125, 877.1683349609375, 808.3762817382812, 808.00244140625, 935.1181640625, 1014.0047607421875, 802.3943481445312, 448.71343994140625, 802.0205078125, 478.623046875, 487.5959167480469, 513.01904296875, 517.5054931640625, 818.096923828125], "total_seen_unseen_ids": [0.0, 0.0, 0.0, 0.0, 0.0, 0.0, 0.0, 0.0, 0.0, 0.0, 0.0, 0.0, 0.0, 0.0, 1.0, 1.0, 1.0, 0.0, 0.0, 0.0, 0.0, 1.0, 0.0, 1.0, 0.0, 1.0, 1.0, 1.0, 0.0, 0.0, 0.0, 0.0, 1.0], "domain_ids": [55.0, 16.0, 16.0, 29.0, 36.0, 39.0, 81.0, 82.0, 35.0, 17.0, 39.0, 82.0, 82.0, 31.0, 14.0, 10.0, 8.0, 37.0, 82.0, 58.0, 85.0, 11.0, 80.0, 8.0, 80.0, 8.0, 14.0, 7.0, 60.0, 76.0, 48.0, 75.0, 7.0]}}