{"CALB2024": {"mapes": [0.009176014924736945, 0.09481831629394716, 0.011266605437748016, 0.24915313720703125, 0.015623692103794643], "Useable_cycle_number": [20.0, 20.0, 20.0, 20.0, 20.0], "total_references": [1283.0, 123.00006103515625, 1260.0, 792.0, 980.0], "total_preds": [1271.2271728515625, 134.6627197265625, 1245.8040771484375, 989.3292846679688, 995.3112182617188], "total_seen_unseen_ids": [1.0, 1.0, 1.0, 0.0, 0.0], "domain_ids": [398.0, 396.0, 398.0, 397.0, 397.0]}}