{"SNL": {"mapes": [0.46543231764509024, 0.10776796445741758, 0.06232763265077822, 0.23475535446623236, 0.04559002277524121, 0.1263617855562047, 0.08671460862873626, 0.018061904261449515, 0.29778375978087585, 0.029750331386073574], "Useable_cycle_number": [20.0, 20.0, 20.0, 20.0, 20.0, 20.0, 20.0, 20.0, 20.0, 20.0], "total_references": [147.00006103515625, 637.0, 335.00006103515625, 602.0, 2902.0, 250.00006103515625, 523.0000610351562, 3308.0, 3842.0, 333.0], "total_preds": [215.41864013671875, 568.351806640625, 314.12030029296875, 460.6772766113281, 2769.69775390625, 218.40960693359375, 568.351806640625, 3248.251220703125, 2697.914794921875, 323.0931396484375], "total_seen_unseen_ids": [1.0, 1.0, 1.0, 1.0, 1.0, 1.0, 1.0, 1.0, 1.0, 0.0], "domain_ids": [100.0, 106.0, 96.0, 105.0, 89.0, 93.0, 106.0, 90.0, 91.0, 95.0]}}