{"MICH_EXP": {"mapes": [0.15471228737250972, 0.15471228737250972, 0.15471228737250972, 0.15471228737250972, 0.1435934542192187, 0.1435934542192187, 0.1435934542192187, 0.13247462106592772, 0.13247462106592772, 0.12135578791263671, 0.12135578791263671, 0.13247462106592772, 0.13247462106592772, 0.13247462106592772, 0.13247462106592772, 0.12135578791263671, 0.12135578791263671, 0.12135578791263671, 0.13247462106592772, 0.1435934542192187, 0.13247462106592772, 0.13247462106592772, 0.13247462106592772, 0.1102369547593457, 0.13247462106592772, 0.13247462106592772, 0.1435934542192187, 0.1435934542192187, 0.1435934542192187, 0.1435934542192187, 0.1435934542192187, 0.1435934542192187, 0.13247462106592772, 0.13247462106592772, 0.13247462106592772, 0.1435934542192187, 0.15471228737250972, 0.1435934542192187, 0.15471228737250972, 0.1435934542192187, 0.15471228737250972, 0.15471228737250972, 0.1435934542192187, 0.1435934542192187, 0.13247462106592772, 0.13247462106592772, 0.13247462106592772, 0.12135578791263671, 0.12135578791263671, 0.12135578791263671, 0.1102369547593457, 0.12135578791263671, 0.1435934542192187, 0.13247462106592772, 0.13247462106592772, 0.15471228737250972, 0.1435934542192187, 0.13247462106592772, 0.13247462106592772, 0.13247462106592772, 0.13247462106592772, 0.13247462106592772, 0.1435934542192187, 0.15471228737250972, 0.15471228737250972, 0.15471228737250972, 0.13247462106592772, 0.12135578791263671, 0.13247462106592772, 0.13247462106592772, 0.13247462106592772, 0.13247462106592772, 0.12135578791263671, 0.1102369547593457, 0.12135578791263671, 0.1102369547593457, 0.1102369547593457, 0.13247462106592772, 0.13247462106592772, 0.13247462106592772, 0.13247462106592772, 0.13247462106592772, 0.1435934542192187, 0.1435934542192187, 0.1435934542192187, 0.1435934542192187, 0.1435934542192187, 0.15471228737250972, 0.1435934542192187, 0.1435934542192187, 0.13247462106592772, 0.1435934542192187, 0.13247462106592772, 0.13247462106592772, 0.1435934542192187, 0.1435934542192187, 0.13247462106592772, 0.12135578791263671, 0.12135578791263671, 0.12135578791263671], "total_references": [269.00006103515625, 269.00006103515625, 269.00006103515625, 269.00006103515625, 269.00006103515625, 269.00006103515625, 269.00006103515625, 269.00006103515625, 269.00006103515625, 269.00006103515625, 269.00006103515625, 269.00006103515625, 269.00006103515625, 269.00006103515625, 269.00006103515625, 269.00006103515625, 269.00006103515625, 269.00006103515625, 269.00006103515625, 269.00006103515625, 269.00006103515625, 269.00006103515625, 269.00006103515625, 269.00006103515625, 269.00006103515625, 269.00006103515625, 269.00006103515625, 269.00006103515625, 269.00006103515625, 269.00006103515625, 269.00006103515625, 269.00006103515625, 269.00006103515625, 269.00006103515625, 269.00006103515625, 269.00006103515625, 269.00006103515625, 269.00006103515625, 269.00006103515625, 269.00006103515625, 269.00006103515625, 269.00006103515625, 269.00006103515625, 269.00006103515625, 269.00006103515625, 269.00006103515625, 269.00006103515625, 269.00006103515625, 269.00006103515625, 269.00006103515625, 269.00006103515625, 269.00006103515625, 269.00006103515625, 269.00006103515625, 269.00006103515625, 269.00006103515625, 269.00006103515625, 269.00006103515625, 269.00006103515625, 269.00006103515625, 269.00006103515625, 269.00006103515625, 269.00006103515625, 269.00006103515625, 269.00006103515625, 269.00006103515625, 269.00006103515625, 269.00006103515625, 269.00006103515625, 269.00006103515625, 269.00006103515625, 269.00006103515625, 269.00006103515625, 269.00006103515625, 269.00006103515625, 269.00006103515625, 269.00006103515625, 269.00006103515625, 269.00006103515625, 269.00006103515625, 269.00006103515625, 269.00006103515625, 269.00006103515625, 269.00006103515625, 269.00006103515625, 269.00006103515625, 269.00006103515625, 269.00006103515625, 269.00006103515625, 269.00006103515625, 269.00006103515625, 269.00006103515625, 269.00006103515625, 269.00006103515625, 269.00006103515625, 269.00006103515625, 269.00006103515625, 269.00006103515625, 269.00006103515625, 269.00006103515625], "total_preds": [227.3824462890625, 227.3824462890625, 227.3824462890625, 227.3824462890625, 230.3734130859375, 230.3734130859375, 230.3734130859375, 233.3643798828125, 233.3643798828125, 236.3553466796875, 236.3553466796875, 233.3643798828125, 233.3643798828125, 233.3643798828125, 233.3643798828125, 236.3553466796875, 236.3553466796875, 236.3553466796875, 233.3643798828125, 230.3734130859375, 233.3643798828125, 233.3643798828125, 233.3643798828125, 239.3463134765625, 233.3643798828125, 233.3643798828125, 230.3734130859375, 230.3734130859375, 230.3734130859375, 230.3734130859375, 230.3734130859375, 230.3734130859375, 233.3643798828125, 233.3643798828125, 233.3643798828125, 230.3734130859375, 227.3824462890625, 230.3734130859375, 227.3824462890625, 230.3734130859375, 227.3824462890625, 227.3824462890625, 230.3734130859375, 230.3734130859375, 233.3643798828125, 233.3643798828125, 233.3643798828125, 236.3553466796875, 236.3553466796875, 236.3553466796875, 239.3463134765625, 236.3553466796875, 230.3734130859375, 233.3643798828125, 233.3643798828125, 227.3824462890625, 230.3734130859375, 233.3643798828125, 233.3643798828125, 233.3643798828125, 233.3643798828125, 233.3643798828125, 230.3734130859375, 227.3824462890625, 227.3824462890625, 227.3824462890625, 233.3643798828125, 236.3553466796875, 233.3643798828125, 233.3643798828125, 233.3643798828125, 233.3643798828125, 236.3553466796875, 239.3463134765625, 236.3553466796875, 239.3463134765625, 239.3463134765625, 233.3643798828125, 233.3643798828125, 233.3643798828125, 233.3643798828125, 233.3643798828125, 230.3734130859375, 230.3734130859375, 230.3734130859375, 230.3734130859375, 230.3734130859375, 227.3824462890625, 230.3734130859375, 230.3734130859375, 233.3643798828125, 230.3734130859375, 233.3643798828125, 233.3643798828125, 230.3734130859375, 230.3734130859375, 233.3643798828125, 236.3553466796875, 236.3553466796875, 236.3553466796875], "total_seen_unseen_ids": [1.0, 1.0, 1.0, 1.0, 1.0, 1.0, 1.0, 1.0, 1.0, 1.0, 1.0, 1.0, 1.0, 1.0, 1.0, 1.0, 1.0, 1.0, 1.0, 1.0, 1.0, 1.0, 1.0, 1.0, 1.0, 1.0, 1.0, 1.0, 1.0, 1.0, 1.0, 1.0, 1.0, 1.0, 1.0, 1.0, 1.0, 1.0, 1.0, 1.0, 1.0, 1.0, 1.0, 1.0, 1.0, 1.0, 1.0, 1.0, 1.0, 1.0, 1.0, 1.0, 1.0, 1.0, 1.0, 1.0, 1.0, 1.0, 1.0, 1.0, 1.0, 1.0, 1.0, 1.0, 1.0, 1.0, 1.0, 1.0, 1.0, 1.0, 1.0, 1.0, 1.0, 1.0, 1.0, 1.0, 1.0, 1.0, 1.0, 1.0, 1.0, 1.0, 1.0, 1.0, 1.0, 1.0, 1.0, 1.0, 1.0, 1.0, 1.0, 1.0, 1.0, 1.0, 1.0, 1.0, 1.0, 1.0, 1.0, 1.0], "domain_ids": [364.0, 364.0, 364.0, 364.0, 364.0, 364.0, 364.0, 364.0, 364.0, 364.0, 364.0, 364.0, 364.0, 364.0, 364.0, 364.0, 364.0, 364.0, 364.0, 364.0, 364.0, 364.0, 364.0, 364.0, 364.0, 364.0, 364.0, 364.0, 364.0, 364.0, 364.0, 364.0, 364.0, 364.0, 364.0, 364.0, 364.0, 364.0, 364.0, 364.0, 364.0, 364.0, 364.0, 364.0, 364.0, 364.0, 364.0, 364.0, 364.0, 364.0, 364.0, 364.0, 364.0, 364.0, 364.0, 364.0, 364.0, 364.0, 364.0, 364.0, 364.0, 364.0, 364.0, 364.0, 364.0, 364.0, 364.0, 364.0, 364.0, 364.0, 364.0, 364.0, 364.0, 364.0, 364.0, 364.0, 364.0, 364.0, 364.0, 364.0, 364.0, 364.0, 364.0, 364.0, 364.0, 364.0, 364.0, 364.0, 364.0, 364.0, 364.0, 364.0, 364.0, 364.0, 364.0, 364.0, 364.0, 364.0, 364.0, 364.0]}}