{"RWTH": {"mapes": [0.3079478958460253, 0.030445542446402615, 0.011851220922085202, 0.05911074219618878, 0.1290230129076087, 0.08024584487534626, 0.04451447240029996, 0.10261824324324324, 0.00466798359137538], "Useable_cycle_number": [20.0, 20.0, 20.0, 20.0, 20.0, 20.0, 20.0, 20.0, 20.0], "total_references": [510.0000305175781, 688.0, 669.0, 627.0000610351562, 759.0, 722.0, 695.0000610351562, 740.0, 658.0], "total_preds": [667.053466796875, 667.053466796875, 661.071533203125, 664.0625, 661.071533203125, 664.0625, 664.0625, 664.0625, 661.071533203125], "total_seen_unseen_ids": [1.0, 1.0, 1.0, 1.0, 1.0, 1.0, 1.0, 1.0, 1.0], "domain_ids": [124.0, 124.0, 124.0, 124.0, 124.0, 124.0, 124.0, 124.0, 124.0]}}