{"HNEI": {"mapes": [0.026477503698499685, 0.045415845245279335], "Useable_cycle_number": [20.0, 20.0], "total_references": [239.00006103515625, 257.00006103515625], "total_preds": [245.32818603515625, 245.32818603515625], "total_seen_unseen_ids": [1.0, 1.0], "domain_ids": [6.0, 6.0]}}