{"HUST": {"mapes": [0.02905442392949827, 0.24312510090772102, 0.06538704957916885, 0.05634755025551737, 0.09675924622415592, 0.061898497141659535, 0.039032891989979446, 0.13832762593991446, 0.2960457756749173, 0.06247974379093887, 0.1378301041089246, 0.002430460634226353, 0.06253580729166666, 0.05466541973740698, 0.12424393071373287], "Useable_cycle_number": [20.0, 20.0, 20.0, 20.0, 20.0, 20.0, 20.0, 20.0, 20.0, 20.0, 20.0, 20.0, 20.0, 20.0, 20.0], "total_references": [2023.0, 1742.0, 1901.0, 1382.0, 1318.0, 1752.0, 1946.0, 1812.0, 2116.0, 2061.0, 2255.0, 1829.0, 2100.0, 1747.0, 2261.0], "total_preds": [2081.777099609375, 2165.52392578125, 1776.69921875, 1304.127685546875, 1190.4713134765625, 1860.4461669921875, 2021.9580078125, 1561.350341796875, 1489.567138671875, 1932.229248046875, 1944.193115234375, 1824.5546875, 2231.3251953125, 1842.50048828125, 1980.08447265625], "total_seen_unseen_ids": [0.0, 0.0, 0.0, 0.0, 0.0, 0.0, 0.0, 0.0, 0.0, 0.0, 0.0, 0.0, 0.0, 0.0, 0.0], "domain_ids": [472.0, 478.0, 479.0, 465.0, 455.0, 453.0, 471.0, 432.0, 467.0, 475.0, 450.0, 426.0, 462.0, 438.0, 421.0]}}