{"MICH_EXP": {"mapes": [0.08799951534920383], "Useable_cycle_number": [20.0], "total_references": [269.00006103515625], "total_preds": [245.32818603515625], "total_seen_unseen_ids": [1.0], "domain_ids": [108.0]}}