{"ISU_ILCC": {"mapes": [0.04429777373595547, 0.06235471000462665, 0.4162498641155666, 0.0755573349474045, 0.15382122556986305, 0.07006296170812075, 0.046508526545698925, 0.2256459337599734, 0.06245101357056016, 0.12423260889277235, 0.019778587422708535, 0.06654270836359659, 0.049818877201930734, 0.26773388791405295, 0.10258742764243989, 0.03191513659529077, 1.1868135542547835, 0.09446237209930287, 0.48349668520777256, 0.17676661380779782, 0.03044063778682606, 0.02667577435242999, 0.14315323025911753, 2.012508702620365, 0.7918879521357549, 0.02725769135306354, 0.5315074748865047, 0.1441560835655333, 0.08828580982490272, 0.03254257243500169, 0.11015405639039101, 0.06959408755928163, 0.1648356644148679, 0.038665466389400764, 0.16645966013386462, 0.0003121798155737705, 0.02509731223327317, 0.11177227648195409, 0.5283976739326132, 0.2565940856933594, 0.2597170346817708, 0.17314298217745563, 0.26447124027443086, 0.17544588216145834, 0.2178380225433865, 0.18611276871733293, 0.13941061708348743, 0.016061008943898253], "Useable_cycle_number": [20.0, 20.0, 20.0, 20.0, 20.0, 20.0, 20.0, 20.0, 20.0, 20.0, 20.0, 20.0, 20.0, 20.0, 20.0, 20.0, 20.0, 20.0, 20.0, 20.0, 20.0, 20.0, 20.0, 20.0, 20.0, 20.0, 20.0, 20.0, 20.0, 20.0, 20.0, 20.0, 20.0, 20.0, 20.0, 20.0, 20.0, 20.0, 20.0, 20.0, 20.0, 20.0, 20.0, 20.0, 20.0, 20.0, 20.0, 20.0], "total_references": [444.0000305175781, 3107.0, 169.00006103515625, 445.0000305175781, 420.0000305175781, 735.0, 930.0, 705.0, 694.0, 3791.0, 1031.0, 250.00006103515625, 2512.0, 817.0, 2953.0, 791.0, 993.0, 507.0000305175781, 743.0, 957.0, 779.0, 590.0000610351562, 2646.0, 836.0, 308.0, 661.0, 334.00006103515625, 886.0, 514.0, 738.0, 3005.0, 553.0000610351562, 1164.0, 504.0000305175781, 698.0, 1220.0, 499.0000305175781, 487.00006103515625, 729.0, 560.0, 190.00006103515625, 653.0000610351562, 1219.0, 1500.0, 533.0, 408.00006103515625, 676.0, 3204.0], "total_preds": [463.6682434082031, 2913.263916015625, 239.3463134765625, 478.623046875, 484.6049499511719, 683.5037231445312, 973.2529296875, 545.9196166992188, 737.3410034179688, 3320.0341796875, 1051.3917236328125, 233.3643798828125, 2386.85498046875, 598.2614135742188, 2650.059326171875, 765.755126953125, 2171.505859375, 554.8924560546875, 1102.238037109375, 1126.1656494140625, 755.2867431640625, 605.73876953125, 2267.216552734375, 2518.457275390625, 551.9014892578125, 679.017333984375, 511.5235900878906, 758.2777099609375, 559.37890625, 762.0164184570312, 2673.987060546875, 514.5145263671875, 972.1312866210938, 523.4874267578125, 581.8111572265625, 1220.380859375, 511.5235900878906, 541.4331665039062, 1114.201904296875, 703.6926879882812, 239.3463134765625, 539.9376831054688, 896.6095581054688, 1236.8311767578125, 649.107666015625, 332.0660400390625, 770.2415771484375, 3152.54052734375], "total_seen_unseen_ids": [1.0, 0.0, 0.0, 1.0, 1.0, 0.0, 0.0, 0.0, 0.0, 0.0, 0.0, 1.0, 0.0, 0.0, 0.0, 0.0, 0.0, 1.0, 0.0, 0.0, 0.0, 0.0, 0.0, 0.0, 1.0, 0.0, 0.0, 0.0, 1.0, 0.0, 0.0, 0.0, 0.0, 0.0, 1.0, 0.0, 1.0, 1.0, 0.0, 0.0, 0.0, 1.0, 0.0, 0.0, 0.0, 0.0, 0.0, 0.0], "domain_ids": [263.0, 358.0, 245.0, 299.0, 263.0, 309.0, 367.0, 216.0, 308.0, 219.0, 207.0, 355.0, 379.0, 337.0, 304.0, 227.0, 317.0, 303.0, 205.0, 206.0, 349.0, 394.0, 293.0, 235.0, 261.0, 353.0, 216.0, 208.0, 261.0, 362.0, 359.0, 216.0, 386.0, 246.0, 301.0, 375.0, 262.0, 301.0, 373.0, 225.0, 243.0, 301.0, 364.0, 292.0, 211.0, 382.0, 238.0, 201.0]}}