{"Tongji": {"mapes": [0.000271990814288877, 0.6531626402195823, 0.14521432851816152, 0.03386728656568797, 0.05680455417016931, 0.08661462990995039, 0.01750482035546092, 0.020960025859880254, 0.09349529642163693, 0.2219129941165971, 0.08733567986134233, 0.0024342842436298404, 0.005963147866365695, 0.07956039466012241, 0.031743807456800124, 0.035223325273489176, 0.6978843076182026, 0.13120825982862902], "Useable_cycle_number": [20.0, 20.0, 20.0, 20.0, 20.0, 20.0, 20.0, 20.0, 20.0, 20.0, 20.0, 20.0, 20.0, 20.0, 20.0, 20.0, 20.0, 20.0], "total_references": [389.00006103515625, 440.00006103515625, 308.0, 127.00006103515625, 425.0000305175781, 201.00006103515625, 408.00006103515625, 385.0000305175781, 197.00006103515625, 569.0, 413.00006103515625, 120.00006103515625, 452.0000305175781, 481.00006103515625, 414.0000305175781, 419.00006103515625, 222.00006103515625, 155.0], "total_preds": [388.8942565917969, 152.60845947265625, 263.27398681640625, 122.69891357421875, 400.85809326171875, 218.40960693359375, 400.85809326171875, 376.930419921875, 215.41864013671875, 442.73150634765625, 376.930419921875, 119.70794677734375, 454.69537353515625, 442.73150634765625, 400.85809326171875, 433.7586364746094, 376.930419921875, 134.6627197265625], "total_seen_unseen_ids": [1.0, 1.0, 1.0, 1.0, 1.0, 1.0, 1.0, 1.0, 1.0, 1.0, 1.0, 1.0, 1.0, 1.0, 1.0, 1.0, 1.0, 1.0], "domain_ids": [129.0, 129.0, 130.0, 126.0, 132.0, 125.0, 132.0, 132.0, 125.0, 131.0, 132.0, 126.0, 135.0, 133.0, 132.0, 131.0, 130.0, 126.0]}}