{"MICH_EXP": {"mapes": [0.021286516429457784], "Useable_cycle_number": [20.0], "total_references": [269.00006103515625], "total_preds": [263.27398681640625], "total_seen_unseen_ids": [1.0], "domain_ids": [108.0]}}