{"NAion42": {"mapes": [0.329908932464374, 0.5533286585272812, 0.13610040955696978, 0.05134704121892106, 0.20301770275716258], "Useable_cycle_number": [100.0, 100.0, 100.0, 100.0, 100.0], "total_references": [117.00006103515625, 268.00006103515625, 108.00006103515625, 148.00006103515625, 214.00006103515625], "total_preds": [155.59942626953125, 119.70794677734375, 122.69891357421875, 155.59942626953125, 170.55426025390625], "total_seen_unseen_ids": [1.0, 0.0, 0.0, 1.0, 1.0], "domain_ids": [405.0, 401.0, 401.0, 407.0, 404.0]}}