{"SNL": {"mapes": [0.08392745704808365, 0.15002642621050824, 0.1873230550148935, 0.2745023201470359, 0.12755994316958133, 0.09047043689686599, 0.029526074320738893, 0.010828610919551089, 0.2573022956589992, 0.15549631662912913], "Useable_cycle_number": [20.0, 20.0, 20.0, 20.0, 20.0, 20.0, 20.0, 20.0, 20.0, 20.0], "total_references": [147.00006103515625, 637.0, 335.00006103515625, 602.0, 2902.0, 250.00006103515625, 523.0000610351562, 3308.0, 3842.0, 333.0], "total_preds": [134.6627197265625, 541.4331665039062, 272.246826171875, 436.7496032714844, 3272.178955078125, 227.3824462890625, 538.4421997070312, 3272.178955078125, 2853.444580078125, 281.2197265625], "total_seen_unseen_ids": [1.0, 1.0, 1.0, 1.0, 1.0, 1.0, 1.0, 1.0, 1.0, 0.0], "domain_ids": [100.0, 106.0, 96.0, 105.0, 89.0, 93.0, 106.0, 90.0, 91.0, 95.0]}}