{"MATR": {"mapes": [0.002874865153133046, 0.34734433031569173, 0.2449788236258746, 0.14095158318580664, 0.05079439905295418, 0.05049192086735762, 0.024577804189275188, 0.030275537634408604, 0.0017093611352237655, 0.18950574768603373, 0.07434559179051303, 0.0700943643347815, 0.14575073454115126, 0.09936743564293032, 0.14354082976836394, 0.032780284841096075, 0.04860389071976078, 0.09530930895033714, 0.04711524807676977, 0.15830512101206037, 0.07052994220577485, 0.22232468711920572, 0.004140832715204994, 0.12699614885667207, 0.06116159054586644, 0.05719220467161334, 0.012844420602757532, 0.04257980456795342, 0.024888684363767677, 0.01876380779646617, 0.0055104737468721085, 0.1032666142595695, 0.07572630409882447], "Useable_cycle_number": [20.0, 20.0, 20.0, 20.0, 20.0, 20.0, 20.0, 20.0, 20.0, 20.0, 20.0, 20.0, 20.0, 20.0, 20.0, 20.0, 20.0, 20.0, 20.0, 20.0, 20.0, 20.0, 20.0, 20.0, 20.0, 20.0, 20.0, 20.0, 20.0, 20.0, 20.0, 20.0, 20.0], "total_references": [501.00006103515625, 2154.0, 1858.0, 1015.0, 622.0, 597.0, 933.0, 930.0, 648.0, 1705.0, 614.0, 826.0000610351562, 1152.0, 915.0, 599.0, 942.0, 742.0, 964.0, 784.0, 526.0, 855.0, 706.0000610351562, 811.0, 1081.0, 1007.0, 836.0, 500.0000305175781, 827.0000610351562, 467.0000305175781, 461.0000305175781, 476.00006103515625, 465.00006103515625, 856.0], "total_preds": [499.55975341796875, 1405.8203125, 1402.829345703125, 871.9341430664062, 653.5941162109375, 566.8563232421875, 910.0689086914062, 901.84375, 649.107666015625, 1381.8927001953125, 568.351806640625, 883.8980102539062, 984.0951538085938, 824.0787963867188, 513.01904296875, 972.8790283203125, 705.9359130859375, 1055.878173828125, 747.0616455078125, 442.73150634765625, 915.3031005859375, 862.9613037109375, 814.3582153320312, 943.7171630859375, 1068.5897216796875, 788.1873168945312, 493.57781982421875, 862.2135620117188, 478.623046875, 469.650146484375, 478.623046875, 513.01904296875, 791.1782836914062], "total_seen_unseen_ids": [0.0, 0.0, 0.0, 0.0, 0.0, 0.0, 0.0, 0.0, 0.0, 0.0, 0.0, 0.0, 0.0, 0.0, 1.0, 1.0, 1.0, 0.0, 0.0, 0.0, 0.0, 1.0, 0.0, 1.0, 0.0, 1.0, 1.0, 1.0, 0.0, 0.0, 0.0, 0.0, 1.0], "domain_ids": [55.0, 16.0, 16.0, 29.0, 36.0, 39.0, 81.0, 82.0, 35.0, 17.0, 39.0, 82.0, 82.0, 31.0, 14.0, 10.0, 8.0, 37.0, 82.0, 58.0, 85.0, 11.0, 80.0, 8.0, 80.0, 8.0, 14.0, 7.0, 60.0, 76.0, 48.0, 75.0, 7.0]}}