{"CALCE": {"mapes": [0.21699919660358866, 0.1532886411206633], "Useable_cycle_number": [20.0, 20.0], "total_references": [829.0, 590.0000610351562], "total_preds": [649.107666015625, 499.55975341796875], "total_seen_unseen_ids": [1.0, 1.0], "domain_ids": [3.0, 4.0]}}