{"MICH_EXP": {"mapes": [0.37899034260681774, 0.35675290319667585, 0.3345152368900939, 0.31227757058351185, 0.31227757058351185, 0.31227757058351185, 0.3345152368900939, 0.34563407004338487, 0.3678716229017468, 0.35675290319667585, 0.3345152368900939, 0.32339640373680284, 0.32339640373680284, 0.32339640373680284, 0.3345152368900939, 0.35675290319667585, 0.35675290319667585, 0.35675290319667585, 0.3678716229017468, 0.35675290319667585, 0.35675290319667585, 0.3345152368900939, 0.32339640373680284, 0.32339640373680284, 0.3345152368900939, 0.3345152368900939, 0.35675290319667585, 0.3678716229017468, 0.37899034260681774, 0.39010917576010873, 0.40122800891339977, 0.39010917576010873, 0.39010917576010873, 0.3678716229017468, 0.34563407004338487, 0.34563407004338487, 0.34563407004338487, 0.35675290319667585, 0.3678716229017468, 0.3678716229017468, 0.3678716229017468, 0.3678716229017468, 0.3678716229017468, 0.3678716229017468, 0.35675290319667585, 0.34563407004338487, 0.34563407004338487, 0.35675290319667585, 0.34563407004338487, 0.3678716229017468, 0.39010917576010873, 0.39010917576010873, 0.39010917576010873, 0.3678716229017468, 0.35675290319667585, 0.35675290319667585, 0.3678716229017468, 0.39010917576010873, 0.37899034260681774, 0.37899034260681774, 0.3678716229017468, 0.35675290319667585, 0.35675290319667585, 0.3678716229017468, 0.37899034260681774, 0.40122800891339977, 0.40122800891339977, 0.40122800891339977, 0.39010917576010873, 0.3678716229017468, 0.3678716229017468, 0.35675290319667585, 0.35675290319667585, 0.3678716229017468, 0.3678716229017468, 0.3678716229017468, 0.35675290319667585, 0.34563407004338487, 0.3345152368900939, 0.3345152368900939, 0.35675290319667585, 0.37899034260681774, 0.40122800891339977, 0.4234656752199818, 0.4345843949250527, 0.4345843949250527, 0.4345843949250527, 0.4345843949250527, 0.4234656752199818, 0.39010917576010873, 0.37899034260681774, 0.35675290319667585, 0.35675290319667585, 0.35675290319667585, 0.37899034260681774, 0.40122800891339977, 0.39010917576010873, 0.40122800891339977, 0.39010917576010873, 0.40122800891339977], "total_references": [269.00006103515625, 269.00006103515625, 269.00006103515625, 269.00006103515625, 269.00006103515625, 269.00006103515625, 269.00006103515625, 269.00006103515625, 269.00006103515625, 269.00006103515625, 269.00006103515625, 269.00006103515625, 269.00006103515625, 269.00006103515625, 269.00006103515625, 269.00006103515625, 269.00006103515625, 269.00006103515625, 269.00006103515625, 269.00006103515625, 269.00006103515625, 269.00006103515625, 269.00006103515625, 269.00006103515625, 269.00006103515625, 269.00006103515625, 269.00006103515625, 269.00006103515625, 269.00006103515625, 269.00006103515625, 269.00006103515625, 269.00006103515625, 269.00006103515625, 269.00006103515625, 269.00006103515625, 269.00006103515625, 269.00006103515625, 269.00006103515625, 269.00006103515625, 269.00006103515625, 269.00006103515625, 269.00006103515625, 269.00006103515625, 269.00006103515625, 269.00006103515625, 269.00006103515625, 269.00006103515625, 269.00006103515625, 269.00006103515625, 269.00006103515625, 269.00006103515625, 269.00006103515625, 269.00006103515625, 269.00006103515625, 269.00006103515625, 269.00006103515625, 269.00006103515625, 269.00006103515625, 269.00006103515625, 269.00006103515625, 269.00006103515625, 269.00006103515625, 269.00006103515625, 269.00006103515625, 269.00006103515625, 269.00006103515625, 269.00006103515625, 269.00006103515625, 269.00006103515625, 269.00006103515625, 269.00006103515625, 269.00006103515625, 269.00006103515625, 269.00006103515625, 269.00006103515625, 269.00006103515625, 269.00006103515625, 269.00006103515625, 269.00006103515625, 269.00006103515625, 269.00006103515625, 269.00006103515625, 269.00006103515625, 269.00006103515625, 269.00006103515625, 269.00006103515625, 269.00006103515625, 269.00006103515625, 269.00006103515625, 269.00006103515625, 269.00006103515625, 269.00006103515625, 269.00006103515625, 269.00006103515625, 269.00006103515625, 269.00006103515625, 269.00006103515625, 269.00006103515625, 269.00006103515625, 269.00006103515625], "total_preds": [370.948486328125, 364.96661376953125, 358.98468017578125, 353.00274658203125, 353.00274658203125, 353.00274658203125, 358.98468017578125, 361.97564697265625, 367.9575500488281, 364.96661376953125, 358.98468017578125, 355.99371337890625, 355.99371337890625, 355.99371337890625, 358.98468017578125, 364.96661376953125, 364.96661376953125, 364.96661376953125, 367.9575500488281, 364.96661376953125, 364.96661376953125, 358.98468017578125, 355.99371337890625, 355.99371337890625, 358.98468017578125, 358.98468017578125, 364.96661376953125, 367.9575500488281, 370.948486328125, 373.939453125, 376.930419921875, 373.939453125, 373.939453125, 367.9575500488281, 361.97564697265625, 361.97564697265625, 361.97564697265625, 364.96661376953125, 367.9575500488281, 367.9575500488281, 367.9575500488281, 367.9575500488281, 367.9575500488281, 367.9575500488281, 364.96661376953125, 361.97564697265625, 361.97564697265625, 364.96661376953125, 361.97564697265625, 367.9575500488281, 373.939453125, 373.939453125, 373.939453125, 367.9575500488281, 364.96661376953125, 364.96661376953125, 367.9575500488281, 373.939453125, 370.948486328125, 370.948486328125, 367.9575500488281, 364.96661376953125, 364.96661376953125, 367.9575500488281, 370.948486328125, 376.930419921875, 376.930419921875, 376.930419921875, 373.939453125, 367.9575500488281, 367.9575500488281, 364.96661376953125, 364.96661376953125, 367.9575500488281, 367.9575500488281, 367.9575500488281, 364.96661376953125, 361.97564697265625, 358.98468017578125, 358.98468017578125, 364.96661376953125, 370.948486328125, 376.930419921875, 382.912353515625, 385.9032897949219, 385.9032897949219, 385.9032897949219, 385.9032897949219, 382.912353515625, 373.939453125, 370.948486328125, 364.96661376953125, 364.96661376953125, 364.96661376953125, 370.948486328125, 376.930419921875, 373.939453125, 376.930419921875, 373.939453125, 376.930419921875], "total_seen_unseen_ids": [1.0, 1.0, 1.0, 1.0, 1.0, 1.0, 1.0, 1.0, 1.0, 1.0, 1.0, 1.0, 1.0, 1.0, 1.0, 1.0, 1.0, 1.0, 1.0, 1.0, 1.0, 1.0, 1.0, 1.0, 1.0, 1.0, 1.0, 1.0, 1.0, 1.0, 1.0, 1.0, 1.0, 1.0, 1.0, 1.0, 1.0, 1.0, 1.0, 1.0, 1.0, 1.0, 1.0, 1.0, 1.0, 1.0, 1.0, 1.0, 1.0, 1.0, 1.0, 1.0, 1.0, 1.0, 1.0, 1.0, 1.0, 1.0, 1.0, 1.0, 1.0, 1.0, 1.0, 1.0, 1.0, 1.0, 1.0, 1.0, 1.0, 1.0, 1.0, 1.0, 1.0, 1.0, 1.0, 1.0, 1.0, 1.0, 1.0, 1.0, 1.0, 1.0, 1.0, 1.0, 1.0, 1.0, 1.0, 1.0, 1.0, 1.0, 1.0, 1.0, 1.0, 1.0, 1.0, 1.0, 1.0, 1.0, 1.0, 1.0], "domain_ids": [364.0, 364.0, 364.0, 364.0, 364.0, 364.0, 364.0, 364.0, 364.0, 364.0, 364.0, 364.0, 364.0, 364.0, 364.0, 364.0, 364.0, 364.0, 364.0, 364.0, 364.0, 364.0, 364.0, 364.0, 364.0, 364.0, 364.0, 364.0, 364.0, 364.0, 364.0, 364.0, 364.0, 364.0, 364.0, 364.0, 364.0, 364.0, 364.0, 364.0, 364.0, 364.0, 364.0, 364.0, 364.0, 364.0, 364.0, 364.0, 364.0, 364.0, 364.0, 364.0, 364.0, 364.0, 364.0, 364.0, 364.0, 364.0, 364.0, 364.0, 364.0, 364.0, 364.0, 364.0, 364.0, 364.0, 364.0, 364.0, 364.0, 364.0, 364.0, 364.0, 364.0, 364.0, 364.0, 364.0, 364.0, 364.0, 364.0, 364.0, 364.0, 364.0, 364.0, 364.0, 364.0, 364.0, 364.0, 364.0, 364.0, 364.0, 364.0, 364.0, 364.0, 364.0, 364.0, 364.0, 364.0, 364.0, 364.0, 364.0]}}