{"NAion2024": {"mapes": [0.231581308898386, 0.10558547788355359, 0.16888610416121286, 0.1637945309140066, 0.5310080158727809], "Useable_cycle_number": [20.0, 20.0, 20.0, 20.0, 20.0], "total_references": [148.00006103515625, 184.00006103515625, 128.00006103515625, 108.00006103515625, 268.00006103515625], "total_preds": [113.72601318359375, 164.57232666015625, 149.61749267578125, 125.68988037109375, 125.68988037109375], "total_seen_unseen_ids": [1.0, 1.0, 1.0, 0.0, 0.0], "domain_ids": [407.0, 407.0, 407.0, 401.0, 401.0]}}