{"CALCE": {"mapes": [0.3685314514381031, 0.13301095394732418], "Useable_cycle_number": [20.0, 20.0], "total_references": [829.0, 590.0000610351562], "total_preds": [523.4874267578125, 511.5235900878906], "total_seen_unseen_ids": [1.0, 1.0], "domain_ids": [3.0, 4.0]}}