{"Stanford_formation": {"mapes": [0.2844679308995124, 0.11690307190865105, 0.07273909523578584, 0.2364615120905439, 0.008759081104170625, 0.27598750370973435, 0.3143181352775717, 0.049070875135828834, 0.0026480298523509174, 0.009745232907333815, 0.13401011895288442, 0.20816170492404057, 0.03145239088270399, 0.05500980990073932, 0.01896001034201096, 0.02830379024432723, 0.07510797262994529, 0.027644342415323844, 0.05406705939057005, 0.4863975981962846, 0.3418457884888549, 0.4204770515024926, 0.09225674995086477, 0.03569482502184416, 0.03885648133324795, 0.11503420593918011, 0.04044997811716137, 0.1678690480044314, 0.179967464387362, 0.24902463020058943, 0.21194099769693292, 0.46712681361607145, 0.39590974030671294, 0.35639592635827827, 1.237003522052942, 0.7825063501432513, 1.0600566938229572, 0.08774315894066871, 0.03372480106501159, 0.07135957177005597], "total_references": [758.0000610351562, 859.0, 886.0, 809.0, 682.0000610351562, 974.0, 1011.0, 834.0, 872.0, 865.0, 488.0000305175781, 463.0000305175781, 576.0, 641.0000610351562, 593.0, 628.0, 891.0, 799.0, 853.0, 651.0, 715.0, 677.0, 636.0, 608.0, 610.0, 558.0, 598.0, 543.0, 1087.0, 1177.0, 1133.0, 525.0, 540.0, 564.0000610351562, 470.0000305175781, 589.0, 514.0, 572.0, 647.0, 670.0], "total_preds": [973.6267700195312, 959.4197387695312, 950.4468383789062, 617.70263671875, 676.0263671875, 705.1881713867188, 693.224365234375, 874.9251098632812, 869.69091796875, 873.4296264648438, 553.39697265625, 559.37890625, 557.8834228515625, 605.73876953125, 604.2432861328125, 610.2252197265625, 824.0787963867188, 821.0878295898438, 806.8807983398438, 967.6448364257812, 959.4197387695312, 961.6629638671875, 577.32470703125, 586.2975463867188, 586.2975463867188, 622.1890869140625, 622.1890869140625, 634.1528930664062, 891.3753662109375, 883.8980102539062, 892.870849609375, 770.2415771484375, 753.791259765625, 765.0073852539062, 1051.3917236328125, 1049.896240234375, 1058.869140625, 622.1890869140625, 625.1800537109375, 622.1890869140625], "total_seen_unseen_ids": [0.0, 0.0, 0.0, 0.0, 0.0, 0.0, 0.0, 0.0, 0.0, 0.0, 0.0, 0.0, 0.0, 0.0, 0.0, 0.0, 0.0, 0.0, 0.0, 0.0, 0.0, 0.0, 0.0, 0.0, 0.0, 0.0, 0.0, 0.0, 0.0, 0.0, 0.0, 0.0, 0.0, 0.0, 0.0, 0.0, 0.0, 0.0, 0.0, 0.0], "domain_ids": [164.0, 164.0, 164.0, 178.0, 178.0, 189.0, 189.0, 168.0, 168.0, 168.0, 174.0, 174.0, 174.0, 176.0, 176.0, 176.0, 157.0, 157.0, 157.0, 191.0, 191.0, 191.0, 181.0, 181.0, 181.0, 193.0, 193.0, 193.0, 154.0, 154.0, 154.0, 173.0, 173.0, 173.0, 170.0, 170.0, 170.0, 197.0, 197.0, 197.0]}}