{"MICH": {"mapes": [0.06688441851348462, 0.008329779975043033, 0.2013860721531611, 0.11551493936910182, 0.08422282594775563, 0.06802053138603968, 0.039561696976238535, 0.0569338889161821], "Useable_cycle_number": [20.0, 20.0, 20.0, 20.0, 20.0, 20.0, 20.0, 20.0], "total_references": [272.00006103515625, 362.00006103515625, 457.00006103515625, 345.00006103515625, 392.0000305175781, 321.00006103515625, 380.00006103515625, 387.0000305175781], "total_preds": [290.192626953125, 358.98468017578125, 364.96661376953125, 305.14739990234375, 358.98468017578125, 299.16546630859375, 364.96661376953125, 364.96661376953125], "total_seen_unseen_ids": [1.0, 1.0, 1.0, 1.0, 1.0, 1.0, 1.0, 1.0], "domain_ids": [121.0, 123.0, 122.0, 120.0, 122.0, 120.0, 123.0, 122.0]}}