{"Stanford_formation": {"mapes": [0.009405786411602774, 0.03701829016716354, 0.05762099304931055, 0.09697296422555907, 0.09312299607117051, 0.18062909082502487, 0.02009405344478849, 0.09485443730862753, 0.09013450520823897, 0.028466612135295402, 0.07832794533895317, 0.06577155008430816, 0.19232209745820586, 0.04948583305158424, 0.013458707439365671, 0.03581687161837581, 0.07140694017296896, 0.2914278610141812, 0.04369404706605418, 0.06687706089282543, 0.0953596389922878, 0.2319269115714941, 0.006282027049731183, 0.08588235494973777, 0.03015497340057238, 0.39492510934161323, 0.398286762549627, 0.45386640077714535], "total_references": [613.0, 587.0, 834.0, 872.0, 865.0, 763.0000610351562, 638.0000610351562, 694.0, 758.0000610351562, 859.0, 886.0, 682.0000610351562, 572.0, 647.0, 670.0, 618.0, 757.0, 542.0000610351562, 660.0000610351562, 678.0000610351562, 701.0, 886.0, 651.0, 715.0, 677.0, 1053.0, 1039.0, 1142.0], "total_preds": [607.2342529296875, 608.729736328125, 785.944091796875, 787.4395751953125, 784.4486083984375, 625.1800537109375, 625.1800537109375, 628.1710205078125, 826.322021484375, 834.5471801757812, 816.6014404296875, 637.1438598632812, 682.0082397460938, 679.017333984375, 679.017333984375, 640.1348266601562, 702.9449462890625, 699.9539794921875, 631.1619873046875, 632.6574096679688, 634.1528930664062, 680.5127563476562, 655.089599609375, 653.5941162109375, 656.5850830078125, 637.1438598632812, 625.1800537109375, 623.6845703125], "total_seen_unseen_ids": [0.0, 0.0, 0.0, 0.0, 0.0, 0.0, 0.0, 0.0, 0.0, 0.0, 0.0, 0.0, 0.0, 0.0, 0.0, 0.0, 0.0, 0.0, 0.0, 0.0, 0.0, 0.0, 0.0, 0.0, 0.0, 0.0, 0.0, 0.0], "domain_ids": [141.0, 141.0, 168.0, 168.0, 168.0, 196.0, 196.0, 196.0, 164.0, 164.0, 164.0, 142.0, 197.0, 197.0, 197.0, 143.0, 179.0, 179.0, 180.0, 180.0, 180.0, 148.0, 191.0, 191.0, 191.0, 155.0, 155.0, 155.0]}}