{"Tongji": {"mapes": [0.000271990814288877, 0.5647933176500747, 0.18405805315290177, 0.130988591237182, 0.08495475607804198, 0.05685377529655941, 0.04682794506178537, 0.010114872118278832, 0.06313016068351918, 0.20614339764801187, 0.06560960589767997, 0.09726404965003985, 0.04697417895736161, 0.10443316936746141, 0.0606419615341436, 0.06377663058892216, 0.5901020249094852, 0.0038672662550403225], "Useable_cycle_number": [20.0, 20.0, 20.0, 20.0, 20.0, 20.0, 20.0, 20.0, 20.0, 20.0, 20.0, 20.0, 20.0, 20.0, 20.0, 20.0, 20.0, 20.0], "total_references": [389.00006103515625, 440.00006103515625, 308.0, 127.00006103515625, 425.0000305175781, 201.00006103515625, 408.00006103515625, 385.0000305175781, 197.00006103515625, 569.0, 413.00006103515625, 120.00006103515625, 452.0000305175781, 481.00006103515625, 414.0000305175781, 419.00006103515625, 222.00006103515625, 155.0], "total_preds": [388.8942565917969, 191.490966796875, 251.31011962890625, 143.6356201171875, 388.8942565917969, 212.42767333984375, 388.8942565917969, 388.8942565917969, 209.43670654296875, 451.70440673828125, 385.9032897949219, 131.6717529296875, 430.7677001953125, 430.7677001953125, 388.8942565917969, 445.72247314453125, 353.00274658203125, 155.59942626953125], "total_seen_unseen_ids": [1.0, 1.0, 1.0, 1.0, 1.0, 1.0, 1.0, 1.0, 1.0, 1.0, 1.0, 1.0, 1.0, 1.0, 1.0, 1.0, 1.0, 1.0], "domain_ids": [129.0, 129.0, 130.0, 126.0, 132.0, 125.0, 132.0, 132.0, 125.0, 131.0, 132.0, 126.0, 135.0, 133.0, 132.0, 131.0, 130.0, 126.0]}}