{"RWTH": {"mapes": [0.28742165435063055, 0.034792877906976744, 0.007380418535127055, 0.05195531993370044, 0.1309933467658926, 0.07817453822931095, 0.048818021370382284, 0.1066600902660473, 0.0001224413468844985], "Useable_cycle_number": [20.0, 20.0, 20.0, 20.0, 20.0, 20.0, 20.0, 20.0, 20.0], "total_references": [510.0000305175781, 688.0, 669.0, 627.0000610351562, 759.0, 722.0, 695.0000610351562, 740.0, 658.0], "total_preds": [656.5850830078125, 664.0625, 664.0625, 659.5760498046875, 659.5760498046875, 665.5579833984375, 661.071533203125, 661.071533203125, 658.08056640625], "total_seen_unseen_ids": [1.0, 1.0, 1.0, 1.0, 1.0, 1.0, 1.0, 1.0, 1.0], "domain_ids": [124.0, 124.0, 124.0, 124.0, 124.0, 124.0, 124.0, 124.0, 124.0]}}