{"MICH_EXP": {"mapes": [0.41234684206669076, 0.4345843949250527, 0.41234684206669076, 0.41234684206669076, 0.41234684206669076, 0.4234656752199818, 0.4457032280783437, 0.4457032280783437, 0.4234656752199818, 0.41234684206669076, 0.4234656752199818, 0.41234684206669076, 0.41234684206669076, 0.4234656752199818, 0.4345843949250527, 0.4345843949250527, 0.4345843949250527, 0.4457032280783437, 0.4457032280783437, 0.4568220612316347, 0.46794078093670566, 0.4568220612316347, 0.4457032280783437, 0.4345843949250527, 0.4234656752199818, 0.41234684206669076, 0.41234684206669076, 0.41234684206669076, 0.4234656752199818, 0.4457032280783437, 0.4568220612316347, 0.46794078093670566, 0.4901784472432877, 0.4901784472432877, 0.4901784472432877, 0.47905961408999664, 0.4568220612316347, 0.46794078093670566, 0.4901784472432877, 0.5124161135498697, 0.5235348332549407, 0.5235348332549407, 0.5012972803965787, 0.47905961408999664, 0.47905961408999664, 0.4568220612316347, 0.4457032280783437, 0.4457032280783437, 0.4568220612316347, 0.4901784472432877, 0.5012972803965787, 0.5346536664082316, 0.5235348332549407, 0.5235348332549407, 0.5012972803965787, 0.4901784472432877, 0.4568220612316347, 0.4568220612316347, 0.4457032280783437, 0.4568220612316347, 0.47905961408999664, 0.4901784472432877, 0.5124161135498697, 0.5124161135498697, 0.5235348332549407, 0.5124161135498697, 0.5012972803965787, 0.5012972803965787, 0.5012972803965787, 0.5124161135498697, 0.5235348332549407, 0.5346536664082316, 0.5457724995615226, 0.5568912192665936, 0.5568912192665936, 0.5680100524198846, 0.5791288855731755, 0.5680100524198846, 0.5568912192665936, 0.5346536664082316, 0.5124161135498697, 0.5124161135498697, 0.5012972803965787, 0.5012972803965787, 0.5124161135498697, 0.5012972803965787, 0.4901784472432877, 0.4901784472432877, 0.5012972803965787, 0.5235348332549407, 0.5346536664082316, 0.5346536664082316, 0.5235348332549407, 0.5235348332549407, 0.5124161135498697, 0.5235348332549407, 0.5346536664082316, 0.5346536664082316, 0.5235348332549407, 0.5012972803965787], "total_references": [269.00006103515625, 269.00006103515625, 269.00006103515625, 269.00006103515625, 269.00006103515625, 269.00006103515625, 269.00006103515625, 269.00006103515625, 269.00006103515625, 269.00006103515625, 269.00006103515625, 269.00006103515625, 269.00006103515625, 269.00006103515625, 269.00006103515625, 269.00006103515625, 269.00006103515625, 269.00006103515625, 269.00006103515625, 269.00006103515625, 269.00006103515625, 269.00006103515625, 269.00006103515625, 269.00006103515625, 269.00006103515625, 269.00006103515625, 269.00006103515625, 269.00006103515625, 269.00006103515625, 269.00006103515625, 269.00006103515625, 269.00006103515625, 269.00006103515625, 269.00006103515625, 269.00006103515625, 269.00006103515625, 269.00006103515625, 269.00006103515625, 269.00006103515625, 269.00006103515625, 269.00006103515625, 269.00006103515625, 269.00006103515625, 269.00006103515625, 269.00006103515625, 269.00006103515625, 269.00006103515625, 269.00006103515625, 269.00006103515625, 269.00006103515625, 269.00006103515625, 269.00006103515625, 269.00006103515625, 269.00006103515625, 269.00006103515625, 269.00006103515625, 269.00006103515625, 269.00006103515625, 269.00006103515625, 269.00006103515625, 269.00006103515625, 269.00006103515625, 269.00006103515625, 269.00006103515625, 269.00006103515625, 269.00006103515625, 269.00006103515625, 269.00006103515625, 269.00006103515625, 269.00006103515625, 269.00006103515625, 269.00006103515625, 269.00006103515625, 269.00006103515625, 269.00006103515625, 269.00006103515625, 269.00006103515625, 269.00006103515625, 269.00006103515625, 269.00006103515625, 269.00006103515625, 269.00006103515625, 269.00006103515625, 269.00006103515625, 269.00006103515625, 269.00006103515625, 269.00006103515625, 269.00006103515625, 269.00006103515625, 269.00006103515625, 269.00006103515625, 269.00006103515625, 269.00006103515625, 269.00006103515625, 269.00006103515625, 269.00006103515625, 269.00006103515625, 269.00006103515625, 269.00006103515625, 269.00006103515625], "total_preds": [379.92138671875, 385.9032897949219, 379.92138671875, 379.92138671875, 379.92138671875, 382.912353515625, 388.8942565917969, 388.8942565917969, 382.912353515625, 379.92138671875, 382.912353515625, 379.92138671875, 379.92138671875, 382.912353515625, 385.9032897949219, 385.9032897949219, 385.9032897949219, 388.8942565917969, 388.8942565917969, 391.8852233886719, 394.87615966796875, 391.8852233886719, 388.8942565917969, 385.9032897949219, 382.912353515625, 379.92138671875, 379.92138671875, 379.92138671875, 382.912353515625, 388.8942565917969, 391.8852233886719, 394.87615966796875, 400.85809326171875, 400.85809326171875, 400.85809326171875, 397.86712646484375, 391.8852233886719, 394.87615966796875, 400.85809326171875, 406.84002685546875, 409.8309631347656, 409.8309631347656, 403.84906005859375, 397.86712646484375, 397.86712646484375, 391.8852233886719, 388.8942565917969, 388.8942565917969, 391.8852233886719, 400.85809326171875, 403.84906005859375, 412.8219299316406, 409.8309631347656, 409.8309631347656, 403.84906005859375, 400.85809326171875, 391.8852233886719, 391.8852233886719, 388.8942565917969, 391.8852233886719, 397.86712646484375, 400.85809326171875, 406.84002685546875, 406.84002685546875, 409.8309631347656, 406.84002685546875, 403.84906005859375, 403.84906005859375, 403.84906005859375, 406.84002685546875, 409.8309631347656, 412.8219299316406, 415.8128967285156, 418.8038330078125, 418.8038330078125, 421.7947998046875, 424.7857666015625, 421.7947998046875, 418.8038330078125, 412.8219299316406, 406.84002685546875, 406.84002685546875, 403.84906005859375, 403.84906005859375, 406.84002685546875, 403.84906005859375, 400.85809326171875, 400.85809326171875, 403.84906005859375, 409.8309631347656, 412.8219299316406, 412.8219299316406, 409.8309631347656, 409.8309631347656, 406.84002685546875, 409.8309631347656, 412.8219299316406, 412.8219299316406, 409.8309631347656, 403.84906005859375], "total_seen_unseen_ids": [1.0, 1.0, 1.0, 1.0, 1.0, 1.0, 1.0, 1.0, 1.0, 1.0, 1.0, 1.0, 1.0, 1.0, 1.0, 1.0, 1.0, 1.0, 1.0, 1.0, 1.0, 1.0, 1.0, 1.0, 1.0, 1.0, 1.0, 1.0, 1.0, 1.0, 1.0, 1.0, 1.0, 1.0, 1.0, 1.0, 1.0, 1.0, 1.0, 1.0, 1.0, 1.0, 1.0, 1.0, 1.0, 1.0, 1.0, 1.0, 1.0, 1.0, 1.0, 1.0, 1.0, 1.0, 1.0, 1.0, 1.0, 1.0, 1.0, 1.0, 1.0, 1.0, 1.0, 1.0, 1.0, 1.0, 1.0, 1.0, 1.0, 1.0, 1.0, 1.0, 1.0, 1.0, 1.0, 1.0, 1.0, 1.0, 1.0, 1.0, 1.0, 1.0, 1.0, 1.0, 1.0, 1.0, 1.0, 1.0, 1.0, 1.0, 1.0, 1.0, 1.0, 1.0, 1.0, 1.0, 1.0, 1.0, 1.0, 1.0], "domain_ids": [364.0, 364.0, 364.0, 364.0, 364.0, 364.0, 364.0, 364.0, 364.0, 364.0, 364.0, 364.0, 364.0, 364.0, 364.0, 364.0, 364.0, 364.0, 364.0, 364.0, 364.0, 364.0, 364.0, 364.0, 364.0, 364.0, 364.0, 364.0, 364.0, 364.0, 364.0, 364.0, 364.0, 364.0, 364.0, 364.0, 364.0, 364.0, 364.0, 364.0, 364.0, 364.0, 364.0, 364.0, 364.0, 364.0, 364.0, 364.0, 364.0, 364.0, 364.0, 364.0, 364.0, 364.0, 364.0, 364.0, 364.0, 364.0, 364.0, 364.0, 364.0, 364.0, 364.0, 364.0, 364.0, 364.0, 364.0, 364.0, 364.0, 364.0, 364.0, 364.0, 364.0, 364.0, 364.0, 364.0, 364.0, 364.0, 364.0, 364.0, 364.0, 364.0, 364.0, 364.0, 364.0, 364.0, 364.0, 364.0, 364.0, 364.0, 364.0, 364.0, 364.0, 364.0, 364.0, 364.0, 364.0, 364.0, 364.0, 364.0]}}