{"SNL": {"mapes": [0.22127227937980004, 0.1828940973925628, 0.10696891999312763, 0.3142492858278395, 0.03686237400930393, 0.1622533783561088, 0.007646432133757304, 0.010828610919551089, 0.29466979122608666, 0.14988694749436937], "Useable_cycle_number": [20.0, 20.0, 20.0, 20.0, 20.0, 20.0, 20.0, 20.0, 20.0, 20.0], "total_references": [147.00006103515625, 637.0, 335.00006103515625, 602.0, 2902.0, 250.00006103515625, 523.0000610351562, 3308.0, 3842.0, 333.0], "total_preds": [179.527099609375, 520.4964599609375, 299.16546630859375, 412.8219299316406, 3008.974609375, 209.43670654296875, 519.0009765625, 3272.178955078125, 2709.878662109375, 382.912353515625], "total_seen_unseen_ids": [1.0, 1.0, 1.0, 1.0, 1.0, 1.0, 1.0, 1.0, 1.0, 0.0], "domain_ids": [100.0, 106.0, 96.0, 105.0, 89.0, 93.0, 106.0, 90.0, 91.0, 95.0]}}