{"ZN-coin": {"mapes": [0.03889274256674548, 0.0029497523172061523, 0.3158910092751541, 0.09191932755281539, 0.1652361222063603, 1.271812335067692, 0.37034193377628505, 0.29483383003322555, 0.33782996155602923, 0.35884367052066923, 0.13940065096162246, 0.2641383889992672, 0.12800198869435345, 0.10139324913726994, 0.0024871814671457615, 0.12800198869435345, 0.22750571715302406, 0.980127137491948, 0.10438789116500914], "Useable_cycle_number": [20.0, 20.0, 20.0, 20.0, 20.0, 20.0, 20.0, 20.0, 20.0, 20.0, 20.0, 20.0, 20.0, 20.0, 20.0, 20.0, 20.0, 20.0, 20.0], "total_references": [137.00006103515625, 1089.0, 892.0, 145.00006103515625, 113.00006103515625, 447.0000305175781, 107.0, 174.0, 1642.0, 294.00006103515625, 153.00006103515625, 183.00006103515625, 151.00006103515625, 163.0, 132.00006103515625, 151.00006103515625, 156.00006103515625, 139.00006103515625, 137.00006103515625], "total_preds": [131.6717529296875, 1085.7877197265625, 610.2252197265625, 131.6717529296875, 131.6717529296875, 1015.5001831054688, 146.6265869140625, 122.69891357421875, 1087.283203125, 188.5, 131.6717529296875, 134.6627197265625, 131.6717529296875, 179.527099609375, 131.6717529296875, 131.6717529296875, 191.490966796875, 275.23779296875, 122.69891357421875], "total_seen_unseen_ids": [1.0, 1.0, 1.0, 1.0, 1.0, 1.0, 1.0, 1.0, 1.0, 1.0, 1.0, 1.0, 0.0, 1.0, 1.0, 1.0, 1.0, 0.0, 0.0], "domain_ids": [561.0, 562.0, 563.0, 564.0, 565.0, 566.0, 567.0, 568.0, 569.0, 570.0, 571.0, 572.0, 573.0, 574.0, 575.0, 576.0, 577.0, 578.0, 579.0]}}