{"1": 56.75675675675676, "2": 54.054054054054056, "3": 56.75675675675676, "4": 59.45945945945946, "5": 62.16216216216216, "6": 62.16216216216216, "7": 59.45945945945946, "8": 62.16216216216216, "9": 59.45945945945946, "10": 59.45945945945946, "11": 62.16216216216216, "12": 62.16216216216216, "13": 62.16216216216216, "14": 62.16216216216216, "15": 67.56756756756756, "16": 67.56756756756756, "17": 67.56756756756756, "18": 67.56756756756756, "19": 67.56756756756756, "20": 67.56756756756756, "21": 67.56756756756756, "22": 67.56756756756756, "23": 67.56756756756756, "24": 67.56756756756756, "25": 64.86486486486487, "26": 64.86486486486487, "27": 67.56756756756756, "28": 64.86486486486487, "29": 62.16216216216216, "30": 67.56756756756756, "31": 67.56756756756756, "32": 64.86486486486487, "33": 64.86486486486487, "34": 64.86486486486487, "35": 67.56756756756756, "36": 67.56756756756756, "37": 67.56756756756756, "38": 67.56756756756756, "39": 70.27027027027027, "40": 70.27027027027027, "41": 70.27027027027027, "42": 70.27027027027027, "43": 70.27027027027027, "44": 64.86486486486487, "45": 70.27027027027027, "46": 70.27027027027027, "47": 70.27027027027027, "48": 70.27027027027027, "49": 67.56756756756756, "50": 67.56756756756756, "51": 70.27027027027027, "52": 70.27027027027027, "53": 70.27027027027027, "54": 67.56756756756756, "55": 67.56756756756756, "56": 67.56756756756756, "57": 70.27027027027027, "58": 70.27027027027027, "59": 70.27027027027027, "60": 67.56756756756756, "61": 67.56756756756756, "62": 64.86486486486487, "63": 67.56756756756756, "64": 67.56756756756756, "65": 67.56756756756756, "66": 67.56756756756756, "67": 67.56756756756756, "68": 67.56756756756756, "69": 67.56756756756756, "70": 67.56756756756756, "71": 67.56756756756756, "72": 67.56756756756756, "73": 67.56756756756756, "74": 67.56756756756756, "75": 67.56756756756756, "76": 67.56756756756756, "77": 64.86486486486487, "78": 64.86486486486487, "79": 64.86486486486487, "80": 64.86486486486487, "81": 67.56756756756756, "82": 64.86486486486487, "83": 67.56756756756756, "84": 64.86486486486487, "85": 64.86486486486487, "86": 64.86486486486487, "87": 64.86486486486487, "88": 64.86486486486487, "89": 67.56756756756756, "90": 67.56756756756756, "91": 67.56756756756756, "92": 67.56756756756756, "93": 67.56756756756756, "94": 67.56756756756756, "95": 64.86486486486487, "96": 64.86486486486487, "97": 64.86486486486487, "98": 64.86486486486487, "99": 64.86486486486487, "100": 67.56756756756756}