{"1": 40.65934065934066, "2": 42.857142857142854, "3": 51.64835164835166, "4": 52.74725274725275, "5": 52.74725274725275, "6": 52.74725274725275, "7": 56.043956043956044, "8": 54.94505494505495, "9": 56.043956043956044, "10": 52.74725274725275, "11": 52.74725274725275, "12": 52.74725274725275, "13": 53.84615384615385, "14": 50.54945054945055, "15": 50.54945054945055, "16": 53.84615384615385, "17": 53.84615384615385, "18": 48.35164835164835, "19": 49.45054945054945, "20": 47.25274725274725, "21": 49.45054945054945, "22": 47.25274725274725, "23": 52.74725274725275, "24": 51.64835164835166, "25": 48.35164835164835, "26": 47.25274725274725, "27": 48.35164835164835, "28": 41.75824175824176, "29": 45.05494505494506, "30": 42.857142857142854, "31": 45.05494505494506, "32": 45.05494505494506, "33": 46.15384615384615, "34": 52.74725274725275, "35": 43.956043956043956, "36": 46.15384615384615, "37": 49.45054945054945, "38": 47.25274725274725, "39": 47.25274725274725, "40": 48.35164835164835, "41": 45.05494505494506, "42": 48.35164835164835, "43": 48.35164835164835, "44": 50.54945054945055, "45": 48.35164835164835, "46": 51.64835164835166, "47": 53.84615384615385, "48": 50.54945054945055, "49": 46.15384615384615, "50": 48.35164835164835, "51": 48.35164835164835, "52": 49.45054945054945, "53": 47.25274725274725, "54": 51.64835164835166, "55": 40.65934065934066, "56": 42.857142857142854, "57": 49.45054945054945, "58": 48.35164835164835, "59": 50.54945054945055, "60": 49.45054945054945, "61": 49.45054945054945, "62": 48.35164835164835, "63": 43.956043956043956, "64": 51.64835164835166, "65": 49.45054945054945, "66": 47.25274725274725, "67": 46.15384615384615, "68": 46.15384615384615, "69": 43.956043956043956, "70": 43.956043956043956, "71": 45.05494505494506, "72": 41.75824175824176, "73": 35.16483516483517, "74": 38.46153846153847, "75": 46.15384615384615, "76": 48.35164835164835, "77": 45.05494505494506, "78": 47.25274725274725, "79": 46.15384615384615, "80": 46.15384615384615, "81": 45.05494505494506, "82": 49.45054945054945, "83": 47.25274725274725, "84": 51.64835164835166, "85": 50.54945054945055, "86": 48.35164835164835, "87": 48.35164835164835, "88": 42.857142857142854, "89": 46.15384615384615, "90": 48.35164835164835, "91": 45.05494505494506, "92": 50.54945054945055, "93": 46.15384615384615, "94": 48.35164835164835, "95": 47.25274725274725, "96": 48.35164835164835, "97": 48.35164835164835, "98": 48.35164835164835, "99": 47.25274725274725, "100": 47.25274725274725}