{"1": 32.098765432098766, "2": 33.33333333333333, "3": 35.80246913580247, "4": 37.65432098765432, "5": 40.74074074074074, "6": 41.358024691358025, "7": 41.9753086419753, "8": 43.20987654320987, "9": 43.82716049382716, "10": 45.06172839506173, "11": 45.67901234567901, "12": 48.148148148148145, "13": 46.2962962962963, "14": 43.82716049382716, "15": 46.2962962962963, "16": 46.2962962962963, "17": 46.2962962962963, "18": 45.67901234567901, "19": 44.44444444444444, "20": 43.82716049382716, "21": 45.67901234567901, "22": 45.06172839506173, "23": 45.67901234567901, "24": 48.148148148148145, "25": 46.2962962962963, "26": 45.06172839506173, "27": 46.913580246913575, "28": 45.67901234567901, "29": 46.913580246913575, "30": 46.913580246913575, "31": 48.148148148148145, "32": 45.67901234567901, "33": 46.2962962962963, "34": 46.913580246913575, "35": 46.913580246913575, "36": 48.76543209876543, "37": 46.2962962962963, "38": 48.148148148148145, "39": 46.913580246913575, "40": 46.2962962962963, "41": 45.06172839506173, "42": 46.913580246913575, "43": 45.67901234567901, "44": 46.2962962962963, "45": 46.913580246913575, "46": 47.53086419753087, "47": 50.0, "48": 51.85185185185185, "49": 51.23456790123457, "50": 51.23456790123457, "51": 48.76543209876543, "52": 49.382716049382715, "53": 50.0, "54": 48.148148148148145, "55": 50.617283950617285, "56": 48.76543209876543, "57": 49.382716049382715, "58": 48.76543209876543, "59": 48.76543209876543, "60": 48.76543209876543, "61": 48.76543209876543, "62": 48.76543209876543, "63": 51.23456790123457, "64": 51.85185185185185, "65": 50.0, "66": 49.382716049382715, "67": 51.85185185185185, "68": 51.85185185185185, "69": 51.85185185185185, "70": 50.0, "71": 51.23456790123457, "72": 50.617283950617285, "73": 53.086419753086425, "74": 52.46913580246913, "75": 53.70370370370371, "76": 53.70370370370371, "77": 53.70370370370371, "78": 54.93827160493827, "79": 53.086419753086425, "80": 53.70370370370371, "81": 52.46913580246913, "82": 52.46913580246913, "83": 52.46913580246913, "84": 53.70370370370371, "85": 52.46913580246913, "86": 51.85185185185185, "87": 51.85185185185185, "88": 51.23456790123457, "89": 51.23456790123457, "90": 51.23456790123457, "91": 50.617283950617285, "92": 52.46913580246913, "93": 52.46913580246913, "94": 52.46913580246913, "95": 52.46913580246913, "96": 51.85185185185185, "97": 51.23456790123457, "98": 52.46913580246913, "99": 54.32098765432099, "100": 51.85185185185185}