{"1": 58.65384615384615, "2": 58.65384615384615, "3": 56.730769230769226, "4": 57.692307692307686, "5": 59.61538461538461, "6": 65.38461538461539, "7": 64.42307692307693, "8": 64.42307692307693, "9": 63.46153846153846, "10": 61.53846153846154, "11": 65.38461538461539, "12": 65.38461538461539, "13": 65.38461538461539, "14": 65.38461538461539, "15": 64.42307692307693, "16": 64.42307692307693, "17": 62.5, "18": 63.46153846153846, "19": 62.5, "20": 64.42307692307693, "21": 61.53846153846154, "22": 63.46153846153846, "23": 62.5, "24": 61.53846153846154, "25": 61.53846153846154, "26": 65.38461538461539, "27": 62.5, "28": 62.5, "29": 63.46153846153846, "30": 63.46153846153846, "31": 61.53846153846154, "32": 63.46153846153846, "33": 63.46153846153846, "34": 63.46153846153846, "35": 63.46153846153846, "36": 63.46153846153846, "37": 64.42307692307693, "38": 65.38461538461539, "39": 65.38461538461539, "40": 65.38461538461539, "41": 65.38461538461539, "42": 62.5, "43": 63.46153846153846, "44": 64.42307692307693, "45": 65.38461538461539, "46": 63.46153846153846, "47": 64.42307692307693, "48": 65.38461538461539, "49": 62.5, "50": 62.5, "51": 63.46153846153846, "52": 63.46153846153846, "53": 64.42307692307693, "54": 65.38461538461539, "55": 63.46153846153846, "56": 62.5, "57": 60.57692307692307, "58": 60.57692307692307, "59": 60.57692307692307, "60": 61.53846153846154, "61": 60.57692307692307, "62": 62.5, "63": 64.42307692307693, "64": 63.46153846153846, "65": 62.5, "66": 60.57692307692307, "67": 61.53846153846154, "68": 61.53846153846154, "69": 61.53846153846154, "70": 61.53846153846154, "71": 63.46153846153846, "72": 63.46153846153846, "73": 63.46153846153846, "74": 63.46153846153846, "75": 62.5, "76": 63.46153846153846, "77": 62.5, "78": 63.46153846153846, "79": 62.5, "80": 61.53846153846154, "81": 60.57692307692307, "82": 62.5, "83": 62.5, "84": 61.53846153846154, "85": 61.53846153846154, "86": 61.53846153846154, "87": 63.46153846153846, "88": 62.5, "89": 63.46153846153846, "90": 62.5, "91": 62.5, "92": 63.46153846153846, "93": 64.42307692307693, "94": 64.42307692307693, "95": 63.46153846153846, "96": 62.5, "97": 62.5, "98": 61.53846153846154, "99": 60.57692307692307, "100": 57.692307692307686}