{"1": 0.30668638876112514, "2": 0.28614147993235056, "3": 0.2744103253400134, "4": 0.275490201881275, "5": 0.24651621138543653, "6": 0.25204806598462814, "7": 0.25017188475267393, "8": 0.24557748655744072, "9": 0.24898630405960817, "10": 0.25665748966232743, "11": 0.24769895110544474, "12": 0.24523342673208423, "13": 0.2511601434537776, "14": 0.2483138381213017, "15": 0.26212664682722936, "16": 0.25585871769740304, "17": 0.26781584348153825, "18": 0.2627058977633869, "19": 0.2734948408533191, "20": 0.27355442720047674, "21": 0.2617194972614538, "22": 0.2636189801135953, "23": 0.26028637745387284, "24": 0.2639397576929619, "25": 0.261828750397004, "26": 0.26147138852968344, "27": 0.25337094984576725, "28": 0.25948384414842224, "29": 0.25525276694677174, "30": 0.2626201336787964, "31": 0.26762537516515056, "32": 0.2566466418679793, "33": 0.2588716325336216, "34": 0.25305384596435454, "35": 0.24999524971106993, "36": 0.25561442667929996, "37": 0.2440739150367525, "38": 0.2474444735528206, "39": 0.2473768959781203, "40": 0.24996268201544025, "41": 0.2538815546243208, "42": 0.24788435925698196, "43": 0.24929150159637747, "44": 0.2385607524894161, "45": 0.24038185815373625, "46": 0.23951203539708532, "47": 0.24655102640167567, "48": 0.2490660078533439, "49": 0.24253299625086147, "50": 0.2507038235272505, "51": 0.24583738014392398, "52": 0.23522678262566213, "53": 0.23781462531981098, "54": 0.23794136760257803, "55": 0.24237922233395218, "56": 0.24782136316746947, "57": 0.24704059234975584, "58": 0.25307774092914687, "59": 0.2538141165387898, "60": 0.250926296860218, "61": 0.2627282362618619, "62": 0.25140637352146084, "63": 0.2599863990470215, "64": 0.255252925232542, "65": 0.2560863355081902, "66": 0.25152805327913036, "67": 0.2573541828639723, "68": 0.25993250958218983, "69": 0.2505072422314434, "70": 0.25454099058811047, "71": 0.24998765343942422, "72": 0.24997501690999435, "73": 0.24904942847116626, "74": 0.24250008748862775, "75": 0.24726631811638866, "76": 0.24622007418655567, "77": 0.2381597435661168, "78": 0.23937187627682813, "79": 0.23651924459921406, "80": 0.2463248867364399, "81": 0.23957693742910657, "82": 0.2352192287722822, "83": 0.23740621149813954, "84": 0.23935652569188978, "85": 0.24543685830263914, "86": 0.2461960792605166, "87": 0.24600817270447706, "88": 0.2494955771787517, "89": 0.24517829651755021, "90": 0.23729314350292188, "91": 0.24719480869273205, "92": 0.2428797346000876, "93": 0.24495089884793672, "94": 0.23848427373981873, "95": 0.24386242950762113, "96": 0.24783998885156924, "97": 0.24780664745600647, "98": 0.24848860002265097, "99": 0.24538894942104292, "100": 0.25041725444106655}