{"1": 62.745098039215684, "2": 64.70588235294117, "3": 68.62745098039215, "4": 74.50980392156863, "5": 74.50980392156863, "6": 74.50980392156863, "7": 70.58823529411765, "8": 68.62745098039215, "9": 68.62745098039215, "10": 68.62745098039215, "11": 64.70588235294117, "12": 68.62745098039215, "13": 64.70588235294117, "14": 70.58823529411765, "15": 64.70588235294117, "16": 66.66666666666666, "17": 64.70588235294117, "18": 66.66666666666666, "19": 64.70588235294117, "20": 68.62745098039215, "21": 68.62745098039215, "22": 64.70588235294117, "23": 66.66666666666666, "24": 64.70588235294117, "25": 66.66666666666666, "26": 66.66666666666666, "27": 66.66666666666666, "28": 66.66666666666666, "29": 66.66666666666666, "30": 66.66666666666666, "31": 64.70588235294117, "32": 62.745098039215684, "33": 62.745098039215684, "34": 66.66666666666666, "35": 66.66666666666666, "36": 64.70588235294117, "37": 60.78431372549019, "38": 62.745098039215684, "39": 66.66666666666666, "40": 66.66666666666666, "41": 66.66666666666666, "42": 64.70588235294117, "43": 64.70588235294117, "44": 64.70588235294117, "45": 64.70588235294117, "46": 62.745098039215684, "47": 66.66666666666666, "48": 62.745098039215684, "49": 62.745098039215684, "50": 62.745098039215684, "51": 62.745098039215684, "52": 60.78431372549019, "53": 62.745098039215684, "54": 62.745098039215684, "55": 62.745098039215684, "56": 64.70588235294117, "57": 62.745098039215684, "58": 62.745098039215684, "59": 64.70588235294117, "60": 60.78431372549019, "61": 64.70588235294117, "62": 64.70588235294117, "63": 62.745098039215684, "64": 62.745098039215684, "65": 62.745098039215684, "66": 62.745098039215684, "67": 66.66666666666666, "68": 64.70588235294117, "69": 62.745098039215684, "70": 64.70588235294117, "71": 66.66666666666666, "72": 68.62745098039215, "73": 66.66666666666666, "74": 68.62745098039215, "75": 66.66666666666666, "76": 68.62745098039215, "77": 68.62745098039215, "78": 68.62745098039215, "79": 68.62745098039215, "80": 68.62745098039215, "81": 68.62745098039215, "82": 68.62745098039215, "83": 70.58823529411765, "84": 70.58823529411765, "85": 70.58823529411765, "86": 70.58823529411765, "87": 70.58823529411765, "88": 70.58823529411765, "89": 68.62745098039215, "90": 68.62745098039215, "91": 68.62745098039215, "92": 70.58823529411765, "93": 70.58823529411765, "94": 72.54901960784314, "95": 70.58823529411765, "96": 70.58823529411765, "97": 70.58823529411765, "98": 64.70588235294117, "99": 68.62745098039215, "100": 68.62745098039215}