{"1": 0.18794303654939892, "2": 0.19005511433603434, "3": 0.19185865969540306, "4": 0.19337307376420074, "5": 0.18137449470328154, "6": 0.17688151994563614, "7": 0.17420236325812763, "8": 0.17686805057128505, "9": 0.1789660559246011, "10": 0.17935965326667885, "11": 0.1758607332325067, "12": 0.17931327660369314, "13": 0.17824546620881987, "14": 0.17827481088670566, "15": 0.17933415267590258, "16": 0.18225820568417606, "17": 0.1812343454736901, "18": 0.1799623807063742, "19": 0.17958594432532446, "20": 0.18048882447281442, "21": 0.1829062673939867, "22": 0.18210561289787594, "23": 0.18164748275835968, "24": 0.18313769449646106, "25": 0.18134180475924444, "26": 0.1798034245783709, "27": 0.1816825861167256, "28": 0.18107897133513798, "29": 0.18060666099809752, "30": 0.18166453711453107, "31": 0.18061201801005014, "32": 0.179217901340678, "33": 0.17937673917383845, "34": 0.1797225253165135, "35": 0.1807670259201404, "36": 0.18070997255226773, "37": 0.17956334866106083, "38": 0.18029500175098503, "39": 0.17893610392997877, "40": 0.17872849665178686, "41": 0.17883873099767597, "42": 0.17871637419656866, "43": 0.17898833514301182, "44": 0.1793413420109804, "45": 0.17938057573287322, "46": 0.18150619830979467, "47": 0.18024167288017384, "48": 0.17960597723655905, "49": 0.17956065749566377, "50": 0.18008171695001793, "51": 0.18037638529118788, "52": 0.1812781210826248, "53": 0.18033892104770224, "54": 0.181215099266918, "55": 0.1813813776790535, "56": 0.18106099703972547, "57": 0.18203483894419958, "58": 0.18271787661716357, "59": 0.18176696786323474, "60": 0.180418889060182, "61": 0.18021324304312894, "62": 0.17926342193227496, "63": 0.1787833927114593, "64": 0.17888009701316188, "65": 0.17866611500130755, "66": 0.17959729259520224, "67": 0.1805163499230009, "68": 0.18081084586111024, "69": 0.18072002345204521, "70": 0.18055094067373323, "71": 0.1813876563607946, "72": 0.18155550961846748, "73": 0.18225577785652153, "74": 0.1820398779426425, "75": 0.18170726831181094, "76": 0.18180195217300563, "77": 0.18199821295767382, "78": 0.18140996017020689, "79": 0.18163806316389455, "80": 0.18255609147004392, "81": 0.1831526720583825, "82": 0.18413148564533877, "83": 0.18464031311130563, "84": 0.18487582018696389, "85": 0.18504735612556572, "86": 0.18397330217937907, "87": 0.1836311070991772, "88": 0.18237146262251913, "89": 0.182054187409395, "90": 0.18193148789946834, "91": 0.1814860692143019, "92": 0.18129620345507907, "93": 0.18075334031232068, "94": 0.18098624272379632, "95": 0.1820859050357346, "96": 0.18154896352562508, "97": 0.18147219491107097, "98": 0.1822032631238413, "99": 0.1831830945391409, "100": 0.18630414652239866}