{"1": 55.06329113924051, "2": 58.86075949367089, "3": 60.75949367088608, "4": 62.0253164556962, "5": 63.92405063291139, "6": 64.55696202531645, "7": 65.82278481012658, "8": 67.08860759493672, "9": 66.45569620253164, "10": 66.45569620253164, "11": 65.82278481012658, "12": 66.45569620253164, "13": 65.82278481012658, "14": 66.45569620253164, "15": 66.45569620253164, "16": 65.82278481012658, "17": 66.45569620253164, "18": 65.82278481012658, "19": 65.82278481012658, "20": 66.45569620253164, "21": 65.82278481012658, "22": 65.82278481012658, "23": 66.45569620253164, "24": 66.45569620253164, "25": 65.82278481012658, "26": 66.45569620253164, "27": 66.45569620253164, "28": 67.08860759493672, "29": 67.08860759493672, "30": 66.45569620253164, "31": 66.45569620253164, "32": 67.08860759493672, "33": 67.72151898734177, "34": 67.72151898734177, "35": 66.45569620253164, "36": 67.08860759493672, "37": 67.08860759493672, "38": 66.45569620253164, "39": 67.08860759493672, "40": 67.72151898734177, "41": 67.72151898734177, "42": 67.08860759493672, "43": 67.08860759493672, "44": 67.08860759493672, "45": 67.72151898734177, "46": 67.72151898734177, "47": 67.08860759493672, "48": 68.35443037974683, "49": 67.72151898734177, "50": 68.35443037974683, "51": 67.72151898734177, "52": 68.35443037974683, "53": 68.35443037974683, "54": 67.08860759493672, "55": 66.45569620253164, "56": 67.72151898734177, "57": 67.08860759493672, "58": 67.08860759493672, "59": 67.72151898734177, "60": 67.08860759493672, "61": 65.82278481012658, "62": 66.45569620253164, "63": 67.72151898734177, "64": 67.72151898734177, "65": 65.82278481012658, "66": 66.45569620253164, "67": 65.82278481012658, "68": 66.45569620253164, "69": 65.82278481012658, "70": 65.82278481012658, "71": 65.82278481012658, "72": 67.72151898734177, "73": 66.45569620253164, "74": 66.45569620253164, "75": 67.08860759493672, "76": 67.08860759493672, "77": 66.45569620253164, "78": 66.45569620253164, "79": 65.18987341772153, "80": 66.45569620253164, "81": 67.72151898734177, "82": 66.45569620253164, "83": 65.82278481012658, "84": 65.18987341772153, "85": 65.18987341772153, "86": 65.82278481012658, "87": 66.45569620253164, "88": 65.82278481012658, "89": 65.18987341772153, "90": 64.55696202531645, "91": 66.45569620253164, "92": 66.45569620253164, "93": 66.45569620253164, "94": 66.45569620253164, "95": 66.45569620253164, "96": 66.45569620253164, "97": 65.82278481012658, "98": 65.82278481012658, "99": 65.18987341772153, "100": 66.45569620253164}