{"1": 0.28353404850269676, "2": 0.2809799246140975, "3": 0.28168811364637936, "4": 0.28402976687927317, "5": 0.2848800784000019, "6": 0.2845564772651827, "7": 0.28444924501582164, "8": 0.28325686769704456, "9": 0.284052895565982, "10": 0.28297012328915905, "11": 0.2832092571537582, "12": 0.28302158647153214, "13": 0.28187046682583083, "14": 0.28164684492336217, "15": 0.28273631461040166, "16": 0.28311246716969246, "17": 0.2847716009766622, "18": 0.283909350353183, "19": 0.28372958788598285, "20": 0.2817704150636226, "21": 0.2813266237224291, "22": 0.28267198215706224, "23": 0.28346260786057453, "24": 0.284184518712865, "25": 0.28463097294671347, "26": 0.2845940620309101, "27": 0.28316451603312814, "28": 0.2834080281701628, "29": 0.28451397594842104, "30": 0.2850504110720089, "31": 0.2850493931887041, "32": 0.2842242288141535, "33": 0.28384003335894725, "34": 0.2832767578173936, "35": 0.2842179835560801, "36": 0.2853730677369067, "37": 0.28666902476012923, "38": 0.28781563601610366, "39": 0.2876205906771204, "40": 0.2868995645382909, "41": 0.2863605885706383, "42": 0.286369083213972, "43": 0.2857676504152536, "44": 0.28576190395636436, "45": 0.28566915233614176, "46": 0.2848600546836824, "47": 0.2847245755599895, "48": 0.2853272231734895, "49": 0.2852584953475396, "50": 0.28588117908372984, "51": 0.28463371314744257, "52": 0.2847919011960813, "53": 0.2840898729039791, "54": 0.2845712476758278, "55": 0.28556444786157364, "56": 0.2850006538363384, "57": 0.28430095455925014, "58": 0.2839976984526176, "59": 0.28365442049364553, "60": 0.28442051392597223, "61": 0.2839798899534151, "62": 0.284768989916056, "63": 0.28565304545375836, "64": 0.28522478807758106, "65": 0.2852650652552482, "66": 0.2865131690095217, "67": 0.28642728812304913, "68": 0.2860555284153365, "69": 0.28557835842824236, "70": 0.2842824964091278, "71": 0.2839446659501025, "72": 0.2842772404907455, "73": 0.28498054013257806, "74": 0.28463543300205596, "75": 0.2846578613146499, "76": 0.2841862723551884, "77": 0.2831126910576777, "78": 0.2825299749950377, "79": 0.283003023929339, "80": 0.2845079818104533, "81": 0.2850614757847632, "82": 0.28602940919150743, "83": 0.28535853680011325, "84": 0.28467554224902575, "85": 0.2842830504021332, "86": 0.28333849502968517, "87": 0.28330974256875957, "88": 0.2837116473698345, "89": 0.2840579902185371, "90": 0.2833881644553206, "91": 0.28357429970531434, "92": 0.2832688213936805, "93": 0.28342438663810465, "94": 0.28397509890934824, "95": 0.28372181654402295, "96": 0.2839175426089506, "97": 0.28384498079421877, "98": 0.2838874056669434, "99": 0.2836792052935502, "100": 0.28281281876009173}