{"1": 0.033246306562305934, "2": 0.08119267129591101, "3": 0.10883303214296047, "4": 0.07157208201221399, "5": 0.08430088356304427, "6": 0.07196352552575605, "7": 0.10963084823520387, "8": 0.05595072525575221, "9": 0.027344199087516268, "10": 0.04221600351916172, "11": 0.035566173059685034, "12": 0.041230942756727645, "13": 0.04633664713561399, "14": 0.02311301973994234, "15": 0.05626681258746277, "16": 0.05798546309882688, "17": 0.04378965888219208, "18": 0.05746063222052364, "19": 0.0657853170053742, "20": 0.07578998753030275, "21": 0.09982943749982268, "22": 0.09254087647351468, "23": 0.11232598144571321, "24": 0.0991482050044794, "25": 0.09640099416345377, "26": 0.07769571623971619, "27": 0.11127252382534158, "28": 0.10080902947835652, "29": 0.10439645255678617, "30": 0.10898743429446298, "31": 0.09092424461835275, "32": 0.08425995604446221, "33": 0.08321451199928226, "34": 0.09734761858708502, "35": 0.09190104281585504, "36": 0.09341730544867495, "37": 0.06952292858098297, "38": 0.09743561785814492, "39": 0.10785251680137532, "40": 0.08736096157682552, "41": 0.0976129122060397, "42": 0.08936254216858813, "43": 0.09230129830447827, "44": 0.07019971330115095, "45": 0.08633328659884515, "46": 0.07886376850638532, "47": 0.07395629891059807, "48": 0.0874492947330274, "49": 0.0715665624011701, "50": 0.07258339425681018, "51": 0.07075779633683084, "52": 0.06825931437946928, "53": 0.07820775769960822, "54": 0.07622956448233736, "55": 0.07208461877793382, "56": 0.07210060968358264, "57": 0.07466108269355001, "58": 0.07239376775175613, "59": 0.06958379670811482, "60": 0.0734041401621682, "61": 0.07916697815813176, "62": 0.07355284965811668, "63": 0.09992387671925368, "64": 0.09109855730283994, "65": 0.08288237203729609, "66": 0.0729836999356639, "67": 0.08505541653809734, "68": 0.08198298385121688, "69": 0.08105827408946575, "70": 0.07940395824086521, "71": 0.0757133364584466, "72": 0.07941685777747637, "73": 0.07196613969573099, "74": 0.06849952243623948, "75": 0.06389668997105782, "76": 0.06471309399594478, "77": 0.05330420134838276, "78": 0.05636854990417675, "79": 0.05714705971088871, "80": 0.05246462805323228, "81": 0.05157632294381842, "82": 0.06388175187266688, "83": 0.0651801827558235, "84": 0.06290596420061374, "85": 0.06713656608438365, "86": 0.05917001795594819, "87": 0.06072317116827097, "88": 0.06377377008560892, "89": 0.057543876566335084, "90": 0.06462093561474525, "91": 0.07079669364737552, "92": 0.07152263800267836, "93": 0.07579628136892173, "94": 0.0725202181955728, "95": 0.07666720988173528, "96": 0.07549201337711534, "97": 0.07674577015404249, "98": 0.0764377405796097, "99": 0.08014866137619428, "100": 0.07878663016485143}