{"1": 27.083333333333332, "2": 33.33333333333333, "3": 29.166666666666668, "4": 22.916666666666664, "5": 37.5, "6": 43.75, "7": 41.66666666666667, "8": 37.5, "9": 29.166666666666668, "10": 25.0, "11": 33.33333333333333, "12": 33.33333333333333, "13": 27.083333333333332, "14": 33.33333333333333, "15": 25.0, "16": 29.166666666666668, "17": 25.0, "18": 29.166666666666668, "19": 29.166666666666668, "20": 25.0, "21": 22.916666666666664, "22": 25.0, "23": 29.166666666666668, "24": 27.083333333333332, "25": 29.166666666666668, "26": 29.166666666666668, "27": 31.25, "28": 33.33333333333333, "29": 29.166666666666668, "30": 29.166666666666668, "31": 27.083333333333332, "32": 31.25, "33": 31.25, "34": 35.41666666666667, "35": 33.33333333333333, "36": 31.25, "37": 33.33333333333333, "38": 33.33333333333333, "39": 33.33333333333333, "40": 33.33333333333333, "41": 29.166666666666668, "42": 31.25, "43": 33.33333333333333, "44": 35.41666666666667, "45": 35.41666666666667, "46": 33.33333333333333, "47": 35.41666666666667, "48": 31.25, "49": 37.5, "50": 33.33333333333333, "51": 33.33333333333333, "52": 37.5, "53": 39.58333333333333, "54": 39.58333333333333, "55": 39.58333333333333, "56": 33.33333333333333, "57": 35.41666666666667, "58": 33.33333333333333, "59": 31.25, "60": 35.41666666666667, "61": 31.25, "62": 33.33333333333333, "63": 31.25, "64": 31.25, "65": 27.083333333333332, "66": 31.25, "67": 31.25, "68": 35.41666666666667, "69": 33.33333333333333, "70": 35.41666666666667, "71": 35.41666666666667, "72": 35.41666666666667, "73": 35.41666666666667, "74": 33.33333333333333, "75": 33.33333333333333, "76": 35.41666666666667, "77": 35.41666666666667, "78": 37.5, "79": 37.5, "80": 37.5, "81": 39.58333333333333, "82": 39.58333333333333, "83": 39.58333333333333, "84": 39.58333333333333, "85": 35.41666666666667, "86": 37.5, "87": 35.41666666666667, "88": 37.5, "89": 37.5, "90": 39.58333333333333, "91": 37.5, "92": 33.33333333333333, "93": 33.33333333333333, "94": 37.5, "95": 33.33333333333333, "96": 33.33333333333333, "97": 33.33333333333333, "98": 33.33333333333333, "99": 37.5, "100": 35.41666666666667}