{"1": 37.83783783783784, "2": 32.432432432432435, "3": 35.13513513513514, "4": 35.13513513513514, "5": 35.13513513513514, "6": 32.432432432432435, "7": 32.432432432432435, "8": 35.13513513513514, "9": 45.94594594594595, "10": 51.35135135135135, "11": 48.64864864864865, "12": 56.75675675675676, "13": 51.35135135135135, "14": 56.75675675675676, "15": 54.054054054054056, "16": 54.054054054054056, "17": 51.35135135135135, "18": 51.35135135135135, "19": 51.35135135135135, "20": 51.35135135135135, "21": 54.054054054054056, "22": 54.054054054054056, "23": 54.054054054054056, "24": 51.35135135135135, "25": 54.054054054054056, "26": 48.64864864864865, "27": 54.054054054054056, "28": 51.35135135135135, "29": 51.35135135135135, "30": 51.35135135135135, "31": 51.35135135135135, "32": 54.054054054054056, "33": 51.35135135135135, "34": 45.94594594594595, "35": 51.35135135135135, "36": 54.054054054054056, "37": 54.054054054054056, "38": 48.64864864864865, "39": 43.24324324324324, "40": 51.35135135135135, "41": 48.64864864864865, "42": 51.35135135135135, "43": 51.35135135135135, "44": 51.35135135135135, "45": 51.35135135135135, "46": 48.64864864864865, "47": 45.94594594594595, "48": 48.64864864864865, "49": 45.94594594594595, "50": 43.24324324324324, "51": 45.94594594594595, "52": 45.94594594594595, "53": 45.94594594594595, "54": 43.24324324324324, "55": 43.24324324324324, "56": 43.24324324324324, "57": 43.24324324324324, "58": 43.24324324324324, "59": 43.24324324324324, "60": 43.24324324324324, "61": 43.24324324324324, "62": 43.24324324324324, "63": 43.24324324324324, "64": 43.24324324324324, "65": 43.24324324324324, "66": 45.94594594594595, "67": 43.24324324324324, "68": 43.24324324324324, "69": 45.94594594594595, "70": 43.24324324324324, "71": 43.24324324324324, "72": 43.24324324324324, "73": 43.24324324324324, "74": 43.24324324324324, "75": 43.24324324324324, "76": 43.24324324324324, "77": 43.24324324324324, "78": 43.24324324324324, "79": 43.24324324324324, "80": 43.24324324324324, "81": 43.24324324324324, "82": 45.94594594594595, "83": 43.24324324324324, "84": 45.94594594594595, "85": 45.94594594594595, "86": 45.94594594594595, "87": 45.94594594594595, "88": 43.24324324324324, "89": 43.24324324324324, "90": 43.24324324324324, "91": 45.94594594594595, "92": 45.94594594594595, "93": 45.94594594594595, "94": 45.94594594594595, "95": 48.64864864864865, "96": 48.64864864864865, "97": 48.64864864864865, "98": 48.64864864864865, "99": 51.35135135135135, "100": 51.35135135135135}