{"1": 63.92405063291139, "2": 65.82278481012658, "3": 62.65822784810127, "4": 65.18987341772153, "5": 63.92405063291139, "6": 64.55696202531645, "7": 64.55696202531645, "8": 65.18987341772153, "9": 65.18987341772153, "10": 65.18987341772153, "11": 65.82278481012658, "12": 64.55696202531645, "13": 66.45569620253164, "14": 66.45569620253164, "15": 66.45569620253164, "16": 66.45569620253164, "17": 66.45569620253164, "18": 65.82278481012658, "19": 66.45569620253164, "20": 65.18987341772153, "21": 65.82278481012658, "22": 65.82278481012658, "23": 67.08860759493672, "24": 65.82278481012658, "25": 65.82278481012658, "26": 65.18987341772153, "27": 66.45569620253164, "28": 65.82278481012658, "29": 66.45569620253164, "30": 66.45569620253164, "31": 65.82278481012658, "32": 65.18987341772153, "33": 65.18987341772153, "34": 65.82278481012658, "35": 65.82278481012658, "36": 65.18987341772153, "37": 65.18987341772153, "38": 65.18987341772153, "39": 65.18987341772153, "40": 65.82278481012658, "41": 65.82278481012658, "42": 65.18987341772153, "43": 65.18987341772153, "44": 65.18987341772153, "45": 64.55696202531645, "46": 65.82278481012658, "47": 65.82278481012658, "48": 65.82278481012658, "49": 64.55696202531645, "50": 64.55696202531645, "51": 65.18987341772153, "52": 65.18987341772153, "53": 65.18987341772153, "54": 65.18987341772153, "55": 65.18987341772153, "56": 65.18987341772153, "57": 64.55696202531645, "58": 65.18987341772153, "59": 65.18987341772153, "60": 65.18987341772153, "61": 64.55696202531645, "62": 65.18987341772153, "63": 65.82278481012658, "64": 65.18987341772153, "65": 65.18987341772153, "66": 64.55696202531645, "67": 66.45569620253164, "68": 66.45569620253164, "69": 65.18987341772153, "70": 65.82278481012658, "71": 65.82278481012658, "72": 65.82278481012658, "73": 65.82278481012658, "74": 65.82278481012658, "75": 65.18987341772153, "76": 65.82278481012658, "77": 65.18987341772153, "78": 65.82278481012658, "79": 65.82278481012658, "80": 65.18987341772153, "81": 65.18987341772153, "82": 65.18987341772153, "83": 65.82278481012658, "84": 65.18987341772153, "85": 65.82278481012658, "86": 65.82278481012658, "87": 65.82278481012658, "88": 65.82278481012658, "89": 65.18987341772153, "90": 65.82278481012658, "91": 65.82278481012658, "92": 65.18987341772153, "93": 65.82278481012658, "94": 65.82278481012658, "95": 65.82278481012658, "96": 65.82278481012658, "97": 65.18987341772153, "98": 65.18987341772153, "99": 65.82278481012658, "100": 65.82278481012658}