{"1": 0.15302630312387655, "2": 0.13000669615807534, "3": 0.1232312653133297, "4": 0.12867151303963653, "5": 0.128342299731589, "6": 0.13606485776958524, "7": 0.13053500932007753, "8": 0.1341904266718399, "9": 0.13871897854684484, "10": 0.13228125863731602, "11": 0.1324652384310917, "12": 0.13076162542254294, "13": 0.13748587315493882, "14": 0.1403804448172046, "15": 0.1375614229525314, "16": 0.13627442736099282, "17": 0.1316677646787803, "18": 0.13403859085074263, "19": 0.13565597750626285, "20": 0.13758440227526494, "21": 0.13840738044192613, "22": 0.14462516570863262, "23": 0.13972539218277039, "24": 0.14780648253027925, "25": 0.14759163607692086, "26": 0.14110679868501408, "27": 0.1407387520432445, "28": 0.13684019642769393, "29": 0.13976046532523503, "30": 0.13857944564269967, "31": 0.1394642076581183, "32": 0.13878463341281153, "33": 0.14410282648144188, "34": 0.13869151443868905, "35": 0.13863348295716033, "36": 0.14187111051999327, "37": 0.13837832778770873, "38": 0.13348636654764465, "39": 0.13626059042728034, "40": 0.1330108535529553, "41": 0.13275470040380646, "42": 0.13369293588112977, "43": 0.13787859309879621, "44": 0.14010299239446256, "45": 0.13830883723330484, "46": 0.13475321183831415, "47": 0.1353626110027872, "48": 0.1383927738119896, "49": 0.1402028305149022, "50": 0.13880609417564507, "51": 0.13928968490949556, "52": 0.13878362073928002, "53": 0.13807715710396426, "54": 0.14119527120827566, "55": 0.13808244085527185, "56": 0.13976665429572405, "57": 0.13539844887556082, "58": 0.1362904760499346, "59": 0.13527982320482707, "60": 0.13779905576814855, "61": 0.13914287011109153, "62": 0.14130389958308676, "63": 0.1373220119997995, "64": 0.13674901700100106, "65": 0.1388430689510876, "66": 0.13877816324293826, "67": 0.14066032867693282, "68": 0.1429255173547563, "69": 0.1419511114970611, "70": 0.14218822330631295, "71": 0.14626695087850133, "72": 0.14461679894816315, "73": 0.14801933691215446, "74": 0.1476576009725201, "75": 0.14792437395321897, "76": 0.1404247511638595, "77": 0.14144649084281283, "78": 0.14519797205316087, "79": 0.1470711058785894, "80": 0.1453431063363212, "81": 0.1471943988701183, "82": 0.14655628443314844, "83": 0.14665809996743825, "84": 0.14674104407149124, "85": 0.14523869916410936, "86": 0.1462299275924184, "87": 0.14336738507899865, "88": 0.14430229150788282, "89": 0.14363216802117101, "90": 0.14946081287682575, "91": 0.14525314138905357, "92": 0.14650064008306013, "93": 0.14282273698670372, "94": 0.14394746616051327, "95": 0.15079634785226634, "96": 0.15261059414918876, "97": 0.1499400980275013, "98": 0.14783855746156674, "99": 0.14599017560671965, "100": 0.14834988772227306}