{"1": 0.22131506218929559, "2": 0.21010683535288693, "3": 0.1856733649659309, "4": 0.1895530076091152, "5": 0.15332843503251314, "6": 0.14972548608266556, "7": 0.16035920543538693, "8": 0.16440510644887138, "9": 0.15819579656771884, "10": 0.1474411977131009, "11": 0.1564104082402804, "12": 0.15748203979941003, "13": 0.1649631988620873, "14": 0.15482805278203327, "15": 0.16503236748761474, "16": 0.18455843581410114, "17": 0.17537336608007198, "18": 0.1741730050975684, "19": 0.1857046026332195, "20": 0.19096461616252314, "21": 0.176155479815197, "22": 0.1609647847487321, "23": 0.16957470774351852, "24": 0.18205484312033898, "25": 0.17993525837596186, "26": 0.1644810384560842, "27": 0.16147578293850057, "28": 0.14146952861825018, "29": 0.17016341402938806, "30": 0.17289873274981477, "31": 0.15586374748645304, "32": 0.17195167333698294, "33": 0.17168877264338367, "34": 0.16913675340104128, "35": 0.16915477763916054, "36": 0.15266139565090533, "37": 0.1653746082132327, "38": 0.1768824919513991, "39": 0.1765092197993624, "40": 0.16654675998603483, "41": 0.17096912645517548, "42": 0.16841131062497253, "43": 0.1579349346920801, "44": 0.17072652160533808, "45": 0.17090936514410277, "46": 0.17151333793324175, "47": 0.18199413872104453, "48": 0.17840007002479497, "49": 0.17059564399759297, "50": 0.1684378871374455, "51": 0.17029809296542156, "52": 0.17018484047695198, "53": 0.16606957779694112, "54": 0.16000287145709097, "55": 0.16341998135591768, "56": 0.18084151692066536, "57": 0.19087193689890292, "58": 0.1730007850173617, "59": 0.17560257028074583, "60": 0.1532172379800943, "61": 0.1655203677797362, "62": 0.16575993568601094, "63": 0.18142460854689788, "64": 0.18051181145829615, "65": 0.18189870850444614, "66": 0.16905283990329817, "67": 0.1729122683724239, "68": 0.15114077086913943, "69": 0.13658106265010206, "70": 0.1608370572372212, "71": 0.17157814318457854, "72": 0.18156120767506634, "73": 0.16621384875825262, "74": 0.16788959796301012, "75": 0.17570782800086837, "76": 0.17870601132301234, "77": 0.18505200598703042, "78": 0.1882101289849814, "79": 0.18600968922598504, "80": 0.1860285171930836, "81": 0.1854674395304693, "82": 0.18102703885870375, "83": 0.17721452981395314, "84": 0.16895397588647665, "85": 0.16987931483432897, "86": 0.15815068348256794, "87": 0.15266738512705202, "88": 0.1655193410387141, "89": 0.1623098312608483, "90": 0.17382223500095245, "91": 0.16274209532293832, "92": 0.1545042754849869, "93": 0.14818297634202754, "94": 0.1456985937355642, "95": 0.14481716076634799, "96": 0.14420663883756468, "97": 0.1559429102946698, "98": 0.15343602932562, "99": 0.17028126185753228, "100": 0.1507108486548619}