{"1": 32.91139240506329, "2": 41.77215189873418, "3": 37.9746835443038, "4": 43.67088607594937, "5": 39.24050632911392, "6": 37.9746835443038, "7": 41.139240506329116, "8": 38.607594936708864, "9": 38.607594936708864, "10": 39.87341772151899, "11": 39.87341772151899, "12": 41.77215189873418, "13": 41.77215189873418, "14": 45.56962025316456, "15": 45.56962025316456, "16": 44.936708860759495, "17": 44.936708860759495, "18": 43.037974683544306, "19": 41.139240506329116, "20": 43.037974683544306, "21": 43.67088607594937, "22": 44.936708860759495, "23": 44.303797468354425, "24": 44.303797468354425, "25": 44.936708860759495, "26": 45.56962025316456, "27": 44.303797468354425, "28": 43.67088607594937, "29": 43.67088607594937, "30": 44.303797468354425, "31": 44.936708860759495, "32": 44.303797468354425, "33": 44.936708860759495, "34": 43.67088607594937, "35": 44.936708860759495, "36": 45.56962025316456, "37": 44.936708860759495, "38": 46.20253164556962, "39": 47.46835443037975, "40": 47.46835443037975, "41": 47.46835443037975, "42": 48.10126582278481, "43": 47.46835443037975, "44": 46.20253164556962, "45": 46.20253164556962, "46": 46.835443037974684, "47": 48.734177215189874, "48": 47.46835443037975, "49": 48.10126582278481, "50": 46.835443037974684, "51": 47.46835443037975, "52": 46.20253164556962, "53": 46.835443037974684, "54": 46.835443037974684, "55": 46.20253164556962, "56": 46.20253164556962, "57": 46.20253164556962, "58": 46.20253164556962, "59": 46.20253164556962, "60": 45.56962025316456, "61": 45.56962025316456, "62": 46.20253164556962, "63": 46.20253164556962, "64": 46.20253164556962, "65": 46.835443037974684, "66": 47.46835443037975, "67": 48.10126582278481, "68": 47.46835443037975, "69": 48.10126582278481, "70": 47.46835443037975, "71": 48.10126582278481, "72": 48.734177215189874, "73": 48.10126582278481, "74": 48.10126582278481, "75": 48.10126582278481, "76": 48.10126582278481, "77": 48.734177215189874, "78": 48.10126582278481, "79": 48.734177215189874, "80": 48.10126582278481, "81": 48.10126582278481, "82": 47.46835443037975, "83": 48.10126582278481, "84": 48.10126582278481, "85": 47.46835443037975, "86": 47.46835443037975, "87": 48.734177215189874, "88": 48.10126582278481, "89": 48.734177215189874, "90": 48.734177215189874, "91": 47.46835443037975, "92": 46.835443037974684, "93": 47.46835443037975, "94": 47.46835443037975, "95": 46.20253164556962, "96": 45.56962025316456, "97": 43.67088607594937, "98": 41.139240506329116, "99": 43.037974683544306, "100": 44.936708860759495}