{"1": 34.177215189873415, "2": 36.075949367088604, "3": 37.9746835443038, "4": 42.405063291139236, "5": 43.67088607594937, "6": 39.87341772151899, "7": 41.77215189873418, "8": 40.50632911392405, "9": 41.139240506329116, "10": 37.9746835443038, "11": 37.9746835443038, "12": 37.9746835443038, "13": 37.9746835443038, "14": 40.50632911392405, "15": 35.44303797468354, "16": 36.708860759493675, "17": 39.87341772151899, "18": 39.87341772151899, "19": 37.34177215189873, "20": 37.34177215189873, "21": 37.34177215189873, "22": 38.607594936708864, "23": 39.24050632911392, "24": 38.607594936708864, "25": 37.9746835443038, "26": 38.607594936708864, "27": 41.77215189873418, "28": 41.139240506329116, "29": 41.139240506329116, "30": 40.50632911392405, "31": 43.037974683544306, "32": 40.50632911392405, "33": 39.24050632911392, "34": 43.037974683544306, "35": 39.24050632911392, "36": 37.9746835443038, "37": 41.77215189873418, "38": 43.67088607594937, "39": 45.56962025316456, "40": 40.50632911392405, "41": 39.24050632911392, "42": 37.9746835443038, "43": 43.037974683544306, "44": 41.139240506329116, "45": 44.303797468354425, "46": 42.405063291139236, "47": 41.139240506329116, "48": 44.303797468354425, "49": 41.77215189873418, "50": 43.67088607594937, "51": 38.607594936708864, "52": 44.936708860759495, "53": 44.936708860759495, "54": 44.303797468354425, "55": 41.77215189873418, "56": 41.139240506329116, "57": 37.9746835443038, "58": 40.50632911392405, "59": 39.24050632911392, "60": 37.9746835443038, "61": 40.50632911392405, "62": 41.139240506329116, "63": 37.9746835443038, "64": 39.87341772151899, "65": 38.607594936708864, "66": 42.405063291139236, "67": 41.77215189873418, "68": 44.936708860759495, "69": 40.50632911392405, "70": 43.67088607594937, "71": 43.67088607594937, "72": 44.303797468354425, "73": 43.037974683544306, "74": 41.139240506329116, "75": 43.037974683544306, "76": 41.139240506329116, "77": 43.67088607594937, "78": 42.405063291139236, "79": 43.037974683544306, "80": 43.037974683544306, "81": 43.67088607594937, "82": 44.303797468354425, "83": 41.139240506329116, "84": 40.50632911392405, "85": 36.708860759493675, "86": 40.50632911392405, "87": 36.708860759493675, "88": 40.50632911392405, "89": 39.24050632911392, "90": 39.24050632911392, "91": 36.708860759493675, "92": 36.708860759493675, "93": 35.44303797468354, "94": 33.54430379746836, "95": 35.44303797468354, "96": 37.34177215189873, "97": 41.77215189873418, "98": 36.708860759493675, "99": 37.34177215189873, "100": 39.24050632911392}