{"1": 41.17647058823529, "2": 41.17647058823529, "3": 41.17647058823529, "4": 43.13725490196079, "5": 52.94117647058824, "6": 50.98039215686274, "7": 52.94117647058824, "8": 52.94117647058824, "9": 50.98039215686274, "10": 56.86274509803921, "11": 54.90196078431373, "12": 56.86274509803921, "13": 60.78431372549019, "14": 58.82352941176471, "15": 60.78431372549019, "16": 56.86274509803921, "17": 56.86274509803921, "18": 56.86274509803921, "19": 56.86274509803921, "20": 60.78431372549019, "21": 58.82352941176471, "22": 56.86274509803921, "23": 56.86274509803921, "24": 60.78431372549019, "25": 60.78431372549019, "26": 60.78431372549019, "27": 62.745098039215684, "28": 58.82352941176471, "29": 58.82352941176471, "30": 58.82352941176471, "31": 58.82352941176471, "32": 58.82352941176471, "33": 58.82352941176471, "34": 60.78431372549019, "35": 60.78431372549019, "36": 58.82352941176471, "37": 60.78431372549019, "38": 60.78431372549019, "39": 60.78431372549019, "40": 60.78431372549019, "41": 60.78431372549019, "42": 60.78431372549019, "43": 58.82352941176471, "44": 58.82352941176471, "45": 60.78431372549019, "46": 60.78431372549019, "47": 60.78431372549019, "48": 60.78431372549019, "49": 60.78431372549019, "50": 60.78431372549019, "51": 60.78431372549019, "52": 60.78431372549019, "53": 62.745098039215684, "54": 60.78431372549019, "55": 60.78431372549019, "56": 62.745098039215684, "57": 60.78431372549019, "58": 60.78431372549019, "59": 60.78431372549019, "60": 60.78431372549019, "61": 62.745098039215684, "62": 62.745098039215684, "63": 62.745098039215684, "64": 62.745098039215684, "65": 62.745098039215684, "66": 62.745098039215684, "67": 62.745098039215684, "68": 62.745098039215684, "69": 62.745098039215684, "70": 62.745098039215684, "71": 62.745098039215684, "72": 62.745098039215684, "73": 62.745098039215684, "74": 62.745098039215684, "75": 62.745098039215684, "76": 62.745098039215684, "77": 62.745098039215684, "78": 62.745098039215684, "79": 62.745098039215684, "80": 60.78431372549019, "81": 60.78431372549019, "82": 60.78431372549019, "83": 60.78431372549019, "84": 60.78431372549019, "85": 58.82352941176471, "86": 58.82352941176471, "87": 58.82352941176471, "88": 58.82352941176471, "89": 58.82352941176471, "90": 58.82352941176471, "91": 58.82352941176471, "92": 58.82352941176471, "93": 58.82352941176471, "94": 58.82352941176471, "95": 58.82352941176471, "96": 58.82352941176471, "97": 58.82352941176471, "98": 56.86274509803921, "99": 56.86274509803921, "100": 56.86274509803921}