{"1": 31.25, "2": 31.25, "3": 33.33333333333333, "4": 39.58333333333333, "5": 39.58333333333333, "6": 39.58333333333333, "7": 39.58333333333333, "8": 35.41666666666667, "9": 39.58333333333333, "10": 37.5, "11": 35.41666666666667, "12": 37.5, "13": 37.5, "14": 37.5, "15": 35.41666666666667, "16": 37.5, "17": 39.58333333333333, "18": 37.5, "19": 33.33333333333333, "20": 35.41666666666667, "21": 37.5, "22": 37.5, "23": 35.41666666666667, "24": 37.5, "25": 35.41666666666667, "26": 35.41666666666667, "27": 35.41666666666667, "28": 39.58333333333333, "29": 35.41666666666667, "30": 35.41666666666667, "31": 37.5, "32": 39.58333333333333, "33": 37.5, "34": 39.58333333333333, "35": 39.58333333333333, "36": 33.33333333333333, "37": 41.66666666666667, "38": 37.5, "39": 41.66666666666667, "40": 35.41666666666667, "41": 31.25, "42": 33.33333333333333, "43": 41.66666666666667, "44": 41.66666666666667, "45": 41.66666666666667, "46": 41.66666666666667, "47": 39.58333333333333, "48": 41.66666666666667, "49": 37.5, "50": 39.58333333333333, "51": 35.41666666666667, "52": 45.83333333333333, "53": 41.66666666666667, "54": 41.66666666666667, "55": 39.58333333333333, "56": 39.58333333333333, "57": 37.5, "58": 41.66666666666667, "59": 39.58333333333333, "60": 37.5, "61": 37.5, "62": 39.58333333333333, "63": 39.58333333333333, "64": 39.58333333333333, "65": 35.41666666666667, "66": 41.66666666666667, "67": 37.5, "68": 41.66666666666667, "69": 39.58333333333333, "70": 41.66666666666667, "71": 43.75, "72": 43.75, "73": 41.66666666666667, "74": 39.58333333333333, "75": 37.5, "76": 37.5, "77": 39.58333333333333, "78": 39.58333333333333, "79": 39.58333333333333, "80": 39.58333333333333, "81": 43.75, "82": 41.66666666666667, "83": 39.58333333333333, "84": 39.58333333333333, "85": 33.33333333333333, "86": 33.33333333333333, "87": 33.33333333333333, "88": 33.33333333333333, "89": 33.33333333333333, "90": 31.25, "91": 31.25, "92": 33.33333333333333, "93": 33.33333333333333, "94": 31.25, "95": 33.33333333333333, "96": 35.41666666666667, "97": 39.58333333333333, "98": 33.33333333333333, "99": 37.5, "100": 37.5}