{"1": 0.28503651148767933, "2": 0.2809953328617267, "3": 0.29744453557325534, "4": 0.33502882372695836, "5": 0.26149252553860297, "6": 0.2550177782322728, "7": 0.2505665056944553, "8": 0.24506916035460632, "9": 0.24599067429604235, "10": 0.24561184630474261, "11": 0.24169347304364638, "12": 0.24403367887972105, "13": 0.24214103816781707, "14": 0.24241624858698, "15": 0.24491811721050358, "16": 0.24521235273424477, "17": 0.24466456033037196, "18": 0.24455434475544094, "19": 0.24530940436438822, "20": 0.24693525668793112, "21": 0.24999070292286818, "22": 0.24967167792711442, "23": 0.24993751555174212, "24": 0.24984156072997354, "25": 0.25184546846985323, "26": 0.2524395435064813, "27": 0.255779020846247, "28": 0.2573796831715497, "29": 0.25812321984093856, "30": 0.25843343387044676, "31": 0.2583338135977164, "32": 0.2567718768429468, "33": 0.25708744876836453, "34": 0.258966469231019, "35": 0.25972726418728953, "36": 0.26009305605201105, "37": 0.259792670491035, "38": 0.2606957801811694, "39": 0.2596223929477675, "40": 0.2596092064778573, "41": 0.25996894127428866, "42": 0.25830387244203923, "43": 0.25715775657495527, "44": 0.25827603055491993, "45": 0.2578631999499357, "46": 0.25891512974214875, "47": 0.25803138557890865, "48": 0.2580290136383254, "49": 0.2583315000123421, "50": 0.25872403664270754, "51": 0.2598047390094782, "52": 0.2618578604146831, "53": 0.26269636046239087, "54": 0.2649129099984362, "55": 0.26609443575115493, "56": 0.2660306461987498, "57": 0.2662710262705804, "58": 0.2663333450103215, "59": 0.2661571682700656, "60": 0.2638645958758774, "61": 0.263382025919984, "62": 0.26343822243885345, "63": 0.26277917351056335, "64": 0.2642526198806783, "65": 0.2651699901603892, "66": 0.2654594340884916, "67": 0.2660438276079542, "68": 0.2666268847085319, "69": 0.26697603582365753, "70": 0.26712263095315075, "71": 0.2670733715421681, "72": 0.26807716009479443, "73": 0.2684688849934074, "74": 0.2700087099634109, "75": 0.2703652399827529, "76": 0.2720016211932453, "77": 0.27225127446331604, "78": 0.27282648952870464, "79": 0.2724512027239873, "80": 0.2735972013228983, "81": 0.2735368672294944, "82": 0.27474257323435425, "83": 0.27371530107406034, "84": 0.273503175505416, "85": 0.2723064851577572, "86": 0.270635561774291, "87": 0.27091627488124326, "88": 0.27122716551400383, "89": 0.27060091692145843, "90": 0.27137180941202876, "91": 0.27148414360127177, "92": 0.273280989901255, "93": 0.27397622691256135, "94": 0.27568100616358854, "95": 0.2777007378220177, "96": 0.28135185906835514, "97": 0.28502191644104996, "98": 0.2884291280590574, "99": 0.2913294264068504, "100": 0.2955849163114283}