{"1": 50.54945054945055, "2": 48.35164835164835, "3": 52.74725274725275, "4": 52.74725274725275, "5": 58.24175824175825, "6": 59.34065934065934, "7": 54.94505494505495, "8": 57.14285714285714, "9": 53.84615384615385, "10": 53.84615384615385, "11": 53.84615384615385, "12": 57.14285714285714, "13": 53.84615384615385, "14": 53.84615384615385, "15": 56.043956043956044, "16": 54.94505494505495, "17": 52.74725274725275, "18": 47.25274725274725, "19": 51.64835164835166, "20": 50.54945054945055, "21": 50.54945054945055, "22": 51.64835164835166, "23": 50.54945054945055, "24": 51.64835164835166, "25": 52.74725274725275, "26": 53.84615384615385, "27": 53.84615384615385, "28": 53.84615384615385, "29": 58.24175824175825, "30": 54.94505494505495, "31": 59.34065934065934, "32": 53.84615384615385, "33": 53.84615384615385, "34": 53.84615384615385, "35": 54.94505494505495, "36": 56.043956043956044, "37": 51.64835164835166, "38": 53.84615384615385, "39": 51.64835164835166, "40": 56.043956043956044, "41": 56.043956043956044, "42": 54.94505494505495, "43": 52.74725274725275, "44": 52.74725274725275, "45": 53.84615384615385, "46": 53.84615384615385, "47": 59.34065934065934, "48": 54.94505494505495, "49": 54.94505494505495, "50": 54.94505494505495, "51": 52.74725274725275, "52": 53.84615384615385, "53": 52.74725274725275, "54": 56.043956043956044, "55": 52.74725274725275, "56": 56.043956043956044, "57": 52.74725274725275, "58": 53.84615384615385, "59": 54.94505494505495, "60": 52.74725274725275, "61": 53.84615384615385, "62": 54.94505494505495, "63": 53.84615384615385, "64": 52.74725274725275, "65": 56.043956043956044, "66": 53.84615384615385, "67": 59.34065934065934, "68": 54.94505494505495, "69": 54.94505494505495, "70": 53.84615384615385, "71": 58.24175824175825, "72": 56.043956043956044, "73": 60.43956043956044, "74": 58.24175824175825, "75": 60.43956043956044, "76": 60.43956043956044, "77": 57.14285714285714, "78": 53.84615384615385, "79": 53.84615384615385, "80": 57.14285714285714, "81": 54.94505494505495, "82": 54.94505494505495, "83": 53.84615384615385, "84": 57.14285714285714, "85": 56.043956043956044, "86": 56.043956043956044, "87": 57.14285714285714, "88": 56.043956043956044, "89": 56.043956043956044, "90": 56.043956043956044, "91": 54.94505494505495, "92": 56.043956043956044, "93": 56.043956043956044, "94": 57.14285714285714, "95": 58.24175824175825, "96": 54.94505494505495, "97": 56.043956043956044, "98": 56.043956043956044, "99": 59.34065934065934, "100": 60.43956043956044}