{"1": 0.07345974264598619, "2": 0.08680317341362391, "3": 0.10503382751530194, "4": 0.12961498172119088, "5": 0.1323781189229708, "6": 0.10726621534420075, "7": 0.08769624001100951, "8": 0.08615273031865059, "9": 0.08304275553524387, "10": 0.08586591656659753, "11": 0.08235685408272206, "12": 0.08969169866862126, "13": 0.08789865394870966, "14": 0.08657161489724582, "15": 0.08524321051121991, "16": 0.09264218462162024, "17": 0.08953457207084078, "18": 0.08726720811383283, "19": 0.08987982935277934, "20": 0.09610921947193779, "21": 0.10039776277723966, "22": 0.10244520073039784, "23": 0.10380948448109989, "24": 0.10348124823884336, "25": 0.10815404135064818, "26": 0.10938503005040157, "27": 0.11478459621678683, "28": 0.1232355765154573, "29": 0.12297672967369012, "30": 0.12513928926676549, "31": 0.12441895827951807, "32": 0.12593841190440402, "33": 0.1296870877720061, "34": 0.1365149535032178, "35": 0.13750435351898282, "36": 0.1356218554351205, "37": 0.13831788539160117, "38": 0.13539357242617056, "39": 0.13424965784009768, "40": 0.13547988422553617, "41": 0.13605995900155715, "42": 0.13633651252300266, "43": 0.13891571616467913, "44": 0.1390261091180969, "45": 0.13864944378271035, "46": 0.13585197989970316, "47": 0.1363817025144714, "48": 0.13840757770288292, "49": 0.1389716284193087, "50": 0.1411816080387078, "51": 0.1458773667464561, "52": 0.14539095427009224, "53": 0.14738215606030222, "54": 0.1482400626151435, "55": 0.14803826158247027, "56": 0.1480701810851222, "57": 0.14676716677170812, "58": 0.14412317426108007, "59": 0.14248783311541258, "60": 0.14617891550128026, "61": 0.14350572869756967, "62": 0.14243981195054023, "63": 0.14329828707797262, "64": 0.1400172993112658, "65": 0.1378720406661149, "66": 0.13578089491998288, "67": 0.13438668399592385, "68": 0.13608487216201062, "69": 0.13223567352143473, "70": 0.13434359861333225, "71": 0.13174193463614942, "72": 0.1307256969581435, "73": 0.13171960079745187, "74": 0.13168943548490275, "75": 0.13142589402777433, "76": 0.1310336295335347, "77": 0.132858611052118, "78": 0.1301764642116226, "79": 0.1304301523639912, "80": 0.1290293063623451, "81": 0.13136562230776158, "82": 0.13413663931378506, "83": 0.13433449799569352, "84": 0.13430175099574598, "85": 0.13550585448790564, "86": 0.13464590880208824, "87": 0.1337225916287621, "88": 0.13385450071137278, "89": 0.1331745178556337, "90": 0.13342585575618704, "91": 0.12768492377732021, "92": 0.12308852623462874, "93": 0.12068518097653538, "94": 0.11583607653471903, "95": 0.11032527990051798, "96": 0.10623052654818949, "97": 0.10184523845286964, "98": 0.10168615827808329, "99": 0.10085333769047526, "100": 0.09996904719520316}