{"1": 1.4165088529123104, "2": 1.420897543812631, "3": 1.408601392509965, "4": 1.4094227205286871, "5": 1.4467137756856234, "6": 1.4587022326682595, "7": 1.4863500742912235, "8": 1.4967615448672742, "9": 1.4652894558556313, "10": 1.451902072851623, "11": 1.386609986942757, "12": 1.3145308358399912, "13": 1.2979673742374014, "14": 1.2842856712075386, "15": 1.2693409449885535, "16": 1.2505408293708833, "17": 1.2528680625758288, "18": 1.2431926185382216, "19": 1.2598780527147848, "20": 1.2573421011235677, "21": 1.2964666902018753, "22": 1.3073810917956898, "23": 1.279415720318169, "24": 1.2954754934876658, "25": 1.3608333878757386, "26": 1.2893516742269049, "27": 1.310117957924505, "28": 1.2986941558051495, "29": 1.3093264431881417, "30": 1.353728157064514, "31": 1.3480243416446556, "32": 1.3571861724802519, "33": 1.3072935279449733, "34": 1.3422771485272293, "35": 1.3345533731521055, "36": 1.3161794084097598, "37": 1.3061206139072752, "38": 1.3273812855900808, "39": 1.3153929989560955, "40": 1.328075994142596, "41": 1.3036248844373772, "42": 1.2895921702342867, "43": 1.3562258121494746, "44": 1.3567030373244864, "45": 1.3215104796601735, "46": 1.296328831214991, "47": 1.2122142984487323, "48": 1.2014662734987964, "49": 1.196024971239264, "50": 1.1986892459901988, "51": 1.1818005489487504, "52": 1.1487840449876021, "53": 1.1131250574902316, "54": 1.1137737111612194, "55": 1.108803419065843, "56": 1.10779296238898, "57": 1.0948176826718479, "58": 1.1039476224164422, "59": 1.1124122490948698, "60": 1.0954372510612478, "61": 1.1143281706764068, "62": 1.1003229944317803, "63": 1.087609119069557, "64": 1.0971906531658675, "65": 1.0602298347010974, "66": 1.062489925829121, "67": 1.1107357381876517, "68": 1.0943899849246839, "69": 1.103073475671549, "70": 1.08615134767605, "71": 1.02830385730479, "72": 1.0304284587022539, "73": 0.994090213560629, "74": 0.9811285544722758, "75": 1.0006743575868358, "76": 1.0112705154258654, "77": 0.9968845251331538, "78": 0.97493319427575, "79": 0.9951409093212623, "80": 1.0239475354748053, "81": 1.045574606642023, "82": 1.0542813176099306, "83": 1.0465110676405702, "84": 1.0153695287756663, "85": 1.004838181256693, "86": 1.0081541377195493, "87": 0.9860661716865003, "88": 1.0132976157353646, "89": 1.0248841383340195, "90": 1.0253764583197431, "91": 1.0484754174568323, "92": 1.018800855050875, "93": 1.0210286675555658, "94": 1.1050712128270326, "95": 1.1472869561215127, "96": 1.138497031614293, "97": 1.1161729928315225, "98": 1.1367176194667727, "99": 1.1723457412264147, "100": 1.1782917001251558}