{"1": 48.10126582278481, "2": 50.63291139240506, "3": 49.36708860759494, "4": 47.46835443037975, "5": 48.10126582278481, "6": 48.10126582278481, "7": 48.734177215189874, "8": 51.26582278481012, "9": 50.0, "10": 50.0, "11": 50.0, "12": 49.36708860759494, "13": 50.63291139240506, "14": 52.53164556962025, "15": 50.63291139240506, "16": 51.89873417721519, "17": 52.53164556962025, "18": 51.26582278481012, "19": 49.36708860759494, "20": 50.63291139240506, "21": 50.0, "22": 50.63291139240506, "23": 52.53164556962025, "24": 51.26582278481012, "25": 51.89873417721519, "26": 51.26582278481012, "27": 51.26582278481012, "28": 52.53164556962025, "29": 51.26582278481012, "30": 51.26582278481012, "31": 51.89873417721519, "32": 51.26582278481012, "33": 51.26582278481012, "34": 50.63291139240506, "35": 52.53164556962025, "36": 51.26582278481012, "37": 51.89873417721519, "38": 51.89873417721519, "39": 51.26582278481012, "40": 50.63291139240506, "41": 51.26582278481012, "42": 51.26582278481012, "43": 50.63291139240506, "44": 51.26582278481012, "45": 50.63291139240506, "46": 50.63291139240506, "47": 52.53164556962025, "48": 53.16455696202531, "49": 52.53164556962025, "50": 51.26582278481012, "51": 52.53164556962025, "52": 52.53164556962025, "53": 52.53164556962025, "54": 53.16455696202531, "55": 51.89873417721519, "56": 51.89873417721519, "57": 52.53164556962025, "58": 53.16455696202531, "59": 52.53164556962025, "60": 53.16455696202531, "61": 53.16455696202531, "62": 52.53164556962025, "63": 53.79746835443038, "64": 52.53164556962025, "65": 55.06329113924051, "66": 54.43037974683544, "67": 53.79746835443038, "68": 54.43037974683544, "69": 53.16455696202531, "70": 53.16455696202531, "71": 53.79746835443038, "72": 51.26582278481012, "73": 52.53164556962025, "74": 51.89873417721519, "75": 52.53164556962025, "76": 52.53164556962025, "77": 53.16455696202531, "78": 52.53164556962025, "79": 53.16455696202531, "80": 51.89873417721519, "81": 53.16455696202531, "82": 52.53164556962025, "83": 53.16455696202531, "84": 53.16455696202531, "85": 52.53164556962025, "86": 52.53164556962025, "87": 53.16455696202531, "88": 53.16455696202531, "89": 53.16455696202531, "90": 52.53164556962025, "91": 53.16455696202531, "92": 52.53164556962025, "93": 53.79746835443038, "94": 53.79746835443038, "95": 53.79746835443038, "96": 53.79746835443038, "97": 53.16455696202531, "98": 52.53164556962025, "99": 54.43037974683544, "100": 52.53164556962025}