{"1": 0.13353099410223285, "2": 0.14330523668809747, "3": 0.13908306254526204, "4": 0.13464159423232608, "5": 0.14173366520239875, "6": 0.14499213405667913, "7": 0.15367046261854292, "8": 0.1462107039488721, "9": 0.13997514515502169, "10": 0.1405868807140918, "11": 0.14411785829954632, "12": 0.14289105440526959, "13": 0.13851911860503557, "14": 0.1330146101562179, "15": 0.14324942231451537, "16": 0.14187783750617833, "17": 0.1385561164634373, "18": 0.14060684441255444, "19": 0.13723864514433376, "20": 0.13690128038735236, "21": 0.13811776405473358, "22": 0.13575653347176497, "23": 0.1375170371301369, "24": 0.1376060327769562, "25": 0.14114755253779787, "26": 0.13924566867927185, "27": 0.1405871668646348, "28": 0.14066143205839854, "29": 0.14499137055349826, "30": 0.14286048564105713, "31": 0.14370093741113876, "32": 0.14073048211417072, "33": 0.14393234729139587, "34": 0.14276290156155685, "35": 0.1436542059918612, "36": 0.14467604658621874, "37": 0.14184549691755727, "38": 0.14451417713620815, "39": 0.1419527286981696, "40": 0.14079009397281037, "41": 0.14168802075816705, "42": 0.14094411678180063, "43": 0.1412790301703683, "44": 0.14009877653137448, "45": 0.1427573728990099, "46": 0.1449010133609918, "47": 0.14587291945624, "48": 0.14801671774973518, "49": 0.14639386530821302, "50": 0.1478210574782772, "51": 0.14651871897418844, "52": 0.14604584287214592, "53": 0.14473246352211774, "54": 0.14505497870536577, "55": 0.14512273183806165, "56": 0.14476343323324994, "57": 0.1456200589144419, "58": 0.14635118012651227, "59": 0.14609237834653757, "60": 0.142779187155482, "61": 0.14230862480818957, "62": 0.14276018047200534, "63": 0.14360631521754974, "64": 0.1443362045745616, "65": 0.14460350320618287, "66": 0.1444202064863812, "67": 0.14556756434829335, "68": 0.1436472551803325, "69": 0.14412389019989277, "70": 0.14266699146837664, "71": 0.14315904881226224, "72": 0.14342217198207682, "73": 0.14464125887101437, "74": 0.14484827190249688, "75": 0.14501059243664988, "76": 0.1461265992154119, "77": 0.14599634952413248, "78": 0.1464710645842395, "79": 0.14585074740286458, "80": 0.14492398216712316, "81": 0.14503878065647485, "82": 0.14571829350152732, "83": 0.14536047136631156, "84": 0.1463307511875112, "85": 0.1466624689499925, "86": 0.1462480954447677, "87": 0.14639352110922002, "88": 0.1467392952385803, "89": 0.14685210931708237, "90": 0.14914083949464865, "91": 0.14940928691805785, "92": 0.14964199297730835, "93": 0.15009752418238287, "94": 0.15086337023526658, "95": 0.1518761182867376, "96": 0.15257231919443648, "97": 0.15319550087235226, "98": 0.1542371170278419, "99": 0.158686386454025, "100": 0.1659991478761333}