{"1": 0.14548613343075611, "2": 0.1186833160675709, "3": 0.11982840738436693, "4": 0.12329542914566333, "5": 0.12165011493131381, "6": 0.11860722317300164, "7": 0.12582025674422262, "8": 0.12251081692122992, "9": 0.12483436930680067, "10": 0.12404189245331883, "11": 0.1257547493598771, "12": 0.12442373035668787, "13": 0.12658303211866043, "14": 0.12681161970598087, "15": 0.12674184996585686, "16": 0.12744587371342775, "17": 0.1258493272253789, "18": 0.12571361902754452, "19": 0.1280834490279527, "20": 0.12931357879463762, "21": 0.1268521778059032, "22": 0.12763995802978498, "23": 0.12763134418584327, "24": 0.13013009405818735, "25": 0.1272151856898529, "26": 0.12740978100754166, "27": 0.1272595061145601, "28": 0.12866372529055384, "29": 0.1304593229690711, "30": 0.12836525122564357, "31": 0.13004434268194154, "32": 0.13115032023536302, "33": 0.1316013861008295, "34": 0.13118798494456094, "35": 0.1313515441995806, "36": 0.13170304516614262, "37": 0.13372567374899721, "38": 0.1302407184098717, "39": 0.13099915865249037, "40": 0.13020602298440026, "41": 0.131991468707797, "42": 0.13057406938075175, "43": 0.13072525724101075, "44": 0.12946336650631904, "45": 0.12962159779221016, "46": 0.13113858426955616, "47": 0.12973155037846518, "48": 0.13109069443416654, "49": 0.13268033397841297, "50": 0.1346856315852162, "51": 0.13421442301555161, "52": 0.13401535914394475, "53": 0.13521316855250268, "54": 0.1335274506137379, "55": 0.13357583124652708, "56": 0.13441051996266187, "57": 0.1324397406788575, "58": 0.13375631473923996, "59": 0.1322718823069143, "60": 0.131860423744271, "61": 0.13187667578413767, "62": 0.13255656112112216, "63": 0.13450762776029532, "64": 0.1342267731194087, "65": 0.13436362698875012, "66": 0.1317718033592208, "67": 0.13146941444585372, "68": 0.1321622371599784, "69": 0.1315026574032603, "70": 0.13230155702379873, "71": 0.13016184299727562, "72": 0.12979226589329948, "73": 0.12989258829522055, "74": 0.1296060332573812, "75": 0.13071810533319994, "76": 0.13153212973932418, "77": 0.12917809523355486, "78": 0.1298367720811277, "79": 0.12986376051581766, "80": 0.12798696144664848, "81": 0.1287379423416736, "82": 0.12908665833051358, "83": 0.12948158690058628, "84": 0.12853352202864554, "85": 0.12679210548964084, "86": 0.12635076248448193, "87": 0.12669029378687804, "88": 0.12744080464878613, "89": 0.12849241869558853, "90": 0.1268630564882458, "91": 0.12717314681270012, "92": 0.12726184715944663, "93": 0.12711155845459293, "94": 0.1253057564964375, "95": 0.12612503104460934, "96": 0.12620639288719662, "97": 0.1256653202472568, "98": 0.12770293804786406, "99": 0.1256700652225659, "100": 0.1267969038198895}