{"1": 0.18239033290523365, "2": 0.16117961690626112, "3": 0.159815673874498, "4": 0.1420005420196704, "5": 0.1374820904507961, "6": 0.14268675183359308, "7": 0.14561711957231074, "8": 0.14041565902818873, "9": 0.13504993356060802, "10": 0.13167521356314624, "11": 0.13141658112627386, "12": 0.1273230819302113, "13": 0.12598911629279144, "14": 0.12491623440468999, "15": 0.12634589960644352, "16": 0.12346139851898544, "17": 0.12684411807200652, "18": 0.1296673502170249, "19": 0.12985909287989206, "20": 0.1292438100240438, "21": 0.12570797781729054, "22": 0.1261831659888294, "23": 0.12911560464449037, "24": 0.12753227937947548, "25": 0.12432861837915034, "26": 0.12863124627360797, "27": 0.12655688508976293, "28": 0.12540272568394556, "29": 0.1263569542466362, "30": 0.12420758380541384, "31": 0.12398404481871701, "32": 0.12462159147373227, "33": 0.12586603322822537, "34": 0.1259594378536886, "35": 0.12371394414660547, "36": 0.12494842535158038, "37": 0.1241916743843167, "38": 0.12426476822403829, "39": 0.12619234484535502, "40": 0.12633524410678315, "41": 0.12639023071016056, "42": 0.1293934321966775, "43": 0.1280534018173699, "44": 0.12789030319299363, "45": 0.12939945457753071, "46": 0.1298354660336299, "47": 0.13050017362550126, "48": 0.12985805833325567, "49": 0.13104523731281756, "50": 0.13264652145774614, "51": 0.13143816077774348, "52": 0.13148945323877728, "53": 0.1325552817455235, "54": 0.13217878966760208, "55": 0.13228141860901083, "56": 0.1323286447905689, "57": 0.13165187377837578, "58": 0.13166675179580842, "59": 0.1328538977175655, "60": 0.13336830244841735, "61": 0.13243739035901989, "62": 0.13416108037493274, "63": 0.13086420281206435, "64": 0.1317158842302204, "65": 0.13366219395797543, "66": 0.13416456224776638, "67": 0.13312817633063104, "68": 0.13184084320766365, "69": 0.1332845271612842, "70": 0.13328098111296202, "71": 0.13482854542943937, "72": 0.13468233138075567, "73": 0.1353182903228042, "74": 0.1348744576517548, "75": 0.13561123574004535, "76": 0.13498219581440507, "77": 0.13453844351027264, "78": 0.13596269673375777, "79": 0.1360621653365085, "80": 0.1356577774830466, "81": 0.13570521141302921, "82": 0.13545170977568652, "83": 0.13516825667454635, "84": 0.1347644632837575, "85": 0.13426478256888733, "86": 0.135564746950013, "87": 0.13564229945922546, "88": 0.13533691460909267, "89": 0.13503237734904489, "90": 0.13459659783535152, "91": 0.13352130417864538, "92": 0.13293058183180145, "93": 0.13277603047909783, "94": 0.13324688432904713, "95": 0.132308483073607, "96": 0.13229221017673778, "97": 0.13213833982466583, "98": 0.13237669085861933, "99": 0.13242301353431962, "100": 0.12986940023575555}