{"1": 0.08135152885598157, "2": 0.09237443702732111, "3": 0.1609614450302448, "4": 0.1549348065158029, "5": 0.14290031877183007, "6": 0.14857139790120338, "7": 0.07615971170935858, "8": 0.10537794573553336, "9": 0.1374385182988763, "10": 0.17569466338988682, "11": 0.1233531331220652, "12": 0.11612473950054752, "13": 0.06684352808467393, "14": 0.13942381025303405, "15": 0.09173929998155389, "16": 0.0934600430586337, "17": 0.08072091757419594, "18": 0.04570311751486148, "19": 0.0431921829440506, "20": 0.07707247182976892, "21": 0.10332118625061354, "22": 0.07562626774731238, "23": 0.07814524495432183, "24": 0.08542759531140338, "25": 0.0950684258567465, "26": 0.05904381281969188, "27": 0.06960030506117948, "28": 0.13863165670217947, "29": 0.07162955833064352, "30": 0.10532985870518163, "31": 0.101500290106479, "32": 0.1057357500480757, "33": 0.07256210847020032, "34": 0.07085167677769384, "35": 0.11698289803563029, "36": 0.10087978622661205, "37": 0.11584804601913891, "38": 0.11003694426645702, "39": 0.06821801698693968, "40": 0.11896075206198166, "41": 0.08326065235802411, "42": 0.09751486294283121, "43": 0.08688011564223715, "44": 0.15215998741731218, "45": 0.07896302902919473, "46": 0.10736707323867911, "47": 0.10440092521964305, "48": 0.081506313828202, "49": 0.14538162927414813, "50": 0.12056615697978296, "51": 0.1283958843841578, "52": 0.14736844019569473, "53": 0.11877398237751412, "54": 0.1195102137598154, "55": 0.1637556400928679, "56": 0.135821318974738, "57": 0.11463371147596835, "58": 0.12918086560952824, "59": 0.1339596247797343, "60": 0.15259802015760005, "61": 0.12093614864202008, "62": 0.12670194691148456, "63": 0.1361075943989195, "64": 0.1272524168076501, "65": 0.09822425111690082, "66": 0.15573812338290746, "67": 0.12823797933069667, "68": 0.129169655635383, "69": 0.14260323518007426, "70": 0.14548795355856803, "71": 0.15370559851835155, "72": 0.17288636626097434, "73": 0.18347632838274824, "74": 0.1645313683837885, "75": 0.13092710258247586, "76": 0.12872579571352405, "77": 0.16040852010220627, "78": 0.11490905124300353, "79": 0.0962248670797258, "80": 0.1551691169594803, "81": 0.13284951769727707, "82": 0.1119996235422697, "83": 0.12212973905096025, "84": 0.13149331558911892, "85": 0.14213525013637307, "86": 0.12609942236203522, "87": 0.1236950318775537, "88": 0.13276888550106308, "89": 0.14285444002541559, "90": 0.11143815691345407, "91": 0.13829895691679275, "92": 0.10857074130258786, "93": 0.12245652477990868, "94": 0.1288087246916078, "95": 0.1248907713219727, "96": 0.11715915682585139, "97": 0.11022262478907952, "98": 0.10248765415260092, "99": 0.09997937104934511, "100": 0.08977873858407766}