{"1": 34.065934065934066, "2": 35.16483516483517, "3": 35.16483516483517, "4": 38.46153846153847, "5": 43.956043956043956, "6": 42.857142857142854, "7": 47.25274725274725, "8": 47.25274725274725, "9": 43.956043956043956, "10": 43.956043956043956, "11": 45.05494505494506, "12": 43.956043956043956, "13": 41.75824175824176, "14": 47.25274725274725, "15": 47.25274725274725, "16": 41.75824175824176, "17": 41.75824175824176, "18": 36.26373626373626, "19": 39.56043956043956, "20": 45.05494505494506, "21": 40.65934065934066, "22": 43.956043956043956, "23": 40.65934065934066, "24": 41.75824175824176, "25": 38.46153846153847, "26": 38.46153846153847, "27": 39.56043956043956, "28": 43.956043956043956, "29": 43.956043956043956, "30": 42.857142857142854, "31": 43.956043956043956, "32": 47.25274725274725, "33": 46.15384615384615, "34": 46.15384615384615, "35": 45.05494505494506, "36": 45.05494505494506, "37": 46.15384615384615, "38": 40.65934065934066, "39": 41.75824175824176, "40": 43.956043956043956, "41": 42.857142857142854, "42": 46.15384615384615, "43": 45.05494505494506, "44": 46.15384615384615, "45": 43.956043956043956, "46": 45.05494505494506, "47": 43.956043956043956, "48": 43.956043956043956, "49": 45.05494505494506, "50": 45.05494505494506, "51": 45.05494505494506, "52": 45.05494505494506, "53": 42.857142857142854, "54": 42.857142857142854, "55": 41.75824175824176, "56": 43.956043956043956, "57": 42.857142857142854, "58": 42.857142857142854, "59": 41.75824175824176, "60": 41.75824175824176, "61": 42.857142857142854, "62": 43.956043956043956, "63": 42.857142857142854, "64": 42.857142857142854, "65": 42.857142857142854, "66": 42.857142857142854, "67": 45.05494505494506, "68": 45.05494505494506, "69": 45.05494505494506, "70": 45.05494505494506, "71": 45.05494505494506, "72": 42.857142857142854, "73": 45.05494505494506, "74": 46.15384615384615, "75": 43.956043956043956, "76": 47.25274725274725, "77": 43.956043956043956, "78": 43.956043956043956, "79": 42.857142857142854, "80": 42.857142857142854, "81": 41.75824175824176, "82": 42.857142857142854, "83": 43.956043956043956, "84": 45.05494505494506, "85": 45.05494505494506, "86": 42.857142857142854, "87": 45.05494505494506, "88": 43.956043956043956, "89": 43.956043956043956, "90": 45.05494505494506, "91": 45.05494505494506, "92": 43.956043956043956, "93": 45.05494505494506, "94": 46.15384615384615, "95": 45.05494505494506, "96": 45.05494505494506, "97": 42.857142857142854, "98": 43.956043956043956, "99": 45.05494505494506, "100": 45.05494505494506}