{"1": 37.362637362637365, "2": 35.16483516483517, "3": 37.362637362637365, "4": 38.46153846153847, "5": 38.46153846153847, "6": 36.26373626373626, "7": 32.967032967032964, "8": 31.868131868131865, "9": 35.16483516483517, "10": 38.46153846153847, "11": 35.16483516483517, "12": 38.46153846153847, "13": 36.26373626373626, "14": 38.46153846153847, "15": 39.56043956043956, "16": 37.362637362637365, "17": 38.46153846153847, "18": 36.26373626373626, "19": 36.26373626373626, "20": 34.065934065934066, "21": 36.26373626373626, "22": 37.362637362637365, "23": 37.362637362637365, "24": 38.46153846153847, "25": 38.46153846153847, "26": 37.362637362637365, "27": 39.56043956043956, "28": 38.46153846153847, "29": 37.362637362637365, "30": 36.26373626373626, "31": 37.362637362637365, "32": 38.46153846153847, "33": 36.26373626373626, "34": 35.16483516483517, "35": 36.26373626373626, "36": 37.362637362637365, "37": 39.56043956043956, "38": 38.46153846153847, "39": 39.56043956043956, "40": 39.56043956043956, "41": 40.65934065934066, "42": 40.65934065934066, "43": 40.65934065934066, "44": 41.75824175824176, "45": 41.75824175824176, "46": 37.362637362637365, "47": 38.46153846153847, "48": 37.362637362637365, "49": 38.46153846153847, "50": 37.362637362637365, "51": 38.46153846153847, "52": 38.46153846153847, "53": 39.56043956043956, "54": 38.46153846153847, "55": 38.46153846153847, "56": 37.362637362637365, "57": 37.362637362637365, "58": 37.362637362637365, "59": 37.362637362637365, "60": 38.46153846153847, "61": 37.362637362637365, "62": 38.46153846153847, "63": 37.362637362637365, "64": 37.362637362637365, "65": 36.26373626373626, "66": 39.56043956043956, "67": 38.46153846153847, "68": 39.56043956043956, "69": 39.56043956043956, "70": 37.362637362637365, "71": 38.46153846153847, "72": 38.46153846153847, "73": 38.46153846153847, "74": 38.46153846153847, "75": 38.46153846153847, "76": 37.362637362637365, "77": 38.46153846153847, "78": 37.362637362637365, "79": 38.46153846153847, "80": 39.56043956043956, "81": 38.46153846153847, "82": 39.56043956043956, "83": 38.46153846153847, "84": 38.46153846153847, "85": 38.46153846153847, "86": 39.56043956043956, "87": 38.46153846153847, "88": 37.362637362637365, "89": 37.362637362637365, "90": 36.26373626373626, "91": 36.26373626373626, "92": 36.26373626373626, "93": 38.46153846153847, "94": 37.362637362637365, "95": 37.362637362637365, "96": 37.362637362637365, "97": 38.46153846153847, "98": 38.46153846153847, "99": 38.46153846153847, "100": 37.362637362637365}