{"1": 0.2351793552172854, "2": 0.01604610903341251, "3": 0.031803810310669145, "4": 0.0675183200780575, "5": 0.012337428198080383, "6": 0.07991254109656384, "7": 0.06609802793226101, "8": 0.13168367609393777, "9": 0.1522454044355151, "10": 0.19047178951936317, "11": 0.18452307274171986, "12": 0.19574717514604284, "13": 0.1204016448611129, "14": 0.21402627723297424, "15": 0.1278830603812496, "16": 0.11507816542320165, "17": 0.1174963610050081, "18": 0.06882332012035094, "19": 0.07255554255031225, "20": 0.09213407524388963, "21": 0.15440160351045937, "22": 0.08179005020985239, "23": 0.03699240688634675, "24": 0.09344027227225724, "25": 0.10522604693086632, "26": 0.026509464048343975, "27": 0.05918667437198098, "28": 0.18072201909324054, "29": 0.10884877757676589, "30": 0.16419100936369996, "31": 0.13904660699524862, "32": 0.13346047706684563, "33": 0.1010981995048413, "34": 0.09933810981738415, "35": 0.18009687170091165, "36": 0.15965095148703803, "37": 0.16370088048582682, "38": 0.19873201135798851, "39": 0.1178109274782577, "40": 0.2248975894583517, "41": 0.1434426386379729, "42": 0.17105383281204373, "43": 0.15641656546249852, "44": 0.20469071317565357, "45": 0.11527066202223654, "46": 0.13357394303225228, "47": 0.16948172256484997, "48": 0.11558320141679296, "49": 0.16738134431408008, "50": 0.1585070099014973, "51": 0.1819250596601269, "52": 0.17683351885784454, "53": 0.1548712127523983, "54": 0.17677269582418237, "55": 0.270743440782411, "56": 0.2219693595138678, "57": 0.16831625732379227, "58": 0.1852742606253146, "59": 0.17425136658768037, "60": 0.17924350664324634, "61": 0.2032434809608766, "62": 0.15377953750270607, "63": 0.1560900380469291, "64": 0.1700736357199784, "65": 0.12950362967529996, "66": 0.19630825313187925, "67": 0.18732145540475975, "68": 0.20077886242667126, "69": 0.20935640981058543, "70": 0.20772249685431216, "71": 0.21146754026268227, "72": 0.2425493468233988, "73": 0.2569294195714311, "74": 0.24434618895780527, "75": 0.19022790880463336, "76": 0.16132103077913917, "77": 0.2117348118086656, "78": 0.1471361194308462, "79": 0.13035533047879738, "80": 0.2026512415687496, "81": 0.16013000293949683, "82": 0.15533883281511546, "83": 0.14961238505119673, "84": 0.18053203455975103, "85": 0.17594922041271044, "86": 0.20709543666667096, "87": 0.17495981823532233, "88": 0.15585150694665495, "89": 0.16345153171635812, "90": 0.12615111641590604, "91": 0.17000235229083197, "92": 0.15728264692900437, "93": 0.1722101037370785, "94": 0.17060036909372295, "95": 0.17224268370198703, "96": 0.13312099107515354, "97": 0.14409068414804868, "98": 0.12146145911440959, "99": 0.12491484840525632, "100": 0.08874006613141047}