{"1": 50.54945054945055, "2": 58.24175824175825, "3": 59.34065934065934, "4": 54.94505494505495, "5": 53.84615384615385, "6": 58.24175824175825, "7": 58.24175824175825, "8": 57.14285714285714, "9": 57.14285714285714, "10": 58.24175824175825, "11": 60.43956043956044, "12": 57.14285714285714, "13": 61.53846153846154, "14": 62.637362637362635, "15": 62.637362637362635, "16": 62.637362637362635, "17": 62.637362637362635, "18": 64.83516483516483, "19": 64.83516483516483, "20": 65.93406593406593, "21": 68.13186813186813, "22": 69.23076923076923, "23": 70.32967032967034, "24": 70.32967032967034, "25": 71.42857142857143, "26": 71.42857142857143, "27": 72.52747252747253, "28": 72.52747252747253, "29": 73.62637362637363, "30": 72.52747252747253, "31": 73.62637362637363, "32": 73.62637362637363, "33": 73.62637362637363, "34": 73.62637362637363, "35": 73.62637362637363, "36": 73.62637362637363, "37": 73.62637362637363, "38": 73.62637362637363, "39": 72.52747252747253, "40": 72.52747252747253, "41": 72.52747252747253, "42": 72.52747252747253, "43": 72.52747252747253, "44": 73.62637362637363, "45": 72.52747252747253, "46": 72.52747252747253, "47": 71.42857142857143, "48": 70.32967032967034, "49": 70.32967032967034, "50": 70.32967032967034, "51": 71.42857142857143, "52": 72.52747252747253, "53": 71.42857142857143, "54": 73.62637362637363, "55": 72.52747252747253, "56": 72.52747252747253, "57": 72.52747252747253, "58": 73.62637362637363, "59": 72.52747252747253, "60": 72.52747252747253, "61": 72.52747252747253, "62": 72.52747252747253, "63": 72.52747252747253, "64": 72.52747252747253, "65": 72.52747252747253, "66": 72.52747252747253, "67": 72.52747252747253, "68": 73.62637362637363, "69": 73.62637362637363, "70": 73.62637362637363, "71": 74.72527472527473, "72": 74.72527472527473, "73": 74.72527472527473, "74": 74.72527472527473, "75": 73.62637362637363, "76": 73.62637362637363, "77": 73.62637362637363, "78": 73.62637362637363, "79": 73.62637362637363, "80": 73.62637362637363, "81": 73.62637362637363, "82": 73.62637362637363, "83": 72.52747252747253, "84": 71.42857142857143, "85": 71.42857142857143, "86": 71.42857142857143, "87": 70.32967032967034, "88": 71.42857142857143, "89": 72.52747252747253, "90": 72.52747252747253, "91": 72.52747252747253, "92": 72.52747252747253, "93": 71.42857142857143, "94": 72.52747252747253, "95": 71.42857142857143, "96": 71.42857142857143, "97": 70.32967032967034, "98": 70.32967032967034, "99": 70.32967032967034, "100": 68.13186813186813}