{"1": 0.22403518112110524, "2": 0.20417647697791474, "3": 0.19435151172182488, "4": 0.19338918037135822, "5": 0.18277800158802313, "6": 0.17333142841402716, "7": 0.18266414655061128, "8": 0.17784463703960796, "9": 0.1793540379994919, "10": 0.17501820869874152, "11": 0.17780537890763012, "12": 0.17703240688250196, "13": 0.17820237972865505, "14": 0.17516524924206978, "15": 0.17758544490585848, "16": 0.17933409200473088, "17": 0.1781175221509675, "18": 0.18506247296733447, "19": 0.18243947032836189, "20": 0.17917948088066668, "21": 0.17822466558012356, "22": 0.17889232429720694, "23": 0.1838339814656046, "24": 0.18290407484170507, "25": 0.18081874183494986, "26": 0.18522715889492353, "27": 0.18305911842498723, "28": 0.1835852164592608, "29": 0.18286512816669448, "30": 0.1815816199173668, "31": 0.18082765083143526, "32": 0.18258007154781092, "33": 0.18307249707482354, "34": 0.18457372636610125, "35": 0.1826456556047054, "36": 0.18381009129517906, "37": 0.18346910067968128, "38": 0.1837683482774718, "39": 0.1877653019800858, "40": 0.1843565649349492, "41": 0.18469929553191916, "42": 0.1867784321892897, "43": 0.1841573155291535, "44": 0.18162773508799043, "45": 0.1849322861670431, "46": 0.18373707637973938, "47": 0.18189600749592308, "48": 0.18446962557083607, "49": 0.18722487791687614, "50": 0.1886115362063583, "51": 0.18609415825147332, "52": 0.18462982021271868, "53": 0.18638007621832078, "54": 0.18565686710051035, "55": 0.18816530056313285, "56": 0.18430386998758155, "57": 0.18740126478617858, "58": 0.18630072994734276, "59": 0.18732583927867677, "60": 0.18636159894841262, "61": 0.18667316225053657, "62": 0.18734373371006718, "63": 0.18612665494204553, "64": 0.18669003334446502, "65": 0.18730730487077138, "66": 0.1852943158644081, "67": 0.18382015783999647, "68": 0.18448728090165284, "69": 0.18650123171953467, "70": 0.18616535424142133, "71": 0.18389308674932223, "72": 0.1817398155979636, "73": 0.1817696509062886, "74": 0.1824324969894939, "75": 0.18196182761924168, "76": 0.18166614864840355, "77": 0.17965233379048584, "78": 0.1814940889424807, "79": 0.18428646489662598, "80": 0.18220344939343391, "81": 0.1828304273895545, "82": 0.18385972869778638, "83": 0.18575670768338307, "84": 0.18258093498214728, "85": 0.1821347188819671, "86": 0.1830811904258332, "87": 0.18396144601347303, "88": 0.182815062028001, "89": 0.18452430896177122, "90": 0.18272031617713907, "91": 0.18345903780843553, "92": 0.18579028409531625, "93": 0.18512868137486732, "94": 0.18470001806472258, "95": 0.18523125521929368, "96": 0.18299242977857721, "97": 0.18016739577145927, "98": 0.18066920966907982, "99": 0.1811588454979319, "100": 0.17879718094976926}