{"1": 0.42459897756621734, "2": 0.42344422175178087, "3": 0.42522851373300485, "4": 0.41898600780941736, "5": 0.42207169462428923, "6": 0.4226793965761572, "7": 0.42997756546473337, "8": 0.4297683849359981, "9": 0.43021303048718074, "10": 0.4226036922877151, "11": 0.42212968793693867, "12": 0.41473741732897734, "13": 0.4079975674737366, "14": 0.40963629252856704, "15": 0.4039241329244462, "16": 0.397520228229273, "17": 0.39026262284116375, "18": 0.3866917151903521, "19": 0.3879846817262047, "20": 0.3848932920483162, "21": 0.3845527089736394, "22": 0.38402158434784106, "23": 0.38176201563596524, "24": 0.3772148148836745, "25": 0.38195677512548765, "26": 0.3778576132563351, "27": 0.38201894477982307, "28": 0.3779975698544609, "29": 0.37739318018247625, "30": 0.3773560137246336, "31": 0.38001118422646823, "32": 0.37868997427187834, "33": 0.3793178551956766, "34": 0.38726737212857454, "35": 0.39161519190464983, "36": 0.38728718921296323, "37": 0.3911803136454689, "38": 0.3899573013406704, "39": 0.39455384004231864, "40": 0.3996640094849222, "41": 0.39751527347861737, "42": 0.3960091591802639, "43": 0.39930411605654614, "44": 0.39632964002330756, "45": 0.3971068958301219, "46": 0.3972364106464887, "47": 0.3929034380858558, "48": 0.39650404629545377, "49": 0.39247313593313876, "50": 0.3950360875265863, "51": 0.39536701452456297, "52": 0.39307034022791354, "53": 0.38562694915155726, "54": 0.38919135959284973, "55": 0.3895208587638973, "56": 0.39430077901790966, "57": 0.39459677651960345, "58": 0.39376300845733425, "59": 0.4013286113350513, "60": 0.40292981667723166, "61": 0.4005488956261205, "62": 0.40568217934718964, "63": 0.405724377220615, "64": 0.40899838627916685, "65": 0.4129761717207988, "66": 0.4113944960066286, "67": 0.41395741011442855, "68": 0.4198745153350138, "69": 0.41547223677908035, "70": 0.4183266008352416, "71": 0.4181492316949979, "72": 0.4193050849895337, "73": 0.4175867590979225, "74": 0.4248774409342852, "75": 0.4244663522045902, "76": 0.4228597432310785, "77": 0.4240997323514394, "78": 0.42463440940743435, "79": 0.42315870133475236, "80": 0.4259489317141761, "81": 0.42544463638149593, "82": 0.42880290756390615, "83": 0.43129577936787195, "84": 0.4270045672820173, "85": 0.4190988195049257, "86": 0.42589258847388256, "87": 0.42705222671603127, "88": 0.43314650255413223, "89": 0.43330940410410335, "90": 0.4299172578915015, "91": 0.43004668989747047, "92": 0.4248357834309304, "93": 0.41935945102681793, "94": 0.42648383561685166, "95": 0.43161174079226466, "96": 0.43173555839597144, "97": 0.43413008621536825, "98": 0.4334933699118105, "99": 0.4478690911234016, "100": 0.4543581758758657}