{"1": 0.21116850304701526, "2": 0.1603942432468514, "3": 0.14687887901753116, "4": 0.15108298700457168, "5": 0.1480778461934536, "6": 0.1397955885868812, "7": 0.14482621414479768, "8": 0.1457149423053248, "9": 0.1424292335804399, "10": 0.14932156410433653, "11": 0.1467803476719716, "12": 0.14978188833164177, "13": 0.14687170221963874, "14": 0.14903290666646501, "15": 0.1457263041944372, "16": 0.14952170104041598, "17": 0.1456153203246678, "18": 0.1456090469317825, "19": 0.14690948917671764, "20": 0.1573738775084907, "21": 0.15412947222573212, "22": 0.15694054328191054, "23": 0.15247302703150545, "24": 0.1483947050597106, "25": 0.1485171548691379, "26": 0.1489387143822719, "27": 0.14827348384219413, "28": 0.14989871900124685, "29": 0.15120493795717924, "30": 0.14588856310194306, "31": 0.14834233781626288, "32": 0.14368323577855963, "33": 0.14723955900806962, "34": 0.14486940863716163, "35": 0.14359526590930216, "36": 0.14828468517057095, "37": 0.1459149020310007, "38": 0.14494332883038052, "39": 0.14870118360048618, "40": 0.14334810268593312, "41": 0.14484497662001278, "42": 0.1433155187925893, "43": 0.14098312609397826, "44": 0.1447109587538151, "45": 0.1430641750411035, "46": 0.14205994702285082, "47": 0.14022025906913319, "48": 0.1416484766718915, "49": 0.14439018865905062, "50": 0.14323683407161883, "51": 0.14490288174324825, "52": 0.14096048240364767, "53": 0.1467970872117605, "54": 0.14381892430655385, "55": 0.1522516168661438, "56": 0.14649269735970954, "57": 0.14175634222060154, "58": 0.14235851869365718, "59": 0.1435891391168198, "60": 0.14516714816757437, "61": 0.14444433297667894, "62": 0.14049232712040446, "63": 0.1460204282527312, "64": 0.14644834097923756, "65": 0.14559050931910023, "66": 0.14807459257829594, "67": 0.1479423496642957, "68": 0.14904692643613962, "69": 0.15090846462448246, "70": 0.14639464570409466, "71": 0.14577901337692756, "72": 0.15063630481991666, "73": 0.15383127293300886, "74": 0.154650697426516, "75": 0.14909787854074252, "76": 0.14603269457439752, "77": 0.15072081747949004, "78": 0.14437498336644614, "79": 0.1431171976302209, "80": 0.14714492131576348, "81": 0.14470934814414485, "82": 0.1436799940067577, "83": 0.14399496070737897, "84": 0.14620088585902422, "85": 0.14215651363192763, "86": 0.14423529386219078, "87": 0.14514770039600625, "88": 0.14619361617782456, "89": 0.14416724763419128, "90": 0.1420820338620096, "91": 0.146107651735791, "92": 0.1421009880168599, "93": 0.1464858102311842, "94": 0.14270063432681873, "95": 0.1426594920347464, "96": 0.14146751426241497, "97": 0.14167765022588924, "98": 0.14561891303162355, "99": 0.14476631429246828, "100": 0.14647598991105787}