{"1": 0.14305436469729782, "2": 0.22770398312538717, "3": 0.1926294294260739, "4": 0.15629073868667392, "5": 0.13995411978439676, "6": 0.13019636580466126, "7": 0.1197255520498696, "8": 0.0889959788775599, "9": 0.10706600058910809, "10": 0.11884750848238723, "11": 0.10949202003261241, "12": 0.10960468177653802, "13": 0.1296548064901385, "14": 0.13811053557182695, "15": 0.14796144015871054, "16": 0.12521517904805518, "17": 0.11751879706116165, "18": 0.12982055927744096, "19": 0.10559952393988131, "20": 0.14579923785643903, "21": 0.17043069240784117, "22": 0.1439540695141911, "23": 0.14285342670025714, "24": 0.15263087485584834, "25": 0.1579202020239393, "26": 0.137403607104936, "27": 0.1491312112775579, "28": 0.14902698207906756, "29": 0.1319099807984464, "30": 0.1488103549599718, "31": 0.12976366911805004, "32": 0.13738291159817484, "33": 0.13513489281636215, "34": 0.1362204517442253, "35": 0.1423693505972956, "36": 0.13265742376760065, "37": 0.13084750148840732, "38": 0.10662882239947105, "39": 0.1296295515499348, "40": 0.15592791484851964, "41": 0.15099529908004966, "42": 0.15889266920280176, "43": 0.17092201024064818, "44": 0.15092693849084232, "45": 0.15295788966182466, "46": 0.1624781721239823, "47": 0.1383022151678714, "48": 0.12666055587375732, "49": 0.15341671661183648, "50": 0.1523381512066464, "51": 0.19422574307812263, "52": 0.1695930062105128, "53": 0.14691474256064385, "54": 0.14638738487117095, "55": 0.15857119084476257, "56": 0.1475109914500191, "57": 0.15883578224751355, "58": 0.15720272974677066, "59": 0.18441765345923572, "60": 0.2124879467107465, "61": 0.18879961122699407, "62": 0.2198133592469219, "63": 0.19838198475449678, "64": 0.17867127931697388, "65": 0.20680068239578686, "66": 0.18816740608671867, "67": 0.16685417521861062, "68": 0.15574655303336749, "69": 0.1709106123920556, "70": 0.160633629550882, "71": 0.1518084434265737, "72": 0.16363452409319626, "73": 0.1465914371700251, "74": 0.15749188832960498, "75": 0.15303501230647543, "76": 0.14649597163250266, "77": 0.1900660207509827, "78": 0.17750656356506733, "79": 0.16171606252742435, "80": 0.17851477088391565, "81": 0.1965088309702681, "82": 0.19898643800373833, "83": 0.21074951290395993, "84": 0.20030837740360313, "85": 0.19864217106434628, "86": 0.19810824103728153, "87": 0.21883167624391808, "88": 0.20831159669795007, "89": 0.19418112446145797, "90": 0.18752356074124038, "91": 0.2012487973385632, "92": 0.20394939527479994, "93": 0.18793871892095204, "94": 0.1876537775825613, "95": 0.21921619466296463, "96": 0.22990902865663038, "97": 0.22132288331773464, "98": 0.22701635992686545, "99": 0.2243793673919139, "100": 0.18262128363912317}