{"1": 0.8791875729243336, "2": 0.4045913493336973, "3": 0.474608399786802, "4": 0.609858711641572, "5": 0.6641040792612078, "6": 0.45748811773493275, "7": 0.40048922735480486, "8": 0.4607085795143065, "9": 0.4380352167335875, "10": 0.4802107759235666, "11": 0.44791761080142634, "12": 0.48389966075044666, "13": 0.4493121708203132, "14": 0.4707385015823631, "15": 0.44450272874307784, "16": 0.43369431914768447, "17": 0.4769731803064823, "18": 0.45859134283753056, "19": 0.4542669834961974, "20": 0.45618075603809666, "21": 0.5123444973612872, "22": 0.4919711494518024, "23": 0.4493482366714461, "24": 0.4704596365502991, "25": 0.4747932239205445, "26": 0.4649364637559149, "27": 0.47229560579149893, "28": 0.5133936881104131, "29": 0.5168423871869894, "30": 0.5060140974779224, "31": 0.4931950825968504, "32": 0.4658174053471047, "33": 0.47064383728667014, "34": 0.5067682296790228, "35": 0.4967126438884245, "36": 0.5279160709749415, "37": 0.4755492597404379, "38": 0.47881050430177363, "39": 0.4977243005497187, "40": 0.523572879586993, "41": 0.5117619681786495, "42": 0.5060950807452463, "43": 0.4983463832655798, "44": 0.5291758068332616, "45": 0.5474172321020778, "46": 0.5124908664899411, "47": 0.5013954228531791, "48": 0.5326142994914992, "49": 0.5214770149510888, "50": 0.5292129358438356, "51": 0.5245411999823707, "52": 0.5037962588143722, "53": 0.530723148379789, "54": 0.5689791925173289, "55": 0.5443547557102025, "56": 0.5129167783148307, "57": 0.4912074656308702, "58": 0.5312552851768569, "59": 0.5592834680564149, "60": 0.5854076798604462, "61": 0.5602342432096131, "62": 0.5757219684829332, "63": 0.5661404900657843, "64": 0.5519041924271685, "65": 0.579199711098762, "66": 0.5629251944127012, "67": 0.5584866848023713, "68": 0.5486580156654443, "69": 0.5598721228984271, "70": 0.5748773348735601, "71": 0.5599623315948686, "72": 0.5445497785725295, "73": 0.5577252075128645, "74": 0.5518077867283904, "75": 0.5153775798367518, "76": 0.5362256448237609, "77": 0.48894034830145694, "78": 0.5014439068849883, "79": 0.49667674780180104, "80": 0.5206335958478431, "81": 0.5234492536194801, "82": 0.5322060811910588, "83": 0.5054684096265618, "84": 0.5245091672272982, "85": 0.5544895156503052, "86": 0.5462078673767885, "87": 0.5292854274349584, "88": 0.5223720811749841, "89": 0.5232382906428734, "90": 0.5101975495043923, "91": 0.4679718885629272, "92": 0.48608936959297133, "93": 0.505753274885734, "94": 0.5514248325338472, "95": 0.5353189784409548, "96": 0.5584212979700337, "97": 0.5093260144195908, "98": 0.5293664835591813, "99": 0.5130585223616292, "100": 0.5116856851366464}