{"1": 63.29113924050633, "2": 67.72151898734177, "3": 69.62025316455697, "4": 69.62025316455697, "5": 69.62025316455697, "6": 68.35443037974683, "7": 69.62025316455697, "8": 68.9873417721519, "9": 68.9873417721519, "10": 70.25316455696202, "11": 70.25316455696202, "12": 71.51898734177216, "13": 70.88607594936708, "14": 72.15189873417721, "15": 70.88607594936708, "16": 70.25316455696202, "17": 69.62025316455697, "18": 70.88607594936708, "19": 69.62025316455697, "20": 68.35443037974683, "21": 69.62025316455697, "22": 69.62025316455697, "23": 69.62025316455697, "24": 69.62025316455697, "25": 70.25316455696202, "26": 68.9873417721519, "27": 68.35443037974683, "28": 68.9873417721519, "29": 68.35443037974683, "30": 68.9873417721519, "31": 68.35443037974683, "32": 68.35443037974683, "33": 69.62025316455697, "34": 67.72151898734177, "35": 68.35443037974683, "36": 67.72151898734177, "37": 69.62025316455697, "38": 70.25316455696202, "39": 70.88607594936708, "40": 70.88607594936708, "41": 67.08860759493672, "42": 68.9873417721519, "43": 67.72151898734177, "44": 68.35443037974683, "45": 67.72151898734177, "46": 67.72151898734177, "47": 67.72151898734177, "48": 67.72151898734177, "49": 67.08860759493672, "50": 66.45569620253164, "51": 67.72151898734177, "52": 68.35443037974683, "53": 68.35443037974683, "54": 68.9873417721519, "55": 67.72151898734177, "56": 68.35443037974683, "57": 68.35443037974683, "58": 68.35443037974683, "59": 68.35443037974683, "60": 67.72151898734177, "61": 68.35443037974683, "62": 67.72151898734177, "63": 67.72151898734177, "64": 68.35443037974683, "65": 68.35443037974683, "66": 68.9873417721519, "67": 68.35443037974683, "68": 69.62025316455697, "69": 68.9873417721519, "70": 68.35443037974683, "71": 68.35443037974683, "72": 67.08860759493672, "73": 68.35443037974683, "74": 68.35443037974683, "75": 67.72151898734177, "76": 68.35443037974683, "77": 68.35443037974683, "78": 68.9873417721519, "79": 68.35443037974683, "80": 68.35443037974683, "81": 69.62025316455697, "82": 69.62025316455697, "83": 68.9873417721519, "84": 68.35443037974683, "85": 68.35443037974683, "86": 67.72151898734177, "87": 68.9873417721519, "88": 68.35443037974683, "89": 69.62025316455697, "90": 68.9873417721519, "91": 68.9873417721519, "92": 68.35443037974683, "93": 67.72151898734177, "94": 68.9873417721519, "95": 68.9873417721519, "96": 70.88607594936708, "97": 70.25316455696202, "98": 68.9873417721519, "99": 68.35443037974683, "100": 67.72151898734177}