{"1": 0.22475018858321472, "2": 0.18305395783777673, "3": 0.19135071224527417, "4": 0.22131759462895256, "5": 0.10855227244784169, "6": 0.1187447386999167, "7": 0.13549809189967954, "8": 0.14103431226158591, "9": 0.14556399932484448, "10": 0.1500172736937253, "11": 0.15239388022989683, "12": 0.15437181216094778, "13": 0.15452644471468618, "14": 0.15153262181043253, "15": 0.152514736259079, "16": 0.15334214199760604, "17": 0.14880128046587426, "18": 0.1458326343495081, "19": 0.14873043631790994, "20": 0.14842592149881872, "21": 0.14988562241936623, "22": 0.15125023622375383, "23": 0.15190258663272116, "24": 0.158787570853831, "25": 0.1640169336554973, "26": 0.16216778358198747, "27": 0.16365964637167532, "28": 0.16036464961134336, "29": 0.16379174624137427, "30": 0.16676016456547066, "31": 0.1695749506289386, "32": 0.1696753329459506, "33": 0.17288866470956904, "34": 0.17226978247811034, "35": 0.17112482903468673, "36": 0.17011434082827465, "37": 0.17116150096292782, "38": 0.17383371597528774, "39": 0.17506934357576537, "40": 0.17497605505852326, "41": 0.17512035484573318, "42": 0.17510191185478613, "43": 0.17556068759304555, "44": 0.17781995028776096, "45": 0.17987119518324443, "46": 0.1804725841225469, "47": 0.1822699606329352, "48": 0.18487213068515457, "49": 0.18658596529910165, "50": 0.18915781691257877, "51": 0.18910479166734603, "52": 0.19028359784061577, "53": 0.19070226599040266, "54": 0.1908908305150307, "55": 0.19216904509760438, "56": 0.19228683289303622, "57": 0.19406594747731754, "58": 0.19506998281064197, "59": 0.1951023784241614, "60": 0.1957683168035121, "61": 0.19676443392103515, "62": 0.19695009726970503, "63": 0.19813762538980684, "64": 0.19863574251071342, "65": 0.19815366847803284, "66": 0.19778955271775644, "67": 0.19928296941602452, "68": 0.19767401732016665, "69": 0.19855092186405351, "70": 0.20058031002277582, "71": 0.20399507810820938, "72": 0.20402389332572285, "73": 0.20499821083611264, "74": 0.20414454037991614, "75": 0.203397865270906, "76": 0.2023983060422787, "77": 0.20302689773007668, "78": 0.20036935656361288, "79": 0.20179369965686159, "80": 0.2039028444604167, "81": 0.20384514196639741, "82": 0.20460934557103178, "83": 0.20534176779042004, "84": 0.20727430025960344, "85": 0.2083370483869244, "86": 0.20783655064686557, "87": 0.20777095178737084, "88": 0.20901166779757535, "89": 0.21038062783775596, "90": 0.21049515656736278, "91": 0.21025269105936184, "92": 0.21064652214886267, "93": 0.21115346958431946, "94": 0.2127934184653926, "95": 0.21342995487176536, "96": 0.21389692192247683, "97": 0.21626905451201384, "98": 0.21897515902269304, "99": 0.21925952770348195, "100": 0.22131213683286066}