{"1": 0.11983310419682935, "2": 0.13183980621677832, "3": 0.12943651740016954, "4": 0.12594749879027708, "5": 0.1269631151283197, "6": 0.12779911369920224, "7": 0.12924106988511253, "8": 0.1285633440628901, "9": 0.13062905707133968, "10": 0.13348696959779127, "11": 0.13535788306213303, "12": 0.1381365204827447, "13": 0.1331533844677228, "14": 0.13097348102403134, "15": 0.143845909879879, "16": 0.1449339664361283, "17": 0.14120039703994972, "18": 0.13764790493453705, "19": 0.1402315604781263, "20": 0.14185775985325344, "21": 0.14665001953174736, "22": 0.14337145516511046, "23": 0.14225068420347523, "24": 0.14751149305550976, "25": 0.1446919872927395, "26": 0.14189515306405065, "27": 0.14484578946536544, "28": 0.13882204131027584, "29": 0.1429671795026925, "30": 0.1427567271893541, "31": 0.14340043433623798, "32": 0.13830999567719504, "33": 0.14072416044314687, "34": 0.13947454830820522, "35": 0.13890963432526293, "36": 0.13797941987433485, "37": 0.13629550396386397, "38": 0.14090157515355056, "39": 0.1335911898007069, "40": 0.13103221713177599, "41": 0.13256487603211678, "42": 0.13086593776721814, "43": 0.13318377685236396, "44": 0.13278192422072874, "45": 0.13417544627562514, "46": 0.13366739395090158, "47": 0.13531912973360474, "48": 0.1362178677217037, "49": 0.13608821648390682, "50": 0.13456207652104993, "51": 0.13338005784678772, "52": 0.1326725826997001, "53": 0.1318412529843353, "54": 0.1322032711585166, "55": 0.13239054225186522, "56": 0.13426126219813464, "57": 0.13544631930502204, "58": 0.13522226240393004, "59": 0.1356030858195883, "60": 0.1307971281307952, "61": 0.13358455563343988, "62": 0.13184457972625377, "63": 0.13366416610313928, "64": 0.13298402598796602, "65": 0.13165472690035473, "66": 0.13249956527285528, "67": 0.13436913771655834, "68": 0.13321393994741926, "69": 0.1328938634416828, "70": 0.1318453862650975, "71": 0.1326313053771469, "72": 0.13175250525281607, "73": 0.13171012068395405, "74": 0.1319763922119641, "75": 0.13172592258807758, "76": 0.13236331876994067, "77": 0.13447132944909157, "78": 0.13371820760014255, "79": 0.13434616625706772, "80": 0.13541836218937495, "81": 0.13468910025685954, "82": 0.13465622704990984, "83": 0.13452392802790952, "84": 0.13603460687080576, "85": 0.1362658927692282, "86": 0.134390213387377, "87": 0.135719607328201, "88": 0.13526017309905264, "89": 0.13622092914542672, "90": 0.1372958208964139, "91": 0.1363871981518831, "92": 0.1362609369383983, "93": 0.13678010066902674, "94": 0.1368694252188969, "95": 0.13733662140074118, "96": 0.13754988520435385, "97": 0.13897123947306242, "98": 0.1388867793468159, "99": 0.1391630575194362, "100": 0.13965971202016955}