{"1": 40.140845070422536, "2": 42.95774647887324, "3": 42.25352112676056, "4": 43.66197183098591, "5": 45.774647887323944, "6": 45.07042253521127, "7": 42.25352112676056, "8": 41.54929577464789, "9": 45.07042253521127, "10": 46.478873239436616, "11": 43.66197183098591, "12": 45.07042253521127, "13": 45.07042253521127, "14": 45.774647887323944, "15": 47.88732394366197, "16": 45.774647887323944, "17": 47.88732394366197, "18": 45.774647887323944, "19": 45.774647887323944, "20": 44.36619718309859, "21": 43.66197183098591, "22": 45.774647887323944, "23": 43.66197183098591, "24": 44.36619718309859, "25": 44.36619718309859, "26": 44.36619718309859, "27": 45.07042253521127, "28": 45.774647887323944, "29": 44.36619718309859, "30": 42.95774647887324, "31": 45.07042253521127, "32": 46.478873239436616, "33": 44.36619718309859, "34": 42.25352112676056, "35": 44.36619718309859, "36": 44.36619718309859, "37": 45.774647887323944, "38": 43.66197183098591, "39": 43.66197183098591, "40": 44.36619718309859, "41": 44.36619718309859, "42": 44.36619718309859, "43": 44.36619718309859, "44": 45.774647887323944, "45": 45.774647887323944, "46": 42.95774647887324, "47": 43.66197183098591, "48": 42.95774647887324, "49": 42.95774647887324, "50": 42.95774647887324, "51": 42.95774647887324, "52": 42.25352112676056, "53": 42.95774647887324, "54": 42.95774647887324, "55": 43.66197183098591, "56": 42.95774647887324, "57": 42.95774647887324, "58": 42.95774647887324, "59": 42.95774647887324, "60": 42.95774647887324, "61": 42.95774647887324, "62": 42.95774647887324, "63": 42.25352112676056, "64": 42.95774647887324, "65": 42.25352112676056, "66": 43.66197183098591, "67": 43.66197183098591, "68": 43.66197183098591, "69": 43.66197183098591, "70": 42.25352112676056, "71": 43.66197183098591, "72": 43.66197183098591, "73": 43.66197183098591, "74": 43.66197183098591, "75": 43.66197183098591, "76": 42.95774647887324, "77": 43.66197183098591, "78": 42.95774647887324, "79": 43.66197183098591, "80": 43.66197183098591, "81": 43.66197183098591, "82": 43.66197183098591, "83": 44.36619718309859, "84": 42.95774647887324, "85": 42.95774647887324, "86": 42.95774647887324, "87": 42.25352112676056, "88": 42.25352112676056, "89": 42.25352112676056, "90": 41.54929577464789, "91": 42.95774647887324, "92": 42.95774647887324, "93": 45.07042253521127, "94": 44.36619718309859, "95": 43.66197183098591, "96": 42.95774647887324, "97": 43.66197183098591, "98": 43.66197183098591, "99": 42.95774647887324, "100": 42.25352112676056}