{"1": 58.24175824175825, "2": 61.53846153846154, "3": 62.637362637362635, "4": 62.637362637362635, "5": 67.03296703296702, "6": 68.13186813186813, "7": 69.23076923076923, "8": 70.32967032967034, "9": 69.23076923076923, "10": 65.93406593406593, "11": 67.03296703296702, "12": 67.03296703296702, "13": 68.13186813186813, "14": 67.03296703296702, "15": 71.42857142857143, "16": 72.52747252747253, "17": 70.32967032967034, "18": 69.23076923076923, "19": 70.32967032967034, "20": 71.42857142857143, "21": 70.32967032967034, "22": 70.32967032967034, "23": 71.42857142857143, "24": 70.32967032967034, "25": 69.23076923076923, "26": 69.23076923076923, "27": 70.32967032967034, "28": 69.23076923076923, "29": 68.13186813186813, "30": 70.32967032967034, "31": 70.32967032967034, "32": 70.32967032967034, "33": 70.32967032967034, "34": 70.32967032967034, "35": 71.42857142857143, "36": 71.42857142857143, "37": 71.42857142857143, "38": 71.42857142857143, "39": 72.52747252747253, "40": 71.42857142857143, "41": 71.42857142857143, "42": 71.42857142857143, "43": 71.42857142857143, "44": 68.13186813186813, "45": 70.32967032967034, "46": 70.32967032967034, "47": 70.32967032967034, "48": 71.42857142857143, "49": 71.42857142857143, "50": 69.23076923076923, "51": 69.23076923076923, "52": 69.23076923076923, "53": 69.23076923076923, "54": 69.23076923076923, "55": 70.32967032967034, "56": 71.42857142857143, "57": 71.42857142857143, "58": 70.32967032967034, "59": 72.52747252747253, "60": 70.32967032967034, "61": 71.42857142857143, "62": 70.32967032967034, "63": 71.42857142857143, "64": 71.42857142857143, "65": 71.42857142857143, "66": 71.42857142857143, "67": 71.42857142857143, "68": 71.42857142857143, "69": 71.42857142857143, "70": 71.42857142857143, "71": 71.42857142857143, "72": 71.42857142857143, "73": 70.32967032967034, "74": 71.42857142857143, "75": 70.32967032967034, "76": 70.32967032967034, "77": 69.23076923076923, "78": 69.23076923076923, "79": 69.23076923076923, "80": 69.23076923076923, "81": 69.23076923076923, "82": 69.23076923076923, "83": 69.23076923076923, "84": 70.32967032967034, "85": 70.32967032967034, "86": 69.23076923076923, "87": 70.32967032967034, "88": 69.23076923076923, "89": 69.23076923076923, "90": 68.13186813186813, "91": 69.23076923076923, "92": 68.13186813186813, "93": 68.13186813186813, "94": 68.13186813186813, "95": 67.03296703296702, "96": 67.03296703296702, "97": 67.03296703296702, "98": 67.03296703296702, "99": 65.93406593406593, "100": 65.93406593406593}