{"1": 57.59493670886076, "2": 55.69620253164557, "3": 53.79746835443038, "4": 56.9620253164557, "5": 57.59493670886076, "6": 62.0253164556962, "7": 60.75949367088608, "8": 62.65822784810127, "9": 63.29113924050633, "10": 62.65822784810127, "11": 63.92405063291139, "12": 64.55696202531645, "13": 62.65822784810127, "14": 65.82278481012658, "15": 63.29113924050633, "16": 63.29113924050633, "17": 62.65822784810127, "18": 62.65822784810127, "19": 62.65822784810127, "20": 63.92405063291139, "21": 62.0253164556962, "22": 62.65822784810127, "23": 61.39240506329114, "24": 61.39240506329114, "25": 60.75949367088608, "26": 63.29113924050633, "27": 62.0253164556962, "28": 63.92405063291139, "29": 62.65822784810127, "30": 63.92405063291139, "31": 62.65822784810127, "32": 65.18987341772153, "33": 63.92405063291139, "34": 65.18987341772153, "35": 63.92405063291139, "36": 63.29113924050633, "37": 64.55696202531645, "38": 65.18987341772153, "39": 65.18987341772153, "40": 64.55696202531645, "41": 64.55696202531645, "42": 63.29113924050633, "43": 63.29113924050633, "44": 65.18987341772153, "45": 64.55696202531645, "46": 64.55696202531645, "47": 64.55696202531645, "48": 64.55696202531645, "49": 62.65822784810127, "50": 62.65822784810127, "51": 64.55696202531645, "52": 64.55696202531645, "53": 65.18987341772153, "54": 64.55696202531645, "55": 63.29113924050633, "56": 62.0253164556962, "57": 61.39240506329114, "58": 61.39240506329114, "59": 60.12658227848101, "60": 60.75949367088608, "61": 60.75949367088608, "62": 62.0253164556962, "63": 64.55696202531645, "64": 63.92405063291139, "65": 62.65822784810127, "66": 60.75949367088608, "67": 62.65822784810127, "68": 62.0253164556962, "69": 62.0253164556962, "70": 60.75949367088608, "71": 62.65822784810127, "72": 62.65822784810127, "73": 61.39240506329114, "74": 61.39240506329114, "75": 60.12658227848101, "76": 61.39240506329114, "77": 60.75949367088608, "78": 61.39240506329114, "79": 60.75949367088608, "80": 60.12658227848101, "81": 59.49367088607595, "82": 60.75949367088608, "83": 60.75949367088608, "84": 60.75949367088608, "85": 61.39240506329114, "86": 60.75949367088608, "87": 62.0253164556962, "88": 61.39240506329114, "89": 61.39240506329114, "90": 61.39240506329114, "91": 61.39240506329114, "92": 62.0253164556962, "93": 63.29113924050633, "94": 62.65822784810127, "95": 63.92405063291139, "96": 63.29113924050633, "97": 63.29113924050633, "98": 62.0253164556962, "99": 61.39240506329114, "100": 57.59493670886076}