{"1": 41.75824175824176, "2": 41.75824175824176, "3": 43.956043956043956, "4": 41.75824175824176, "5": 50.54945054945055, "6": 51.64835164835166, "7": 53.84615384615385, "8": 52.74725274725275, "9": 52.74725274725275, "10": 53.84615384615385, "11": 53.84615384615385, "12": 54.94505494505495, "13": 56.043956043956044, "14": 54.94505494505495, "15": 58.24175824175825, "16": 56.043956043956044, "17": 53.84615384615385, "18": 56.043956043956044, "19": 56.043956043956044, "20": 57.14285714285714, "21": 57.14285714285714, "22": 56.043956043956044, "23": 57.14285714285714, "24": 58.24175824175825, "25": 58.24175824175825, "26": 58.24175824175825, "27": 59.34065934065934, "28": 57.14285714285714, "29": 57.14285714285714, "30": 57.14285714285714, "31": 57.14285714285714, "32": 57.14285714285714, "33": 57.14285714285714, "34": 57.14285714285714, "35": 57.14285714285714, "36": 54.94505494505495, "37": 56.043956043956044, "38": 57.14285714285714, "39": 56.043956043956044, "40": 56.043956043956044, "41": 54.94505494505495, "42": 54.94505494505495, "43": 53.84615384615385, "44": 53.84615384615385, "45": 56.043956043956044, "46": 56.043956043956044, "47": 58.24175824175825, "48": 58.24175824175825, "49": 54.94505494505495, "50": 54.94505494505495, "51": 56.043956043956044, "52": 56.043956043956044, "53": 59.34065934065934, "54": 58.24175824175825, "55": 57.14285714285714, "56": 58.24175824175825, "57": 56.043956043956044, "58": 57.14285714285714, "59": 57.14285714285714, "60": 56.043956043956044, "61": 58.24175824175825, "62": 57.14285714285714, "63": 58.24175824175825, "64": 58.24175824175825, "65": 57.14285714285714, "66": 57.14285714285714, "67": 57.14285714285714, "68": 59.34065934065934, "69": 59.34065934065934, "70": 59.34065934065934, "71": 59.34065934065934, "72": 59.34065934065934, "73": 57.14285714285714, "74": 59.34065934065934, "75": 59.34065934065934, "76": 57.14285714285714, "77": 57.14285714285714, "78": 57.14285714285714, "79": 59.34065934065934, "80": 58.24175824175825, "81": 58.24175824175825, "82": 58.24175824175825, "83": 58.24175824175825, "84": 59.34065934065934, "85": 57.14285714285714, "86": 58.24175824175825, "87": 58.24175824175825, "88": 57.14285714285714, "89": 57.14285714285714, "90": 56.043956043956044, "91": 57.14285714285714, "92": 57.14285714285714, "93": 57.14285714285714, "94": 57.14285714285714, "95": 56.043956043956044, "96": 56.043956043956044, "97": 57.14285714285714, "98": 57.14285714285714, "99": 57.14285714285714, "100": 57.14285714285714}