{"1": 0.4376047223225216, "2": 0.23117604655700946, "3": 0.07493743616533934, "4": 0.3340519303967314, "5": 0.18610204330307475, "6": 0.1928122488850187, "7": 0.20388561273211783, "8": 0.20339939876919724, "9": 0.20711625030118438, "10": 0.20499630396256832, "11": 0.2115920852341448, "12": 0.20353851738540427, "13": 0.20772280369432095, "14": 0.20757636346727465, "15": 0.20655633149493896, "16": 0.20131845472288096, "17": 0.20564202449291732, "18": 0.20357141503962056, "19": 0.215089568783167, "20": 0.21792689993196113, "21": 0.20836768775762696, "22": 0.2051309299441048, "23": 0.20394068287888548, "24": 0.20541702465064643, "25": 0.2036661175928393, "26": 0.19217481750343224, "27": 0.18079555631408611, "28": 0.17422059269374374, "29": 0.17487676919899417, "30": 0.17233660126540176, "31": 0.17345978585534966, "32": 0.17636613262012263, "33": 0.17951675415840335, "34": 0.17019326324067688, "35": 0.1558530587013348, "36": 0.1613738934950473, "37": 0.1591977640180352, "38": 0.15786440826977488, "39": 0.15665738401943738, "40": 0.15834180539338735, "41": 0.16210567047986346, "42": 0.1622157729687399, "43": 0.16164444061736605, "44": 0.15244913279313968, "45": 0.1594485890332972, "46": 0.15981663532519658, "47": 0.1541609956085283, "48": 0.15505027220844272, "49": 0.15619268138788028, "50": 0.1580129003916693, "51": 0.15965581498080128, "52": 0.16276280795727366, "53": 0.16114610915544275, "54": 0.1621350136020317, "55": 0.1604074039729164, "56": 0.158068882774134, "57": 0.16552667884892147, "58": 0.16389609865615998, "59": 0.16258584428475742, "60": 0.17012138447668126, "61": 0.1679482801083037, "62": 0.16464433748806814, "63": 0.16531792745196733, "64": 0.1637156542136117, "65": 0.15894958752595495, "66": 0.1540137514259126, "67": 0.14683178086736276, "68": 0.1458142047570885, "69": 0.1303954638507651, "70": 0.13032919536255938, "71": 0.12802778004998636, "72": 0.1280020656490213, "73": 0.13235885337024053, "74": 0.1247050823747134, "75": 0.12760896524634466, "76": 0.12137582181739466, "77": 0.11551150595620127, "78": 0.1018341779327847, "79": 0.10440503468416573, "80": 0.10057235698152928, "81": 0.09956628240515526, "82": 0.10132018749489868, "83": 0.1050117346975454, "84": 0.09985144803684928, "85": 0.09894958069104653, "86": 0.10119928001147284, "87": 0.08841102969375512, "88": 0.07130537145506194, "89": 0.0691851123002432, "90": 0.06458204718194764, "91": 0.06920732974600598, "92": 0.07777405808194122, "93": 0.07848571527510101, "94": 0.08604825560618458, "95": 0.09469636668582251, "96": 0.10556788503684153, "97": 0.12298806666879009, "98": 0.14403671309154553, "99": 0.15052107636312734, "100": 0.15953392386836435}