{"1": 36.26373626373626, "2": 38.46153846153847, "3": 39.56043956043956, "4": 43.956043956043956, "5": 46.15384615384615, "6": 40.65934065934066, "7": 42.857142857142854, "8": 45.05494505494506, "9": 42.857142857142854, "10": 37.362637362637365, "11": 39.56043956043956, "12": 38.46153846153847, "13": 38.46153846153847, "14": 42.857142857142854, "15": 36.26373626373626, "16": 37.362637362637365, "17": 41.75824175824176, "18": 40.65934065934066, "19": 39.56043956043956, "20": 40.65934065934066, "21": 39.56043956043956, "22": 41.75824175824176, "23": 43.956043956043956, "24": 40.65934065934066, "25": 40.65934065934066, "26": 40.65934065934066, "27": 43.956043956043956, "28": 42.857142857142854, "29": 45.05494505494506, "30": 45.05494505494506, "31": 47.25274725274725, "32": 41.75824175824176, "33": 40.65934065934066, "34": 46.15384615384615, "35": 40.65934065934066, "36": 41.75824175824176, "37": 42.857142857142854, "38": 47.25274725274725, "39": 48.35164835164835, "40": 43.956043956043956, "41": 43.956043956043956, "42": 40.65934065934066, "43": 45.05494505494506, "44": 42.857142857142854, "45": 48.35164835164835, "46": 43.956043956043956, "47": 42.857142857142854, "48": 47.25274725274725, "49": 45.05494505494506, "50": 48.35164835164835, "51": 42.857142857142854, "52": 47.25274725274725, "53": 48.35164835164835, "54": 47.25274725274725, "55": 43.956043956043956, "56": 42.857142857142854, "57": 38.46153846153847, "58": 39.56043956043956, "59": 39.56043956043956, "60": 38.46153846153847, "61": 41.75824175824176, "62": 42.857142857142854, "63": 37.362637362637365, "64": 40.65934065934066, "65": 40.65934065934066, "66": 43.956043956043956, "67": 45.05494505494506, "68": 48.35164835164835, "69": 41.75824175824176, "70": 46.15384615384615, "71": 45.05494505494506, "72": 46.15384615384615, "73": 45.05494505494506, "74": 42.857142857142854, "75": 47.25274725274725, "76": 43.956043956043956, "77": 47.25274725274725, "78": 45.05494505494506, "79": 46.15384615384615, "80": 46.15384615384615, "81": 45.05494505494506, "82": 47.25274725274725, "83": 42.857142857142854, "84": 42.857142857142854, "85": 39.56043956043956, "86": 45.05494505494506, "87": 39.56043956043956, "88": 45.05494505494506, "89": 43.956043956043956, "90": 45.05494505494506, "91": 40.65934065934066, "92": 39.56043956043956, "93": 37.362637362637365, "94": 35.16483516483517, "95": 37.362637362637365, "96": 39.56043956043956, "97": 43.956043956043956, "98": 39.56043956043956, "99": 38.46153846153847, "100": 41.75824175824176}