{"1": 43.20987654320987, "2": 43.20987654320987, "3": 40.74074074074074, "4": 40.123456790123456, "5": 40.74074074074074, "6": 41.358024691358025, "7": 41.358024691358025, "8": 40.74074074074074, "9": 43.82716049382716, "10": 44.44444444444444, "11": 43.20987654320987, "12": 43.20987654320987, "13": 43.20987654320987, "14": 43.20987654320987, "15": 43.20987654320987, "16": 43.20987654320987, "17": 43.20987654320987, "18": 43.20987654320987, "19": 43.20987654320987, "20": 43.20987654320987, "21": 43.82716049382716, "22": 43.82716049382716, "23": 43.20987654320987, "24": 43.82716049382716, "25": 42.592592592592595, "26": 43.20987654320987, "27": 44.44444444444444, "28": 43.20987654320987, "29": 41.9753086419753, "30": 42.592592592592595, "31": 40.74074074074074, "32": 41.9753086419753, "33": 41.9753086419753, "34": 42.592592592592595, "35": 43.20987654320987, "36": 42.592592592592595, "37": 43.20987654320987, "38": 43.20987654320987, "39": 42.592592592592595, "40": 42.592592592592595, "41": 43.82716049382716, "42": 44.44444444444444, "43": 44.44444444444444, "44": 43.20987654320987, "45": 42.592592592592595, "46": 45.06172839506173, "47": 43.82716049382716, "48": 45.06172839506173, "49": 45.06172839506173, "50": 45.06172839506173, "51": 43.20987654320987, "52": 43.82716049382716, "53": 42.592592592592595, "54": 42.592592592592595, "55": 42.592592592592595, "56": 41.9753086419753, "57": 43.82716049382716, "58": 43.82716049382716, "59": 43.82716049382716, "60": 41.9753086419753, "61": 42.592592592592595, "62": 43.20987654320987, "63": 43.20987654320987, "64": 43.20987654320987, "65": 43.20987654320987, "66": 43.20987654320987, "67": 41.9753086419753, "68": 41.358024691358025, "69": 42.592592592592595, "70": 41.9753086419753, "71": 42.592592592592595, "72": 42.592592592592595, "73": 41.358024691358025, "74": 41.358024691358025, "75": 41.358024691358025, "76": 40.123456790123456, "77": 40.74074074074074, "78": 41.9753086419753, "79": 43.20987654320987, "80": 41.9753086419753, "81": 43.20987654320987, "82": 43.82716049382716, "83": 43.82716049382716, "84": 42.592592592592595, "85": 41.9753086419753, "86": 42.592592592592595, "87": 41.358024691358025, "88": 43.20987654320987, "89": 41.9753086419753, "90": 44.44444444444444, "91": 41.358024691358025, "92": 43.20987654320987, "93": 41.9753086419753, "94": 44.44444444444444, "95": 43.82716049382716, "96": 43.82716049382716, "97": 44.44444444444444, "98": 44.44444444444444, "99": 43.82716049382716, "100": 45.67901234567901}