{"1": 0.18734409770851768, "2": 0.13525244537296466, "3": 0.08145927363795247, "4": 0.06837470957061018, "5": 0.06359022425659186, "6": 0.0704344445045266, "7": 0.09164076803208246, "8": 0.08146488200032993, "9": 0.08650727375298482, "10": 0.10173762514568868, "11": 0.10151402756412023, "12": 0.10818176875346308, "13": 0.09857346159568917, "14": 0.09494625842528376, "15": 0.10425242253475725, "16": 0.10504301156800575, "17": 0.09589011027565557, "18": 0.09059856117375523, "19": 0.09641344562344578, "20": 0.09591917091101734, "21": 0.09630536435551365, "22": 0.09668896029780183, "23": 0.09273921730715173, "24": 0.09384774250577668, "25": 0.10032973522401518, "26": 0.09501758289690779, "27": 0.09188440224134567, "28": 0.09217489946620103, "29": 0.09311029841423987, "30": 0.0911867749002799, "31": 0.09107626833327859, "32": 0.08963452829755314, "33": 0.08906052591187646, "34": 0.09049467349818374, "35": 0.08616516758220635, "36": 0.09219085390997528, "37": 0.09170657850171449, "38": 0.0951146413313955, "39": 0.09128285178496762, "40": 0.09296124148312125, "41": 0.0969028429302797, "42": 0.09950912541945056, "43": 0.10081791414289354, "44": 0.10409400999809204, "45": 0.10413633450019827, "46": 0.10156724860625475, "47": 0.10732180740038705, "48": 0.11101986922003257, "49": 0.10714553657062934, "50": 0.11245828770058691, "51": 0.11132924895345041, "52": 0.11421808059083997, "53": 0.1039269431140046, "54": 0.10808980022560319, "55": 0.10288348751314427, "56": 0.10115577015529494, "57": 0.10507535570765611, "58": 0.11049885322764838, "59": 0.1035652203717436, "60": 0.1000632424366496, "61": 0.10027609107027854, "62": 0.09609203949503828, "63": 0.09509995713411323, "64": 0.09607286925262368, "65": 0.09796878649594742, "66": 0.09826740460798676, "67": 0.09745381539527231, "68": 0.09454214217400873, "69": 0.09243976343059926, "70": 0.093615886629495, "71": 0.09483875952591966, "72": 0.09648640986759358, "73": 0.09616429583666522, "74": 0.09410227941316203, "75": 0.09356659810018524, "76": 0.09604431526122525, "77": 0.09841665505075747, "78": 0.09605846186298955, "79": 0.09547469497293526, "80": 0.09351933466048121, "81": 0.09203368236608334, "82": 0.09168230749780622, "83": 0.09135078166111057, "84": 0.08962047149568932, "85": 0.08962782853676027, "86": 0.08237511555283764, "87": 0.08334742523728048, "88": 0.08347316451298348, "89": 0.08594393964628624, "90": 0.08726799017959722, "91": 0.09053313997083637, "92": 0.09351169100125303, "93": 0.0951285486737857, "94": 0.09661693360692088, "95": 0.09708989269892243, "96": 0.09754753923113475, "97": 0.09486064331017006, "98": 0.09190121160014549, "99": 0.08579081349997705, "100": 0.07894108779106611}