{"1": 39.21568627450981, "2": 52.94117647058824, "3": 47.05882352941176, "4": 47.05882352941176, "5": 50.98039215686274, "6": 52.94117647058824, "7": 52.94117647058824, "8": 50.98039215686274, "9": 54.90196078431373, "10": 54.90196078431373, "11": 54.90196078431373, "12": 54.90196078431373, "13": 58.82352941176471, "14": 58.82352941176471, "15": 60.78431372549019, "16": 58.82352941176471, "17": 62.745098039215684, "18": 60.78431372549019, "19": 60.78431372549019, "20": 60.78431372549019, "21": 56.86274509803921, "22": 60.78431372549019, "23": 54.90196078431373, "24": 54.90196078431373, "25": 54.90196078431373, "26": 54.90196078431373, "27": 54.90196078431373, "28": 58.82352941176471, "29": 56.86274509803921, "30": 56.86274509803921, "31": 60.78431372549019, "32": 60.78431372549019, "33": 58.82352941176471, "34": 56.86274509803921, "35": 56.86274509803921, "36": 56.86274509803921, "37": 56.86274509803921, "38": 56.86274509803921, "39": 56.86274509803921, "40": 56.86274509803921, "41": 56.86274509803921, "42": 54.90196078431373, "43": 54.90196078431373, "44": 56.86274509803921, "45": 56.86274509803921, "46": 54.90196078431373, "47": 54.90196078431373, "48": 54.90196078431373, "49": 56.86274509803921, "50": 56.86274509803921, "51": 56.86274509803921, "52": 54.90196078431373, "53": 54.90196078431373, "54": 54.90196078431373, "55": 56.86274509803921, "56": 56.86274509803921, "57": 56.86274509803921, "58": 56.86274509803921, "59": 56.86274509803921, "60": 54.90196078431373, "61": 56.86274509803921, "62": 54.90196078431373, "63": 56.86274509803921, "64": 56.86274509803921, "65": 56.86274509803921, "66": 56.86274509803921, "67": 56.86274509803921, "68": 54.90196078431373, "69": 56.86274509803921, "70": 54.90196078431373, "71": 56.86274509803921, "72": 56.86274509803921, "73": 56.86274509803921, "74": 56.86274509803921, "75": 56.86274509803921, "76": 56.86274509803921, "77": 56.86274509803921, "78": 56.86274509803921, "79": 56.86274509803921, "80": 54.90196078431373, "81": 56.86274509803921, "82": 56.86274509803921, "83": 58.82352941176471, "84": 54.90196078431373, "85": 54.90196078431373, "86": 54.90196078431373, "87": 54.90196078431373, "88": 54.90196078431373, "89": 54.90196078431373, "90": 54.90196078431373, "91": 58.82352941176471, "92": 58.82352941176471, "93": 58.82352941176471, "94": 58.82352941176471, "95": 56.86274509803921, "96": 54.90196078431373, "97": 54.90196078431373, "98": 54.90196078431373, "99": 52.94117647058824, "100": 52.94117647058824}