{"1": 0.3297038292781988, "2": 0.3177461617617279, "3": 0.30611736050323657, "4": 0.29125113388969426, "5": 0.28130224904199996, "6": 0.2784638229205951, "7": 0.27026694165212567, "8": 0.2691494125454208, "9": 0.2641697232269752, "10": 0.26030161460391027, "11": 0.2639462397214921, "12": 0.2602896750114644, "13": 0.2619466578730183, "14": 0.26107675599566005, "15": 0.25576904596495015, "16": 0.2534732345346817, "17": 0.2541056047179565, "18": 0.2561619368259837, "19": 0.2568552625906093, "20": 0.2552258695104564, "21": 0.2527238181468983, "22": 0.2525226586292367, "23": 0.25296818479351185, "24": 0.25153359892917604, "25": 0.24911683772025417, "26": 0.24938884653431329, "27": 0.24718520154630502, "28": 0.2454299908466118, "29": 0.2436812276906249, "30": 0.24232240257204682, "31": 0.24146444918512563, "32": 0.24238026485353328, "33": 0.24296373935029494, "34": 0.2410366049807595, "35": 0.24103699270551798, "36": 0.23925365596053094, "37": 0.238883555207945, "38": 0.23865245640807586, "39": 0.23885994551571108, "40": 0.2385486968764896, "41": 0.2387577516602083, "42": 0.23904807670442307, "43": 0.23608226762612847, "44": 0.2343697031657186, "45": 0.23575459537485766, "46": 0.2365895954589051, "47": 0.236299635240401, "48": 0.23552793156823165, "49": 0.23610457382475616, "50": 0.23669838115024605, "51": 0.23600620188266083, "52": 0.2352612293963816, "53": 0.2361136868111532, "54": 0.23627518919382465, "55": 0.23603922899345633, "56": 0.23706478902434386, "57": 0.2373336971516978, "58": 0.23683022109344407, "59": 0.23733635065426642, "60": 0.23553918384458927, "61": 0.2354129553220262, "62": 0.23671565450369084, "63": 0.23294961389363542, "64": 0.23354462183725433, "65": 0.2346480645654637, "66": 0.23489533042355634, "67": 0.23455393737056823, "68": 0.23274177793608936, "69": 0.23364049978299992, "70": 0.23380172767868518, "71": 0.23397700718072964, "72": 0.23428802821470246, "73": 0.2346827377143546, "74": 0.2338436363051918, "75": 0.23422747901972343, "76": 0.23439424675038842, "77": 0.23353516627603327, "78": 0.2335617255818713, "79": 0.2333593677840115, "80": 0.23430144374844133, "81": 0.2335513850848827, "82": 0.233284953850083, "83": 0.2341075076076888, "84": 0.23490693349620415, "85": 0.23494239714757384, "86": 0.235498577218505, "87": 0.2356011494284813, "88": 0.2352345196395044, "89": 0.2349307489084534, "90": 0.2347434902439063, "91": 0.23452698434198463, "92": 0.234597540315602, "93": 0.23436249190745118, "94": 0.23527349225482833, "95": 0.23617232350479367, "96": 0.23633451863780058, "97": 0.2361662065797009, "98": 0.23689155552913946, "99": 0.23791989238087455, "100": 0.2397345296117358}