{"1": 23.076923076923077, "2": 23.076923076923077, "3": 22.115384615384613, "4": 23.076923076923077, "5": 21.153846153846153, "6": 21.153846153846153, "7": 21.153846153846153, "8": 20.192307692307693, "9": 21.153846153846153, "10": 21.153846153846153, "11": 22.115384615384613, "12": 22.115384615384613, "13": 23.076923076923077, "14": 24.03846153846154, "15": 23.076923076923077, "16": 24.03846153846154, "17": 23.076923076923077, "18": 24.03846153846154, "19": 24.03846153846154, "20": 22.115384615384613, "21": 23.076923076923077, "22": 23.076923076923077, "23": 23.076923076923077, "24": 23.076923076923077, "25": 22.115384615384613, "26": 21.153846153846153, "27": 22.115384615384613, "28": 21.153846153846153, "29": 20.192307692307693, "30": 20.192307692307693, "31": 20.192307692307693, "32": 20.192307692307693, "33": 20.192307692307693, "34": 21.153846153846153, "35": 22.115384615384613, "36": 22.115384615384613, "37": 22.115384615384613, "38": 20.192307692307693, "39": 21.153846153846153, "40": 21.153846153846153, "41": 21.153846153846153, "42": 20.192307692307693, "43": 19.230769230769234, "44": 21.153846153846153, "45": 18.269230769230766, "46": 18.269230769230766, "47": 20.192307692307693, "48": 20.192307692307693, "49": 20.192307692307693, "50": 20.192307692307693, "51": 20.192307692307693, "52": 21.153846153846153, "53": 23.076923076923077, "54": 23.076923076923077, "55": 23.076923076923077, "56": 22.115384615384613, "57": 23.076923076923077, "58": 22.115384615384613, "59": 24.03846153846154, "60": 24.03846153846154, "61": 24.03846153846154, "62": 24.03846153846154, "63": 22.115384615384613, "64": 22.115384615384613, "65": 23.076923076923077, "66": 22.115384615384613, "67": 22.115384615384613, "68": 22.115384615384613, "69": 23.076923076923077, "70": 24.03846153846154, "71": 25.0, "72": 25.0, "73": 25.0, "74": 25.961538461538463, "75": 25.0, "76": 23.076923076923077, "77": 25.961538461538463, "78": 25.961538461538463, "79": 25.0, "80": 25.0, "81": 25.961538461538463, "82": 25.961538461538463, "83": 25.961538461538463, "84": 25.0, "85": 26.923076923076923, "86": 25.0, "87": 23.076923076923077, "88": 23.076923076923077, "89": 22.115384615384613, "90": 23.076923076923077, "91": 24.03846153846154, "92": 25.0, "93": 25.961538461538463, "94": 20.192307692307693, "95": 19.230769230769234, "96": 18.269230769230766, "97": 18.269230769230766, "98": 19.230769230769234, "99": 18.269230769230766, "100": 17.307692307692307}