{"1": 55.69620253164557, "2": 50.0, "3": 55.69620253164557, "4": 59.49367088607595, "5": 58.22784810126582, "6": 54.43037974683544, "7": 55.69620253164557, "8": 55.69620253164557, "9": 57.59493670886076, "10": 54.43037974683544, "11": 54.43037974683544, "12": 56.32911392405063, "13": 53.16455696202531, "14": 57.59493670886076, "15": 51.89873417721519, "16": 53.16455696202531, "17": 54.43037974683544, "18": 51.26582278481012, "19": 53.16455696202531, "20": 50.0, "21": 50.0, "22": 53.79746835443038, "23": 54.43037974683544, "24": 51.89873417721519, "25": 51.26582278481012, "26": 52.53164556962025, "27": 53.79746835443038, "28": 53.79746835443038, "29": 58.86075949367089, "30": 56.9620253164557, "31": 61.39240506329114, "32": 57.59493670886076, "33": 58.22784810126582, "34": 58.86075949367089, "35": 50.63291139240506, "36": 56.32911392405063, "37": 56.32911392405063, "38": 57.59493670886076, "39": 60.12658227848101, "40": 55.69620253164557, "41": 55.06329113924051, "42": 53.79746835443038, "43": 56.32911392405063, "44": 56.32911392405063, "45": 56.9620253164557, "46": 56.9620253164557, "47": 58.22784810126582, "48": 58.86075949367089, "49": 56.9620253164557, "50": 58.86075949367089, "51": 55.69620253164557, "52": 56.9620253164557, "53": 58.22784810126582, "54": 57.59493670886076, "55": 56.32911392405063, "56": 55.06329113924051, "57": 53.79746835443038, "58": 55.69620253164557, "59": 51.89873417721519, "60": 51.26582278481012, "61": 53.79746835443038, "62": 52.53164556962025, "63": 54.43037974683544, "64": 56.32911392405063, "65": 53.16455696202531, "66": 58.22784810126582, "67": 55.69620253164557, "68": 56.9620253164557, "69": 55.69620253164557, "70": 57.59493670886076, "71": 56.32911392405063, "72": 57.59493670886076, "73": 56.9620253164557, "74": 56.9620253164557, "75": 58.22784810126582, "76": 55.06329113924051, "77": 57.59493670886076, "78": 55.06329113924051, "79": 56.32911392405063, "80": 56.32911392405063, "81": 55.69620253164557, "82": 55.06329113924051, "83": 53.79746835443038, "84": 53.79746835443038, "85": 51.89873417721519, "86": 53.16455696202531, "87": 51.26582278481012, "88": 53.16455696202531, "89": 52.53164556962025, "90": 50.63291139240506, "91": 50.0, "92": 50.63291139240506, "93": 52.53164556962025, "94": 48.734177215189874, "95": 50.63291139240506, "96": 50.0, "97": 52.53164556962025, "98": 51.89873417721519, "99": 51.26582278481012, "100": 53.16455696202531}