{"1": 0.31918635877300483, "2": 0.30271873063157967, "3": 0.2989472453402955, "4": 0.3405207336025017, "5": 0.26672833999054, "6": 0.2619685321573238, "7": 0.25961563473315996, "8": 0.2581394493317595, "9": 0.2570763894138306, "10": 0.254615730303032, "11": 0.2534081513884977, "12": 0.2517004074510061, "13": 0.25080209681490695, "14": 0.2518036022470356, "15": 0.2512296648861912, "16": 0.24936089946722848, "17": 0.2500805322508374, "18": 0.2502014874432934, "19": 0.25101039990024837, "20": 0.24994937402538012, "21": 0.2497057827051535, "22": 0.2512376541784269, "23": 0.2500595907892928, "24": 0.2509413115880707, "25": 0.2504007424649513, "26": 0.2515207600747284, "27": 0.2515334277084454, "28": 0.2511199195645924, "29": 0.25054177044765386, "30": 0.25071066422635824, "31": 0.25052383588990235, "32": 0.2502590858912719, "33": 0.25034718427768615, "34": 0.24967067253433986, "35": 0.24848341892807915, "36": 0.24825772799013013, "37": 0.24833264885957065, "38": 0.2481873277941884, "39": 0.24792056167988372, "40": 0.24826934275883863, "41": 0.248208771211165, "42": 0.24847075228577534, "43": 0.24806238211892284, "44": 0.2491964554379428, "45": 0.24862597537547304, "46": 0.24835903524510786, "47": 0.247760558955683, "48": 0.2469183794254829, "49": 0.24756892101267025, "50": 0.2469814857892794, "51": 0.24720222283431242, "52": 0.24767538625039523, "53": 0.24786617633534835, "54": 0.2483731786944454, "55": 0.24910344384541022, "56": 0.24892192932656554, "57": 0.24865791583208302, "58": 0.24854145977035072, "59": 0.24903385580917245, "60": 0.24737151525761963, "61": 0.24744875472872968, "62": 0.247539307001392, "63": 0.2462559027011625, "64": 0.24647103420080244, "65": 0.24718208661259244, "66": 0.2479181259008271, "67": 0.24800585924832144, "68": 0.24840541943547026, "69": 0.24928005287130714, "70": 0.24997508681499783, "71": 0.24923197931771357, "72": 0.24923931526541274, "73": 0.24872543075722234, "74": 0.2494234526576819, "75": 0.24879111401656875, "76": 0.2491200331098924, "77": 0.2494283173275517, "78": 0.24884051157423867, "79": 0.24896813490836686, "80": 0.2498772563757095, "81": 0.24939340729286785, "82": 0.24876829771769615, "83": 0.2486996705020593, "84": 0.2487915578274226, "85": 0.24875191178125622, "86": 0.24916480998351412, "87": 0.2496274981460576, "88": 0.2497578884554735, "89": 0.25007554104572605, "90": 0.25017283329179346, "91": 0.250871385514346, "92": 0.25191103025485767, "93": 0.2524994476068688, "94": 0.25316998707232186, "95": 0.25440082237526856, "96": 0.25522277804362253, "97": 0.25648412895223915, "98": 0.25807737670289854, "99": 0.25832045966815537, "100": 0.2580241238455242}