{"1": 0.18802204616571108, "2": 0.5154458617152418, "3": 0.5497190227933357, "4": 0.5320229156328697, "5": 0.5582732454835696, "6": 0.6070916028577152, "7": 0.4136623876267018, "8": 0.5244575076288256, "9": 0.4844890190064341, "10": 0.33799832414289305, "11": 0.33124792815188087, "12": 0.36430764706803287, "13": 0.3196154014580819, "14": 0.41402269917366585, "15": 0.4883891419162357, "16": 0.39437959366024117, "17": 0.425281981223412, "18": 0.39099860980551115, "19": 0.37589139102719876, "20": 0.3408424710202194, "21": 0.46569632135070543, "22": 0.4821456325725269, "23": 0.35578360160433936, "24": 0.5027067610828133, "25": 0.5208237611397644, "26": 0.40701069158715647, "27": 0.4375588938072474, "28": 0.526925233311937, "29": 0.38959956635552356, "30": 0.5138510066374016, "31": 0.5546317845155432, "32": 0.5422775002456154, "33": 0.5169765051005185, "34": 0.48649478353739267, "35": 0.5077061972451595, "36": 0.469642050444978, "37": 0.46112594635668985, "38": 0.5071702678535166, "39": 0.36354005641099296, "40": 0.5279147286874472, "41": 0.44271080437737687, "42": 0.4881919689097422, "43": 0.5035662447981155, "44": 0.5812086183436243, "45": 0.4501527807179775, "46": 0.48923319667360743, "47": 0.4982752467101718, "48": 0.41613397054929585, "49": 0.5166175549321954, "50": 0.4121873338692627, "51": 0.4709821008205256, "52": 0.5673763306625353, "53": 0.443830084516655, "54": 0.49715573967445353, "55": 0.5432508859738747, "56": 0.4750467236494387, "57": 0.4893586704050124, "58": 0.4645663770787401, "59": 0.4585881096735709, "60": 0.4696431849271787, "61": 0.3985819426283275, "62": 0.4117730209695421, "63": 0.4304372952401438, "64": 0.45354215974099316, "65": 0.3859161295460687, "66": 0.5390328811514178, "67": 0.4317249325380159, "68": 0.506149233872825, "69": 0.5269812767326549, "70": 0.49404362810130564, "71": 0.4842736942847283, "72": 0.4856529977444225, "73": 0.5185078291751157, "74": 0.5565631270141314, "75": 0.5354601698047579, "76": 0.564389012131472, "77": 0.5931422366135071, "78": 0.4674790466809929, "79": 0.45063153220670177, "80": 0.45560215252114844, "81": 0.4907084773274867, "82": 0.4978627489819724, "83": 0.461300429719168, "84": 0.5259184938069751, "85": 0.4899063984115434, "86": 0.4533908198154107, "87": 0.42769684003596764, "88": 0.3770188394383224, "89": 0.4281059343175647, "90": 0.43430792161272547, "91": 0.4100776507687138, "92": 0.41481933257504544, "93": 0.373429110858651, "94": 0.4318910207322084, "95": 0.39745948593888725, "96": 0.3856511145039692, "97": 0.37042001026933286, "98": 0.30997570619815273, "99": 0.34261430532137954, "100": 0.28794315427346967}