{"1": 33.33333333333333, "2": 31.25, "3": 33.33333333333333, "4": 35.41666666666667, "5": 39.58333333333333, "6": 39.58333333333333, "7": 33.33333333333333, "8": 35.41666666666667, "9": 35.41666666666667, "10": 37.5, "11": 31.25, "12": 35.41666666666667, "13": 33.33333333333333, "14": 31.25, "15": 35.41666666666667, "16": 31.25, "17": 33.33333333333333, "18": 31.25, "19": 31.25, "20": 27.083333333333332, "21": 29.166666666666668, "22": 29.166666666666668, "23": 29.166666666666668, "24": 33.33333333333333, "25": 31.25, "26": 31.25, "27": 33.33333333333333, "28": 31.25, "29": 31.25, "30": 27.083333333333332, "31": 27.083333333333332, "32": 27.083333333333332, "33": 25.0, "34": 22.916666666666664, "35": 25.0, "36": 25.0, "37": 27.083333333333332, "38": 27.083333333333332, "39": 27.083333333333332, "40": 25.0, "41": 27.083333333333332, "42": 27.083333333333332, "43": 27.083333333333332, "44": 29.166666666666668, "45": 29.166666666666668, "46": 22.916666666666664, "47": 25.0, "48": 25.0, "49": 25.0, "50": 25.0, "51": 25.0, "52": 25.0, "53": 27.083333333333332, "54": 27.083333333333332, "55": 27.083333333333332, "56": 27.083333333333332, "57": 27.083333333333332, "58": 27.083333333333332, "59": 27.083333333333332, "60": 27.083333333333332, "61": 27.083333333333332, "62": 27.083333333333332, "63": 25.0, "64": 27.083333333333332, "65": 25.0, "66": 29.166666666666668, "67": 29.166666666666668, "68": 29.166666666666668, "69": 29.166666666666668, "70": 27.083333333333332, "71": 29.166666666666668, "72": 29.166666666666668, "73": 29.166666666666668, "74": 29.166666666666668, "75": 29.166666666666668, "76": 27.083333333333332, "77": 29.166666666666668, "78": 27.083333333333332, "79": 29.166666666666668, "80": 31.25, "81": 29.166666666666668, "82": 29.166666666666668, "83": 29.166666666666668, "84": 29.166666666666668, "85": 29.166666666666668, "86": 29.166666666666668, "87": 27.083333333333332, "88": 27.083333333333332, "89": 27.083333333333332, "90": 25.0, "91": 25.0, "92": 25.0, "93": 27.083333333333332, "94": 27.083333333333332, "95": 29.166666666666668, "96": 29.166666666666668, "97": 29.166666666666668, "98": 29.166666666666668, "99": 29.166666666666668, "100": 27.083333333333332}