{"1": 0.6600768701893558, "2": 0.65562344628611, "3": 0.6511606302765034, "4": 0.6526057455203615, "5": 0.6590213654063939, "6": 0.6624984028626898, "7": 0.6708935892972234, "8": 0.6723660512201081, "9": 0.6640899438218825, "10": 0.6669263278575426, "11": 0.6552471859530049, "12": 0.6439166099402993, "13": 0.6343931071137064, "14": 0.6295408266814582, "15": 0.6227054284185605, "16": 0.6126482243840472, "17": 0.6096756011473004, "18": 0.6009674116685895, "19": 0.6043703738006909, "20": 0.6089185444121794, "21": 0.6228541299219793, "22": 0.6212048171958648, "23": 0.6075824388862664, "24": 0.6061440458333511, "25": 0.6249088562121334, "26": 0.6094712325039872, "27": 0.6234405148053668, "28": 0.626306819043617, "29": 0.6275325351640884, "30": 0.63322389075128, "31": 0.6310962660834802, "32": 0.6387171760317634, "33": 0.6268666580176777, "34": 0.6327882538817452, "35": 0.6374387818951222, "36": 0.6345472603472888, "37": 0.6374431696187803, "38": 0.6481810725851188, "39": 0.6427854378672715, "40": 0.6427893503453472, "41": 0.636485715187697, "42": 0.6303839978902771, "43": 0.646067651152301, "44": 0.6435853312744902, "45": 0.6360842923021288, "46": 0.627385079534607, "47": 0.6067725101656608, "48": 0.6014206361944159, "49": 0.5950116331279789, "50": 0.6015862196651147, "51": 0.5955363753703712, "52": 0.5863488542183263, "53": 0.5792895861455296, "54": 0.5821064183655917, "55": 0.5802371184211476, "56": 0.5807637435115107, "57": 0.5710934566599387, "58": 0.5737941668856957, "59": 0.578392620727892, "60": 0.5708706783844152, "61": 0.5674885722199728, "62": 0.566417141508115, "63": 0.5741880265144971, "64": 0.5764690337868125, "65": 0.578427540786165, "66": 0.5791573279449646, "67": 0.5878115387596556, "68": 0.5895292917039923, "69": 0.5865936894786455, "70": 0.5846852311279556, "71": 0.5740905349510625, "72": 0.5795856853467471, "73": 0.5725861447045102, "74": 0.5653414642690694, "75": 0.567311359766827, "76": 0.5737248389118673, "77": 0.57639081701906, "78": 0.5844933205960069, "79": 0.5811434324828282, "80": 0.597424200996626, "81": 0.5989015506651401, "82": 0.6072601794955614, "83": 0.6071679389099809, "84": 0.5914418679714812, "85": 0.5794183266481362, "86": 0.5886414716933539, "87": 0.5847947565436193, "88": 0.5935985691088635, "89": 0.597938993974763, "90": 0.5994627275433774, "91": 0.6082588705443422, "92": 0.6003238168690151, "93": 0.6119408267399487, "94": 0.6226235191533146, "95": 0.6232283165894673, "96": 0.6194929381170986, "97": 0.60947835132215, "98": 0.6195888850222293, "99": 0.6294231678688521, "100": 0.6335325603714363}