{"1": 34.065934065934066, "2": 29.67032967032967, "3": 35.16483516483517, "4": 39.56043956043956, "5": 40.65934065934066, "6": 36.26373626373626, "7": 36.26373626373626, "8": 36.26373626373626, "9": 39.56043956043956, "10": 36.26373626373626, "11": 35.16483516483517, "12": 34.065934065934066, "13": 35.16483516483517, "14": 38.46153846153847, "15": 34.065934065934066, "16": 34.065934065934066, "17": 35.16483516483517, "18": 37.362637362637365, "19": 32.967032967032964, "20": 31.868131868131865, "21": 32.967032967032964, "22": 36.26373626373626, "23": 34.065934065934066, "24": 37.362637362637365, "25": 36.26373626373626, "26": 36.26373626373626, "27": 39.56043956043956, "28": 37.362637362637365, "29": 36.26373626373626, "30": 36.26373626373626, "31": 38.46153846153847, "32": 37.362637362637365, "33": 37.362637362637365, "34": 38.46153846153847, "35": 36.26373626373626, "36": 32.967032967032964, "37": 39.56043956043956, "38": 39.56043956043956, "39": 42.857142857142854, "40": 37.362637362637365, "41": 34.065934065934066, "42": 34.065934065934066, "43": 42.857142857142854, "44": 40.65934065934066, "45": 41.75824175824176, "46": 40.65934065934066, "47": 38.46153846153847, "48": 41.75824175824176, "49": 39.56043956043956, "50": 40.65934065934066, "51": 32.967032967032964, "52": 42.857142857142854, "53": 41.75824175824176, "54": 41.75824175824176, "55": 40.65934065934066, "56": 40.65934065934066, "57": 36.26373626373626, "58": 40.65934065934066, "59": 36.26373626373626, "60": 34.065934065934066, "61": 38.46153846153847, "62": 39.56043956043956, "63": 36.26373626373626, "64": 38.46153846153847, "65": 35.16483516483517, "66": 41.75824175824176, "67": 39.56043956043956, "68": 42.857142857142854, "69": 39.56043956043956, "70": 41.75824175824176, "71": 42.857142857142854, "72": 42.857142857142854, "73": 41.75824175824176, "74": 40.65934065934066, "75": 41.75824175824176, "76": 40.65934065934066, "77": 41.75824175824176, "78": 41.75824175824176, "79": 41.75824175824176, "80": 41.75824175824176, "81": 42.857142857142854, "82": 42.857142857142854, "83": 39.56043956043956, "84": 38.46153846153847, "85": 32.967032967032964, "86": 37.362637362637365, "87": 32.967032967032964, "88": 37.362637362637365, "89": 36.26373626373626, "90": 35.16483516483517, "91": 32.967032967032964, "92": 34.065934065934066, "93": 31.868131868131865, "94": 28.57142857142857, "95": 32.967032967032964, "96": 34.065934065934066, "97": 38.46153846153847, "98": 31.868131868131865, "99": 32.967032967032964, "100": 35.16483516483517}