{"1": 39.21568627450981, "2": 49.01960784313725, "3": 49.01960784313725, "4": 50.98039215686274, "5": 54.90196078431373, "6": 50.98039215686274, "7": 56.86274509803921, "8": 52.94117647058824, "9": 50.98039215686274, "10": 49.01960784313725, "11": 50.98039215686274, "12": 52.94117647058824, "13": 50.98039215686274, "14": 52.94117647058824, "15": 47.05882352941176, "16": 49.01960784313725, "17": 54.90196078431373, "18": 50.98039215686274, "19": 52.94117647058824, "20": 56.86274509803921, "21": 54.90196078431373, "22": 50.98039215686274, "23": 54.90196078431373, "24": 49.01960784313725, "25": 49.01960784313725, "26": 52.94117647058824, "27": 54.90196078431373, "28": 56.86274509803921, "29": 54.90196078431373, "30": 54.90196078431373, "31": 56.86274509803921, "32": 56.86274509803921, "33": 50.98039215686274, "34": 54.90196078431373, "35": 52.94117647058824, "36": 52.94117647058824, "37": 52.94117647058824, "38": 52.94117647058824, "39": 52.94117647058824, "40": 52.94117647058824, "41": 54.90196078431373, "42": 52.94117647058824, "43": 50.98039215686274, "44": 49.01960784313725, "45": 52.94117647058824, "46": 52.94117647058824, "47": 52.94117647058824, "48": 52.94117647058824, "49": 50.98039215686274, "50": 52.94117647058824, "51": 52.94117647058824, "52": 54.90196078431373, "53": 54.90196078431373, "54": 50.98039215686274, "55": 50.98039215686274, "56": 47.05882352941176, "57": 49.01960784313725, "58": 49.01960784313725, "59": 49.01960784313725, "60": 49.01960784313725, "61": 50.98039215686274, "62": 52.94117647058824, "63": 49.01960784313725, "64": 49.01960784313725, "65": 50.98039215686274, "66": 50.98039215686274, "67": 52.94117647058824, "68": 52.94117647058824, "69": 50.98039215686274, "70": 50.98039215686274, "71": 49.01960784313725, "72": 50.98039215686274, "73": 50.98039215686274, "74": 47.05882352941176, "75": 49.01960784313725, "76": 47.05882352941176, "77": 49.01960784313725, "78": 47.05882352941176, "79": 49.01960784313725, "80": 49.01960784313725, "81": 49.01960784313725, "82": 50.98039215686274, "83": 49.01960784313725, "84": 47.05882352941176, "85": 47.05882352941176, "86": 49.01960784313725, "87": 49.01960784313725, "88": 49.01960784313725, "89": 50.98039215686274, "90": 49.01960784313725, "91": 50.98039215686274, "92": 49.01960784313725, "93": 49.01960784313725, "94": 47.05882352941176, "95": 45.09803921568628, "96": 50.98039215686274, "97": 50.98039215686274, "98": 50.98039215686274, "99": 50.98039215686274, "100": 50.98039215686274}