{"1": 15.384615384615385, "2": 15.384615384615385, "3": 15.384615384615385, "4": 16.346153846153847, "5": 15.384615384615385, "6": 15.384615384615385, "7": 14.423076923076922, "8": 14.423076923076922, "9": 14.423076923076922, "10": 13.461538461538462, "11": 14.423076923076922, "12": 15.384615384615385, "13": 16.346153846153847, "14": 16.346153846153847, "15": 17.307692307692307, "16": 17.307692307692307, "17": 18.269230769230766, "18": 14.423076923076922, "19": 14.423076923076922, "20": 13.461538461538462, "21": 13.461538461538462, "22": 13.461538461538462, "23": 13.461538461538462, "24": 14.423076923076922, "25": 13.461538461538462, "26": 13.461538461538462, "27": 14.423076923076922, "28": 15.384615384615385, "29": 15.384615384615385, "30": 16.346153846153847, "31": 17.307692307692307, "32": 16.346153846153847, "33": 15.384615384615385, "34": 18.269230769230766, "35": 17.307692307692307, "36": 18.269230769230766, "37": 18.269230769230766, "38": 16.346153846153847, "39": 17.307692307692307, "40": 17.307692307692307, "41": 15.384615384615385, "42": 16.346153846153847, "43": 16.346153846153847, "44": 14.423076923076922, "45": 15.384615384615385, "46": 13.461538461538462, "47": 15.384615384615385, "48": 16.346153846153847, "49": 16.346153846153847, "50": 16.346153846153847, "51": 17.307692307692307, "52": 15.384615384615385, "53": 14.423076923076922, "54": 16.346153846153847, "55": 15.384615384615385, "56": 17.307692307692307, "57": 17.307692307692307, "58": 16.346153846153847, "59": 18.269230769230766, "60": 17.307692307692307, "61": 19.230769230769234, "62": 19.230769230769234, "63": 17.307692307692307, "64": 17.307692307692307, "65": 18.269230769230766, "66": 17.307692307692307, "67": 16.346153846153847, "68": 17.307692307692307, "69": 16.346153846153847, "70": 18.269230769230766, "71": 17.307692307692307, "72": 17.307692307692307, "73": 18.269230769230766, "74": 18.269230769230766, "75": 18.269230769230766, "76": 17.307692307692307, "77": 18.269230769230766, "78": 18.269230769230766, "79": 19.230769230769234, "80": 19.230769230769234, "81": 19.230769230769234, "82": 19.230769230769234, "83": 17.307692307692307, "84": 18.269230769230766, "85": 17.307692307692307, "86": 17.307692307692307, "87": 17.307692307692307, "88": 16.346153846153847, "89": 17.307692307692307, "90": 16.346153846153847, "91": 16.346153846153847, "92": 16.346153846153847, "93": 15.384615384615385, "94": 14.423076923076922, "95": 16.346153846153847, "96": 15.384615384615385, "97": 14.423076923076922, "98": 14.423076923076922, "99": 14.423076923076922, "100": 11.538461538461538}