{"1": 0.21726803894121416, "2": 0.19637174501439508, "3": 0.18640887926616356, "4": 0.18640463235849783, "5": 0.17761469561926382, "6": 0.16863139049792775, "7": 0.17482119352692438, "8": 0.17275565956635644, "9": 0.17607958210990926, "10": 0.17365876745835102, "11": 0.17799968083088746, "12": 0.18069166518659596, "13": 0.18222605640620224, "14": 0.17752800104914482, "15": 0.17896754755139146, "16": 0.183759583474978, "17": 0.18424187726075764, "18": 0.19162862188216628, "19": 0.18779259690846, "20": 0.18396252584290365, "21": 0.18828373412837154, "22": 0.18249980504401614, "23": 0.18807943081284295, "24": 0.187538265733943, "25": 0.18768414544412257, "26": 0.18703245349425093, "27": 0.1841812940714837, "28": 0.18200812023392157, "29": 0.18358312643230634, "30": 0.18453075977135494, "31": 0.17933442342324754, "32": 0.1812870638335007, "33": 0.18258689984374796, "34": 0.182227658261605, "35": 0.18249252641181293, "36": 0.18140478969717957, "37": 0.18352725960127358, "38": 0.18419513268401563, "39": 0.1875404589884758, "40": 0.18525867600800014, "41": 0.18553776449335693, "42": 0.18883999039233862, "43": 0.1850619004949633, "44": 0.18454817014461705, "45": 0.19127423133171123, "46": 0.1852415529971519, "47": 0.18315027819193624, "48": 0.18756591144971138, "49": 0.18804737792917067, "50": 0.1884675185293092, "51": 0.18809731741281902, "52": 0.18591803430346804, "53": 0.1878281480149831, "54": 0.18868238605622384, "55": 0.19179777234858753, "56": 0.18555567694931024, "57": 0.19084131134971458, "58": 0.1900089486296293, "59": 0.19259290468576673, "60": 0.19006705090891157, "61": 0.19123664835372825, "62": 0.18951505310330824, "63": 0.19167285547214402, "64": 0.1907495463070919, "65": 0.19119216293670735, "66": 0.1866219403018979, "67": 0.18361098605202572, "68": 0.18047876160207355, "69": 0.18244333419241815, "70": 0.1837331339496892, "71": 0.1803893481390303, "72": 0.17828993894285483, "73": 0.17698102230319496, "74": 0.1784066438737933, "75": 0.18133746634333692, "76": 0.17936954873451127, "77": 0.18013143806889126, "78": 0.182118762861024, "79": 0.18351150139087544, "80": 0.1828289506998684, "81": 0.18279235915075467, "82": 0.18251151300340707, "83": 0.1852906955105399, "84": 0.18288754658757336, "85": 0.1819864950134878, "86": 0.18315832081074074, "87": 0.18401888264345587, "88": 0.18218864598651674, "89": 0.18531310508711124, "90": 0.18495041256622907, "91": 0.18374268615028136, "92": 0.18504582214305854, "93": 0.1836303967444126, "94": 0.18526746967945043, "95": 0.18697471997544599, "96": 0.18348926378637517, "97": 0.17925527600040173, "98": 0.17813163973147264, "99": 0.17949356993752305, "100": 0.17462321546332038}