{"1": 0.14434375743532932, "2": 0.12260335634568388, "3": 0.1208176585075476, "4": 0.12447310479185301, "5": 0.12080694642533497, "6": 0.12542205277854782, "7": 0.12610148975195468, "8": 0.12554292580611418, "9": 0.12715171892111984, "10": 0.12742971808254072, "11": 0.1293347714257266, "12": 0.13209060456156352, "13": 0.13662715854383975, "14": 0.13379725425405495, "15": 0.13536716463736947, "16": 0.13583442751546623, "17": 0.1354595399799514, "18": 0.14237463100036843, "19": 0.14085652173174068, "20": 0.14827185724967426, "21": 0.14936527993673313, "22": 0.15114958013411575, "23": 0.14422734497046996, "24": 0.14182397451310372, "25": 0.14535555946873654, "26": 0.14440240877533822, "27": 0.14295539383800573, "28": 0.14568368977543358, "29": 0.14752821062626562, "30": 0.1449278162204342, "31": 0.14985194222549308, "32": 0.14678213814810398, "33": 0.15224501188268552, "34": 0.14725334311658947, "35": 0.14118530756115497, "36": 0.14850967840697205, "37": 0.14574156099759508, "38": 0.1484182471340101, "39": 0.14576694131846005, "40": 0.14571112152174237, "41": 0.14838126387300005, "42": 0.14599826761484705, "43": 0.14389703344347995, "44": 0.14291733172463353, "45": 0.14229853619682808, "46": 0.14197373132755908, "47": 0.14330503121765714, "48": 0.1417888913725413, "49": 0.14018475316897977, "50": 0.13928028687398475, "51": 0.14342264581682318, "52": 0.13668085577661315, "53": 0.14001009351623703, "54": 0.13928900968669508, "55": 0.1400178329634284, "56": 0.1393424957062462, "57": 0.14195500505826972, "58": 0.14366101252470687, "59": 0.14418226086065813, "60": 0.14420366518376368, "61": 0.14561666339700519, "62": 0.14367963747212242, "63": 0.14598201296339852, "64": 0.14611225486840587, "65": 0.146679459248799, "66": 0.14596373090590523, "67": 0.14813424196492428, "68": 0.1497518647531328, "69": 0.14671526694173967, "70": 0.14379195170003214, "71": 0.1418751488806374, "72": 0.14342702461485615, "73": 0.14361229580834428, "74": 0.1464184260275644, "75": 0.14764985781383458, "76": 0.14557508976337477, "77": 0.14414587540061316, "78": 0.14645773427901532, "79": 0.14605652171528619, "80": 0.14346260665398664, "81": 0.14426340883304078, "82": 0.14637003597607198, "83": 0.1451857565013493, "84": 0.1467786117612114, "85": 0.14169644314681, "86": 0.14224941805681124, "87": 0.14321263411557, "88": 0.14302978954714646, "89": 0.141474354786347, "90": 0.1432479988895255, "91": 0.143367246201497, "92": 0.14094711204749705, "93": 0.14270814581711597, "94": 0.1396852793370196, "95": 0.1394293935696696, "96": 0.13937922422556698, "97": 0.1370316136682069, "98": 0.1379780765383538, "99": 0.14030356450727705, "100": 0.14136990840747451}