{"1": 34.50704225352113, "2": 38.732394366197184, "3": 39.436619718309856, "4": 44.36619718309859, "5": 45.774647887323944, "6": 43.66197183098591, "7": 46.478873239436616, "8": 43.66197183098591, "9": 43.66197183098591, "10": 41.54929577464789, "11": 42.25352112676056, "12": 42.25352112676056, "13": 42.25352112676056, "14": 44.36619718309859, "15": 38.732394366197184, "16": 40.845070422535215, "17": 44.36619718309859, "18": 42.95774647887324, "19": 40.845070422535215, "20": 41.54929577464789, "21": 41.54929577464789, "22": 42.95774647887324, "23": 42.25352112676056, "24": 42.25352112676056, "25": 41.54929577464789, "26": 42.25352112676056, "27": 45.774647887323944, "28": 45.07042253521127, "29": 42.95774647887324, "30": 42.95774647887324, "31": 45.774647887323944, "32": 44.36619718309859, "33": 42.95774647887324, "34": 45.07042253521127, "35": 42.25352112676056, "36": 40.140845070422536, "37": 43.66197183098591, "38": 43.66197183098591, "39": 45.774647887323944, "40": 42.25352112676056, "41": 41.54929577464789, "42": 39.436619718309856, "43": 42.95774647887324, "44": 41.54929577464789, "45": 43.66197183098591, "46": 44.36619718309859, "47": 42.95774647887324, "48": 44.36619718309859, "49": 40.845070422535215, "50": 42.95774647887324, "51": 39.436619718309856, "52": 45.07042253521127, "53": 45.07042253521127, "54": 43.66197183098591, "55": 42.25352112676056, "56": 40.140845070422536, "57": 40.140845070422536, "58": 42.25352112676056, "59": 40.845070422535215, "60": 39.436619718309856, "61": 41.54929577464789, "62": 42.25352112676056, "63": 40.845070422535215, "64": 41.54929577464789, "65": 40.845070422535215, "66": 42.95774647887324, "67": 42.25352112676056, "68": 44.36619718309859, "69": 41.54929577464789, "70": 42.95774647887324, "71": 42.95774647887324, "72": 43.66197183098591, "73": 42.95774647887324, "74": 40.845070422535215, "75": 41.54929577464789, "76": 40.845070422535215, "77": 42.95774647887324, "78": 41.54929577464789, "79": 42.95774647887324, "80": 42.25352112676056, "81": 42.95774647887324, "82": 42.95774647887324, "83": 40.845070422535215, "84": 40.140845070422536, "85": 37.32394366197183, "86": 39.436619718309856, "87": 38.028169014084504, "88": 39.436619718309856, "89": 39.436619718309856, "90": 38.028169014084504, "91": 38.028169014084504, "92": 38.028169014084504, "93": 36.61971830985916, "94": 35.2112676056338, "95": 36.61971830985916, "96": 39.436619718309856, "97": 42.25352112676056, "98": 37.32394366197183, "99": 38.732394366197184, "100": 40.845070422535215}