{"1": 0.24656135920485728, "2": 0.24139763612506862, "3": 0.24281061626505168, "4": 0.25608504064237664, "5": 0.22921518982419561, "6": 0.22792345195871563, "7": 0.22969277566544524, "8": 0.22712011602725912, "9": 0.22397605911533403, "10": 0.2250915601044501, "11": 0.22328600773048152, "12": 0.2243017296539479, "13": 0.22088743477861925, "14": 0.2194467547094816, "15": 0.22337684681692171, "16": 0.22196184581752834, "17": 0.22011283963888426, "18": 0.22138106023536802, "19": 0.2212134498974903, "20": 0.2213719727497243, "21": 0.22167945541746684, "22": 0.2197461374396851, "23": 0.22001466798889024, "24": 0.21957739621010952, "25": 0.22049370680756353, "26": 0.21936701979055115, "27": 0.22135984910787762, "28": 0.2215878455917335, "29": 0.2234287602867458, "30": 0.22348129559227414, "31": 0.22317468628304205, "32": 0.22172465390953452, "33": 0.22309090482665203, "34": 0.22408190362873207, "35": 0.22392702134871487, "36": 0.22441674095049996, "37": 0.22397494123106204, "38": 0.22528138035667822, "39": 0.22404867347392354, "40": 0.22340502861631972, "41": 0.22365356246376283, "42": 0.22243952087600863, "43": 0.22239407430306599, "44": 0.22264926479388353, "45": 0.2228332203313611, "46": 0.22328501879923793, "47": 0.2229965660501446, "48": 0.2242184078985425, "49": 0.22376280304681437, "50": 0.22431121802645076, "51": 0.22390884919489637, "52": 0.22486915901025045, "53": 0.2254977081126446, "54": 0.22648817665882956, "55": 0.22732851436719875, "56": 0.22733609290839465, "57": 0.22778685914731475, "58": 0.2282567594755502, "59": 0.22761177167721175, "60": 0.2258421249981307, "61": 0.22500955695136363, "62": 0.2251394329433414, "63": 0.2249483438154402, "64": 0.22598716409829817, "65": 0.22614469904387843, "66": 0.22584145660355404, "67": 0.22691722399029202, "68": 0.22690321329076085, "69": 0.2268617303414562, "70": 0.22643815299216524, "71": 0.22602374151662746, "72": 0.22649059759627269, "73": 0.22699000879751105, "74": 0.22770064575510307, "75": 0.22818289665851477, "76": 0.22932421200597738, "77": 0.22918131904486458, "78": 0.23018193995944677, "79": 0.22996394409797136, "80": 0.2302468631515558, "81": 0.23042566279404303, "82": 0.23164292004247175, "83": 0.2311157276493816, "84": 0.2312401433804796, "85": 0.23044770525439778, "86": 0.22933913413156998, "87": 0.22950252506180208, "88": 0.229753010079368, "89": 0.22919749299531622, "90": 0.2299367119122903, "91": 0.2300982873161846, "92": 0.23124276125222126, "93": 0.23176144673145221, "94": 0.23276814416624916, "95": 0.2345059395994123, "96": 0.23652465705635747, "97": 0.23870783921971925, "98": 0.24101997527403252, "99": 0.24267222284908185, "100": 0.2453755925448507}