{"1": 0.34048784390076925, "2": 0.23323458823889998, "3": 0.1918852203592339, "4": 0.2038613560012133, "5": 0.22560107313380517, "6": 0.2083747566657418, "7": 0.21141869223238757, "8": 0.2193964920180998, "9": 0.23205994325443424, "10": 0.2154046145972415, "11": 0.19731855172205753, "12": 0.21783429783962427, "13": 0.1866953735984744, "14": 0.18595081033340655, "15": 0.18665219214393747, "16": 0.19153659342966772, "17": 0.18188239869954628, "18": 0.17953360020309758, "19": 0.1988080458044853, "20": 0.21096880926980133, "21": 0.1848812462478332, "22": 0.1979197120747302, "23": 0.18625674824771524, "24": 0.17386234382160468, "25": 0.168680184598681, "26": 0.18887239827403135, "27": 0.17120531147398185, "28": 0.16799616331874662, "29": 0.16515719765089548, "30": 0.14104784756098032, "31": 0.15613780820152995, "32": 0.15581702313702173, "33": 0.1496974682513766, "34": 0.1405396831421076, "35": 0.12178599979642116, "36": 0.11809834802938102, "37": 0.11890864320790309, "38": 0.12625001728088556, "39": 0.11239786599413779, "40": 0.11380187283136735, "41": 0.10849367596812567, "42": 0.12382215655658652, "43": 0.12980201289826693, "44": 0.11000471502442807, "45": 0.10852011331687267, "46": 0.11712928556577423, "47": 0.0994423540690597, "48": 0.10796466953054432, "49": 0.11468458674928203, "50": 0.09748463154673756, "51": 0.12197431494808353, "52": 0.10204560033707058, "53": 0.10828558203138527, "54": 0.0861995904040177, "55": 0.10130609780043377, "56": 0.09859390419281153, "57": 0.1074520800176599, "58": 0.10655985106291739, "59": 0.10959273422699878, "60": 0.08224197793195907, "61": 0.10423912236206831, "62": 0.07819706305831982, "63": 0.10966893450379647, "64": 0.09734879914904329, "65": 0.08613841364167396, "66": 0.09207964949184581, "67": 0.09298830493977278, "68": 0.1082506014626635, "69": 0.12910659959175486, "70": 0.1330779478281553, "71": 0.12236098068791497, "72": 0.13256970802258036, "73": 0.13161014020789327, "74": 0.12013252573432029, "75": 0.09282839568597492, "76": 0.10696324368385167, "77": 0.0943536370750511, "78": 0.10307236171601071, "79": 0.10397512928924768, "80": 0.08227997337132248, "81": 0.08238745381866924, "82": 0.09455000934658342, "83": 0.10531662882538805, "84": 0.08797941959765163, "85": 0.08235887786198046, "86": 0.08659323928873602, "87": 0.08938236814812778, "88": 0.1075509330472843, "89": 0.09460211899534103, "90": 0.09830323879739072, "91": 0.1134545589664109, "92": 0.10967116781360325, "93": 0.11019530581699807, "94": 0.08876601373419572, "95": 0.0894749225838602, "96": 0.09610407062601166, "97": 0.10182140009706134, "98": 0.11547593356502953, "99": 0.12220972651388862, "100": 0.1404566131463844}