{"1": 0.12155682841129797, "2": 0.13161264113993565, "3": 0.13335354519779147, "4": 0.12743731990726193, "5": 0.13696735290710435, "6": 0.13445249515516322, "7": 0.1495012137909003, "8": 0.13606843232129978, "9": 0.1288638148575028, "10": 0.1378243678608002, "11": 0.13815597119245382, "12": 0.14562165201395194, "13": 0.14568710290538092, "14": 0.13264965867624878, "15": 0.15075777868569407, "16": 0.14780735479761276, "17": 0.13735279833703531, "18": 0.1424115800669083, "19": 0.14711536203453612, "20": 0.14498645742435673, "21": 0.15218690731244247, "22": 0.14432355515798, "23": 0.15355838854251336, "24": 0.1561569824873918, "25": 0.15464889348951688, "26": 0.13617261675571452, "27": 0.14508419178831639, "28": 0.13673554494552226, "29": 0.14410426031309534, "30": 0.14426073743752127, "31": 0.14264624881024873, "32": 0.13555096191787364, "33": 0.1383263118460038, "34": 0.13663716041320445, "35": 0.13805599485876918, "36": 0.1368293890677767, "37": 0.1396412293859834, "38": 0.14845155670761953, "39": 0.1402458440429788, "40": 0.1362052143074629, "41": 0.1372520836759273, "42": 0.13348038711192833, "43": 0.1375035939180947, "44": 0.13643464005459804, "45": 0.14224871836667505, "46": 0.13977739332490446, "47": 0.14201363701320802, "48": 0.14705330145788925, "49": 0.14367949075065434, "50": 0.14542972620593464, "51": 0.14304067152310196, "52": 0.14145990367213757, "53": 0.14258021760567946, "54": 0.14352769421857065, "55": 0.14447804667596242, "56": 0.14690049897300567, "57": 0.14858369425204732, "58": 0.14615266950782133, "59": 0.14840905216146844, "60": 0.14421175357346672, "61": 0.14638127414488092, "62": 0.14414080750480157, "63": 0.15125794416660737, "64": 0.14808572104102216, "65": 0.14701320781503185, "66": 0.1461909267844586, "67": 0.14932025917270658, "68": 0.1466753055529556, "69": 0.14892526894178174, "70": 0.1482207680185524, "71": 0.1482675401703954, "72": 0.14902640426598784, "73": 0.14774641957778564, "74": 0.147239767901356, "75": 0.14656311116199633, "76": 0.1467618784392769, "77": 0.1484547718938879, "78": 0.14607691033572434, "79": 0.14592663710671416, "80": 0.1461178780560683, "81": 0.14515642924537348, "82": 0.14552253939385137, "83": 0.1449127531771947, "84": 0.14650073898343358, "85": 0.1486278924505904, "86": 0.14586764872748892, "87": 0.14776358775851853, "88": 0.14808832114017872, "89": 0.14793343532874173, "90": 0.14909337921070603, "91": 0.14886896896443796, "92": 0.14848731020869088, "93": 0.14777808500542364, "94": 0.14811299175551385, "95": 0.14766048325650932, "96": 0.14800963024700764, "97": 0.1471093418180845, "98": 0.14466674803636054, "99": 0.14252928590095015, "100": 0.14318308606537272}