{"1": 0.19954892092196055, "2": 0.1927274419601812, "3": 0.1929880708943743, "4": 0.18480252313488696, "5": 0.17764075345081196, "6": 0.17764098479184554, "7": 0.1833788539846986, "8": 0.1832813399479031, "9": 0.18239535654777012, "10": 0.18268977336951012, "11": 0.17856852762649966, "12": 0.18178228683037997, "13": 0.1815019402821638, "14": 0.17952137125297682, "15": 0.18239223187091239, "16": 0.1825918081040877, "17": 0.18367189466162506, "18": 0.18543923104731164, "19": 0.1849753918887724, "20": 0.18577084104757993, "21": 0.1875572808745928, "22": 0.18720806331203435, "23": 0.18788034474469695, "24": 0.18561745732249665, "25": 0.1847874908199387, "26": 0.18447076833677395, "27": 0.1872795808809548, "28": 0.18752168383413148, "29": 0.18784148842737572, "30": 0.1890970247173047, "31": 0.1863734531679464, "32": 0.18539353124176802, "33": 0.18594253222373178, "34": 0.18768561937051184, "35": 0.18801700736807764, "36": 0.18753220590197855, "37": 0.18618713731056272, "38": 0.18844854886898826, "39": 0.18793414790408897, "40": 0.1867442217308373, "41": 0.18659187075149233, "42": 0.18695860157073818, "43": 0.187229675491394, "44": 0.18609124389115464, "45": 0.1878257112021099, "46": 0.18847519053744252, "47": 0.18801839832815334, "48": 0.18826516574445226, "49": 0.18768569374709565, "50": 0.18810250386265867, "51": 0.1885688228580024, "52": 0.1883519787696511, "53": 0.1885520729136645, "54": 0.18944887412185313, "55": 0.18929766067799486, "56": 0.18894309166737774, "57": 0.18937532775996452, "58": 0.18975986510184564, "59": 0.19014372719931874, "60": 0.18886185764989716, "61": 0.1895021585695683, "62": 0.18931700266269771, "63": 0.18955690811677878, "64": 0.18976418130582703, "65": 0.19020516521158737, "66": 0.1903809022342655, "67": 0.19094932549605612, "68": 0.190423513149788, "69": 0.19050589048013442, "70": 0.1905745746150122, "71": 0.19072109289149264, "72": 0.19099287880543403, "73": 0.19070550136614658, "74": 0.19055991954836576, "75": 0.1906798294460094, "76": 0.19023979887015927, "77": 0.19073348097219395, "78": 0.1894213633694308, "79": 0.18997377790912315, "80": 0.19080355065157614, "81": 0.1903197049337971, "82": 0.19068912636107146, "83": 0.19035819508260474, "84": 0.19097705649877947, "85": 0.19129316258698784, "86": 0.1904370490515973, "87": 0.1905130255065272, "88": 0.1900739390245501, "89": 0.18983035772103443, "90": 0.19030424847142993, "91": 0.1899565325322144, "92": 0.18933335977941482, "93": 0.18976466244312298, "94": 0.1897662692506979, "95": 0.19007050389463673, "96": 0.19054190165065213, "97": 0.1900257700975579, "98": 0.1895357717518433, "99": 0.19056146771069318, "100": 0.19200207042367687}