{"1": 0.43611189078680046, "2": 0.3863019608635718, "3": 0.3554799245873415, "4": 0.32786970241808133, "5": 0.3342080979323594, "6": 0.31300961943822886, "7": 0.26799743944115356, "8": 0.2548861620825874, "9": 0.2279500172297152, "10": 0.2115388982657319, "11": 0.21015335744261393, "12": 0.200190533702378, "13": 0.20609760241688563, "14": 0.20348728320725415, "15": 0.17686464001352242, "16": 0.1792409916254341, "17": 0.16845425691569255, "18": 0.1688767764632884, "19": 0.16842545083822785, "20": 0.16708155945934927, "21": 0.1660067519931217, "22": 0.16588886320408394, "23": 0.16195760078967403, "24": 0.17093758285956218, "25": 0.14232345517911016, "26": 0.14429573607895857, "27": 0.12698445783821738, "28": 0.13033626407956897, "29": 0.12496517104734589, "30": 0.11750490992658934, "31": 0.11336134953958972, "32": 0.11211130243983491, "33": 0.10540076442266369, "34": 0.10473556515785994, "35": 0.10975239711278476, "36": 0.11227630026053484, "37": 0.11081923927714668, "38": 0.10124888908550196, "39": 0.09822246265211537, "40": 0.10102789297774188, "41": 0.10203414752423577, "42": 0.09769352916259227, "43": 0.09764554678627238, "44": 0.10893371911266975, "45": 0.09601705860133884, "46": 0.0935411342843224, "47": 0.08959965969510264, "48": 0.08610017829167607, "49": 0.09131854697834849, "50": 0.09062843518332517, "51": 0.0930781001405349, "52": 0.09305238260891596, "53": 0.08654105544570444, "54": 0.0855615067604528, "55": 0.08618032976429964, "56": 0.08943610829645585, "57": 0.08644968898476428, "58": 0.09220612399287936, "59": 0.09239998958563715, "60": 0.09701361755925988, "61": 0.09164184757256169, "62": 0.09589177234615308, "63": 0.08509013353980747, "64": 0.08477356599143734, "65": 0.0854222890491728, "66": 0.08785586727087721, "67": 0.08579317862430876, "68": 0.08037067497142847, "69": 0.07908789558888077, "70": 0.07800798259647834, "71": 0.08206898525364122, "72": 0.08173037636552448, "73": 0.08416744522186642, "74": 0.08321329911641208, "75": 0.08294879645246316, "76": 0.0865081303479367, "77": 0.08484239249990874, "78": 0.0854267145518102, "79": 0.08265812619170604, "80": 0.08056713675587077, "81": 0.08180098398680802, "82": 0.07810464329873434, "83": 0.07721001236349867, "84": 0.07851431247636088, "85": 0.07996968707851382, "86": 0.08030161856960175, "87": 0.08322884231761753, "88": 0.0839898797542567, "89": 0.08461898096157658, "90": 0.08620877754331047, "91": 0.08685745006644993, "92": 0.08532616278599017, "93": 0.08641594742762587, "94": 0.08520187834322193, "95": 0.08458424535872722, "96": 0.08365843379638248, "97": 0.07945417998071835, "98": 0.07363275354415816, "99": 0.07319469541421088, "100": 0.08178179991580481}