{"1": 58.24175824175825, "2": 61.53846153846154, "3": 59.34065934065934, "4": 61.53846153846154, "5": 65.93406593406593, "6": 63.73626373626373, "7": 67.03296703296702, "8": 64.83516483516483, "9": 64.83516483516483, "10": 64.83516483516483, "11": 64.83516483516483, "12": 64.83516483516483, "13": 63.73626373626373, "14": 63.73626373626373, "15": 59.34065934065934, "16": 58.24175824175825, "17": 60.43956043956044, "18": 61.53846153846154, "19": 59.34065934065934, "20": 58.24175824175825, "21": 57.14285714285714, "22": 57.14285714285714, "23": 58.24175824175825, "24": 57.14285714285714, "25": 58.24175824175825, "26": 57.14285714285714, "27": 57.14285714285714, "28": 58.24175824175825, "29": 56.043956043956044, "30": 57.14285714285714, "31": 57.14285714285714, "32": 57.14285714285714, "33": 57.14285714285714, "34": 57.14285714285714, "35": 58.24175824175825, "36": 59.34065934065934, "37": 59.34065934065934, "38": 58.24175824175825, "39": 58.24175824175825, "40": 58.24175824175825, "41": 58.24175824175825, "42": 58.24175824175825, "43": 59.34065934065934, "44": 58.24175824175825, "45": 57.14285714285714, "46": 57.14285714285714, "47": 57.14285714285714, "48": 57.14285714285714, "49": 56.043956043956044, "50": 53.84615384615385, "51": 54.94505494505495, "52": 54.94505494505495, "53": 53.84615384615385, "54": 52.74725274725275, "55": 53.84615384615385, "56": 53.84615384615385, "57": 54.94505494505495, "58": 53.84615384615385, "59": 56.043956043956044, "60": 56.043956043956044, "61": 56.043956043956044, "62": 56.043956043956044, "63": 58.24175824175825, "64": 57.14285714285714, "65": 54.94505494505495, "66": 54.94505494505495, "67": 54.94505494505495, "68": 53.84615384615385, "69": 54.94505494505495, "70": 54.94505494505495, "71": 53.84615384615385, "72": 54.94505494505495, "73": 54.94505494505495, "74": 54.94505494505495, "75": 54.94505494505495, "76": 54.94505494505495, "77": 53.84615384615385, "78": 53.84615384615385, "79": 53.84615384615385, "80": 53.84615384615385, "81": 56.043956043956044, "82": 54.94505494505495, "83": 56.043956043956044, "84": 56.043956043956044, "85": 54.94505494505495, "86": 56.043956043956044, "87": 54.94505494505495, "88": 54.94505494505495, "89": 56.043956043956044, "90": 54.94505494505495, "91": 54.94505494505495, "92": 54.94505494505495, "93": 57.14285714285714, "94": 54.94505494505495, "95": 52.74725274725275, "96": 52.74725274725275, "97": 54.94505494505495, "98": 52.74725274725275, "99": 54.94505494505495, "100": 54.94505494505495}