{"1": 0.14422431339187305, "2": 0.14500497795196826, "3": 0.1371536878256295, "4": 0.144570156456579, "5": 0.14661239274268667, "6": 0.1523040751118932, "7": 0.14385017989414134, "8": 0.16152398227209624, "9": 0.15473289328576573, "10": 0.14877941575063452, "11": 0.14443145880169456, "12": 0.15564534321961818, "13": 0.14929072754395892, "14": 0.16111906007789895, "15": 0.16135553703472755, "16": 0.15231282682073655, "17": 0.15555796538407896, "18": 0.14876263641820128, "19": 0.14791585119489742, "20": 0.14729293080571362, "21": 0.16445175627678096, "22": 0.15824444454116998, "23": 0.14435775636596876, "24": 0.15123599547911987, "25": 0.14464296935168663, "26": 0.14005153021304523, "27": 0.12494565928145357, "28": 0.14221867106159586, "29": 0.13772446670184912, "30": 0.14917363146552334, "31": 0.14693951476679273, "32": 0.1438276045689375, "33": 0.13749843862029315, "34": 0.13401789040103018, "35": 0.1395547416079799, "36": 0.13638659367440506, "37": 0.13488924395403767, "38": 0.1411173590962417, "39": 0.12871267955622662, "40": 0.1486807371842181, "41": 0.13379583450400478, "42": 0.12389688861830195, "43": 0.1384493193746265, "44": 0.1378103833017779, "45": 0.13194538113825405, "46": 0.12994305628674035, "47": 0.1388123062641401, "48": 0.13187563984869974, "49": 0.15032865842211818, "50": 0.1452173751682216, "51": 0.16156796010710922, "52": 0.14990416501533893, "53": 0.13560886814877424, "54": 0.14171079110190643, "55": 0.15846447486808335, "56": 0.14070086970550164, "57": 0.15167238872932695, "58": 0.15320611794790484, "59": 0.15578480317386653, "60": 0.14825993217143488, "61": 0.1480798125452131, "62": 0.14157542015745972, "63": 0.14215656416750574, "64": 0.1436445187886795, "65": 0.1363510499583345, "66": 0.14311057277259462, "67": 0.14951442013873123, "68": 0.1430628210228181, "69": 0.13848506101961489, "70": 0.1311587986573026, "71": 0.14550559601694438, "72": 0.13288468543223347, "73": 0.14058075704906856, "74": 0.14295069116898207, "75": 0.14958235464836095, "76": 0.13437989439767922, "77": 0.15543653779919922, "78": 0.13962083933044991, "79": 0.13322188348729597, "80": 0.13966014354780293, "81": 0.13685375183646742, "82": 0.12645889397439236, "83": 0.13011098867422077, "84": 0.14486881127338416, "85": 0.13118122421907258, "86": 0.13452721473339824, "87": 0.13646862730130416, "88": 0.13401723806560822, "89": 0.13616984408834948, "90": 0.13093838124043472, "91": 0.13727279454015018, "92": 0.13253812073733956, "93": 0.14713667620517468, "94": 0.13133311585907284, "95": 0.1311495530365192, "96": 0.13254455119394892, "97": 0.13554266728513983, "98": 0.13781651493025782, "99": 0.14409992591662824, "100": 0.1411226503179278}