{"1": 0.18556350214569764, "2": 0.18161821573319714, "3": 0.1560407003165593, "4": 0.1490623371723188, "5": 0.15440820854398557, "6": 0.1579746936386212, "7": 0.1592714755902391, "8": 0.16490650154727823, "9": 0.16625130047025835, "10": 0.1680389540951575, "11": 0.1664237258036918, "12": 0.16753443275932806, "13": 0.16799079590508295, "14": 0.1636854119495171, "15": 0.16870616691235904, "16": 0.16330965159714092, "17": 0.16212913726682138, "18": 0.1633222047225584, "19": 0.1660231274177002, "20": 0.16710253947202455, "21": 0.16670448056251275, "22": 0.1649994088081589, "23": 0.16078926524129736, "24": 0.16346527782991205, "25": 0.16514105786041658, "26": 0.1637099752100258, "27": 0.16270387460357183, "28": 0.1593624144455091, "29": 0.15570115297772666, "30": 0.15227503503047202, "31": 0.15048880100083833, "32": 0.1541506153449267, "33": 0.15598003549031722, "34": 0.15410977171027257, "35": 0.16014251760485856, "36": 0.1579438149144853, "37": 0.15200333818680709, "38": 0.14861618467665, "39": 0.15128703476342975, "40": 0.15427414374704534, "41": 0.15318806352117326, "42": 0.1557315741178002, "43": 0.15362262016302528, "44": 0.15463902897835777, "45": 0.15128447304652443, "46": 0.1502433343754655, "47": 0.1501931630186238, "48": 0.1482613060471677, "49": 0.14972295335284921, "50": 0.147187645001509, "51": 0.1545137891301796, "52": 0.1510614201573617, "53": 0.150703511927087, "54": 0.14908078771467542, "55": 0.15164744643862205, "56": 0.15303810156127234, "57": 0.153711865733011, "58": 0.15118285594065417, "59": 0.1599586579506089, "60": 0.16198130614295644, "61": 0.15597310250705498, "62": 0.15771760290733142, "63": 0.16003963158680828, "64": 0.15401103429965138, "65": 0.1581504619309295, "66": 0.1525272440435632, "67": 0.15521191251691874, "68": 0.15243410364204837, "69": 0.1563169621899031, "70": 0.147390119517296, "71": 0.14838900406392427, "72": 0.15090911502506502, "73": 0.15181344663603588, "74": 0.15296787581735158, "75": 0.1535754961836681, "76": 0.14964348719023712, "77": 0.14725537715289186, "78": 0.1504688835905226, "79": 0.15199964850349174, "80": 0.15200253741234443, "81": 0.1516362144857353, "82": 0.15142255490158077, "83": 0.1543889017328019, "84": 0.1588773654365087, "85": 0.16182836293326405, "86": 0.15801957199967787, "87": 0.16428940457864352, "88": 0.15701897020718125, "89": 0.15975334279371503, "90": 0.15959933220596104, "91": 0.16272600827607206, "92": 0.16307193535756098, "93": 0.16089399895572198, "94": 0.1667166157138405, "95": 0.16662368200295447, "96": 0.16828427761276685, "97": 0.16263301442508588, "98": 0.16355692842080222, "99": 0.1645182894075533, "100": 0.16168220881860812}