{"1": 35.2112676056338, "2": 44.36619718309859, "3": 39.436619718309856, "4": 45.774647887323944, "5": 40.845070422535215, "6": 39.436619718309856, "7": 43.66197183098591, "8": 40.140845070422536, "9": 40.140845070422536, "10": 40.845070422535215, "11": 40.845070422535215, "12": 42.25352112676056, "13": 42.25352112676056, "14": 46.478873239436616, "15": 45.774647887323944, "16": 45.07042253521127, "17": 45.07042253521127, "18": 42.95774647887324, "19": 40.845070422535215, "20": 42.25352112676056, "21": 42.25352112676056, "22": 43.66197183098591, "23": 43.66197183098591, "24": 43.66197183098591, "25": 43.66197183098591, "26": 44.36619718309859, "27": 43.66197183098591, "28": 42.95774647887324, "29": 43.66197183098591, "30": 42.95774647887324, "31": 43.66197183098591, "32": 42.25352112676056, "33": 43.66197183098591, "34": 41.54929577464789, "35": 42.25352112676056, "36": 42.95774647887324, "37": 42.25352112676056, "38": 42.95774647887324, "39": 43.66197183098591, "40": 43.66197183098591, "41": 43.66197183098591, "42": 44.36619718309859, "43": 43.66197183098591, "44": 44.36619718309859, "45": 44.36619718309859, "46": 44.36619718309859, "47": 45.07042253521127, "48": 43.66197183098591, "49": 44.36619718309859, "50": 42.95774647887324, "51": 43.66197183098591, "52": 43.66197183098591, "53": 42.95774647887324, "54": 42.95774647887324, "55": 42.25352112676056, "56": 42.25352112676056, "57": 42.25352112676056, "58": 42.25352112676056, "59": 42.25352112676056, "60": 41.54929577464789, "61": 42.25352112676056, "62": 42.25352112676056, "63": 42.25352112676056, "64": 42.25352112676056, "65": 42.95774647887324, "66": 43.66197183098591, "67": 44.36619718309859, "68": 43.66197183098591, "69": 44.36619718309859, "70": 43.66197183098591, "71": 44.36619718309859, "72": 45.07042253521127, "73": 44.36619718309859, "74": 44.36619718309859, "75": 44.36619718309859, "76": 44.36619718309859, "77": 45.07042253521127, "78": 44.36619718309859, "79": 45.07042253521127, "80": 44.36619718309859, "81": 44.36619718309859, "82": 44.36619718309859, "83": 44.36619718309859, "84": 44.36619718309859, "85": 44.36619718309859, "86": 43.66197183098591, "87": 45.07042253521127, "88": 44.36619718309859, "89": 45.07042253521127, "90": 45.07042253521127, "91": 43.66197183098591, "92": 42.95774647887324, "93": 43.66197183098591, "94": 44.36619718309859, "95": 42.95774647887324, "96": 42.25352112676056, "97": 41.54929577464789, "98": 38.732394366197184, "99": 40.845070422535215, "100": 42.95774647887324}