{"1": 54.166666666666664, "2": 56.25, "3": 50.0, "4": 54.166666666666664, "5": 60.416666666666664, "6": 58.333333333333336, "7": 62.5, "8": 58.333333333333336, "9": 58.333333333333336, "10": 58.333333333333336, "11": 58.333333333333336, "12": 58.333333333333336, "13": 56.25, "14": 56.25, "15": 56.25, "16": 54.166666666666664, "17": 54.166666666666664, "18": 52.083333333333336, "19": 50.0, "20": 50.0, "21": 52.083333333333336, "22": 52.083333333333336, "23": 52.083333333333336, "24": 52.083333333333336, "25": 54.166666666666664, "26": 52.083333333333336, "27": 54.166666666666664, "28": 52.083333333333336, "29": 52.083333333333336, "30": 52.083333333333336, "31": 52.083333333333336, "32": 52.083333333333336, "33": 52.083333333333336, "34": 52.083333333333336, "35": 52.083333333333336, "36": 54.166666666666664, "37": 54.166666666666664, "38": 52.083333333333336, "39": 52.083333333333336, "40": 52.083333333333336, "41": 52.083333333333336, "42": 52.083333333333336, "43": 54.166666666666664, "44": 54.166666666666664, "45": 52.083333333333336, "46": 52.083333333333336, "47": 52.083333333333336, "48": 52.083333333333336, "49": 52.083333333333336, "50": 50.0, "51": 50.0, "52": 50.0, "53": 47.91666666666667, "54": 45.83333333333333, "55": 47.91666666666667, "56": 45.83333333333333, "57": 45.83333333333333, "58": 45.83333333333333, "59": 45.83333333333333, "60": 45.83333333333333, "61": 47.91666666666667, "62": 47.91666666666667, "63": 54.166666666666664, "64": 50.0, "65": 45.83333333333333, "66": 45.83333333333333, "67": 45.83333333333333, "68": 43.75, "69": 45.83333333333333, "70": 45.83333333333333, "71": 43.75, "72": 45.83333333333333, "73": 45.83333333333333, "74": 45.83333333333333, "75": 45.83333333333333, "76": 45.83333333333333, "77": 45.83333333333333, "78": 45.83333333333333, "79": 45.83333333333333, "80": 45.83333333333333, "81": 47.91666666666667, "82": 47.91666666666667, "83": 47.91666666666667, "84": 50.0, "85": 50.0, "86": 50.0, "87": 50.0, "88": 50.0, "89": 50.0, "90": 50.0, "91": 50.0, "92": 50.0, "93": 54.166666666666664, "94": 50.0, "95": 47.91666666666667, "96": 47.91666666666667, "97": 52.083333333333336, "98": 47.91666666666667, "99": 50.0, "100": 50.0}