{"1": 0.2038122932601062, "2": 0.1757639638577047, "3": 0.16012612597690945, "4": 0.15588318456937178, "5": 0.13746644025120663, "6": 0.1388849167918164, "7": 0.12362797402976927, "8": 0.12371694693532903, "9": 0.11884907180616161, "10": 0.13192189303834737, "11": 0.12554358629433954, "12": 0.13075498702531682, "13": 0.12669084162951383, "14": 0.12838881767166488, "15": 0.12595810631884852, "16": 0.13515313020081968, "17": 0.1375978602130981, "18": 0.13079203241823767, "19": 0.1292151161823905, "20": 0.13061649622391666, "21": 0.13341047721800067, "22": 0.12937324157667526, "23": 0.13119140148672506, "24": 0.1294276773307037, "25": 0.1356298929040319, "26": 0.1277442149718463, "27": 0.12796586791702985, "28": 0.13599369678805479, "29": 0.1306753593124806, "30": 0.1342406565595912, "31": 0.12848239441261727, "32": 0.12836609924234357, "33": 0.1272424938623437, "34": 0.1298032852413722, "35": 0.13051644610147276, "36": 0.13029981800347382, "37": 0.13522454769273584, "38": 0.1364610595912122, "39": 0.12837191470131437, "40": 0.13761469601730952, "41": 0.13663131161243114, "42": 0.1402669603727868, "43": 0.1387848534122203, "44": 0.15062645005382536, "45": 0.14910551367785452, "46": 0.1491350777701264, "47": 0.1560868789668114, "48": 0.14744590348772443, "49": 0.15036867568060364, "50": 0.1516092195821949, "51": 0.14599431980626926, "52": 0.15141548150097603, "53": 0.1482402322280268, "54": 0.14172592293447123, "55": 0.15101382370639657, "56": 0.16476968980585383, "57": 0.15140368723566267, "58": 0.1547545783481301, "59": 0.14093905965915765, "60": 0.1581902456696325, "61": 0.16476241489794186, "62": 0.15014283807883622, "63": 0.15979351802889247, "64": 0.16026947326793756, "65": 0.15827666560603182, "66": 0.16302016588646598, "67": 0.16282730065468537, "68": 0.16055501522276078, "69": 0.15600923149653334, "70": 0.16323894350456353, "71": 0.16814795998351156, "72": 0.18842620705070628, "73": 0.19661191509688286, "74": 0.19193141276935646, "75": 0.17177717813498264, "76": 0.16873030727026225, "77": 0.16839979607818245, "78": 0.15956534161815883, "79": 0.1545879061145299, "80": 0.17176742837668563, "81": 0.17605639333962603, "82": 0.17260229654782677, "83": 0.1678243712065844, "84": 0.16032814352688857, "85": 0.16738272759820744, "86": 0.1570700119190405, "87": 0.15567120182864935, "88": 0.15954850261273584, "89": 0.14941702234785392, "90": 0.15548580243610682, "91": 0.1586981979509771, "92": 0.1567823668768425, "93": 0.1576411134273572, "94": 0.13929857922492395, "95": 0.14911874610526848, "96": 0.14171969201584805, "97": 0.15923625908766087, "98": 0.1579288106126792, "99": 0.163577296553891, "100": 0.1585275004929047}