{"1": 39.24050632911392, "2": 39.87341772151899, "3": 46.835443037974684, "4": 49.36708860759494, "5": 48.734177215189874, "6": 49.36708860759494, "7": 48.734177215189874, "8": 50.0, "9": 51.26582278481012, "10": 50.0, "11": 49.36708860759494, "12": 50.63291139240506, "13": 50.63291139240506, "14": 51.89873417721519, "15": 51.89873417721519, "16": 49.36708860759494, "17": 50.0, "18": 52.53164556962025, "19": 50.63291139240506, "20": 51.26582278481012, "21": 50.0, "22": 50.0, "23": 50.0, "24": 50.0, "25": 50.63291139240506, "26": 51.26582278481012, "27": 50.63291139240506, "28": 50.63291139240506, "29": 50.63291139240506, "30": 50.0, "31": 49.36708860759494, "32": 50.0, "33": 50.0, "34": 50.63291139240506, "35": 51.26582278481012, "36": 50.0, "37": 48.734177215189874, "38": 50.63291139240506, "39": 47.46835443037975, "40": 48.734177215189874, "41": 49.36708860759494, "42": 48.734177215189874, "43": 50.0, "44": 48.10126582278481, "45": 48.10126582278481, "46": 48.10126582278481, "47": 48.10126582278481, "48": 47.46835443037975, "49": 49.36708860759494, "50": 47.46835443037975, "51": 47.46835443037975, "52": 48.10126582278481, "53": 48.10126582278481, "54": 47.46835443037975, "55": 47.46835443037975, "56": 47.46835443037975, "57": 46.835443037974684, "58": 46.835443037974684, "59": 46.835443037974684, "60": 46.835443037974684, "61": 46.835443037974684, "62": 46.835443037974684, "63": 46.835443037974684, "64": 47.46835443037975, "65": 46.835443037974684, "66": 46.835443037974684, "67": 47.46835443037975, "68": 48.10126582278481, "69": 47.46835443037975, "70": 47.46835443037975, "71": 47.46835443037975, "72": 47.46835443037975, "73": 48.734177215189874, "74": 48.734177215189874, "75": 48.10126582278481, "76": 48.10126582278481, "77": 48.10126582278481, "78": 47.46835443037975, "79": 46.20253164556962, "80": 48.734177215189874, "81": 48.10126582278481, "82": 49.36708860759494, "83": 48.10126582278481, "84": 48.734177215189874, "85": 48.734177215189874, "86": 48.734177215189874, "87": 48.734177215189874, "88": 48.10126582278481, "89": 48.10126582278481, "90": 48.734177215189874, "91": 48.10126582278481, "92": 47.46835443037975, "93": 47.46835443037975, "94": 46.20253164556962, "95": 46.20253164556962, "96": 45.56962025316456, "97": 46.20253164556962, "98": 46.20253164556962, "99": 46.20253164556962, "100": 45.56962025316456}