{"1": 0.2186966854444532, "2": 0.20076331555048602, "3": 0.19362294186735005, "4": 0.19649077509478496, "5": 0.18260481413178906, "6": 0.18813298069817552, "7": 0.18663919839905202, "8": 0.18535188366596006, "9": 0.18695246230486562, "10": 0.1894285434894662, "11": 0.18548522444030008, "12": 0.18664879093227385, "13": 0.19160758912669235, "14": 0.18917655431440658, "15": 0.19761416706416968, "16": 0.19363106366053728, "17": 0.1995502308989938, "18": 0.2002177375066828, "19": 0.2044966016578385, "20": 0.2081002862065768, "21": 0.20512932500961642, "22": 0.20627619766074076, "23": 0.20035459094977381, "24": 0.20157736421003522, "25": 0.2010850576098578, "26": 0.20048912193875776, "27": 0.1938328328962113, "28": 0.19979396276285025, "29": 0.1984535306583088, "30": 0.2016990757761442, "31": 0.20641319257654533, "32": 0.19928414822474214, "33": 0.20241377682411146, "34": 0.19661791415946572, "35": 0.1926109672116992, "36": 0.1982980648027486, "37": 0.1916965690364689, "38": 0.19528043638851517, "39": 0.19280326299417594, "40": 0.19603965303825402, "41": 0.1974926842624587, "42": 0.19234183557940407, "43": 0.1936359353876306, "44": 0.18747300330368985, "45": 0.18765077330809918, "46": 0.18653607279263001, "47": 0.19150575730744546, "48": 0.1914002899408461, "49": 0.1885003371646978, "50": 0.19168697571229043, "51": 0.19182010648801978, "52": 0.1824320213181147, "53": 0.18461144748937877, "54": 0.18474074536655843, "55": 0.18818059644142768, "56": 0.18896671359132547, "57": 0.19106114907125507, "58": 0.1957786232979735, "59": 0.19639290551524105, "60": 0.19349767935992815, "61": 0.20079890567566452, "62": 0.19422594815934827, "63": 0.19952978942651206, "64": 0.19656725897083854, "65": 0.19724861765988683, "66": 0.1953682354285492, "67": 0.1996364261673496, "68": 0.2005699354673062, "69": 0.19445011385502048, "70": 0.1943086524778395, "71": 0.191532172225927, "72": 0.19100922968559184, "73": 0.1909362752807454, "74": 0.18899567283929264, "75": 0.19253075534671554, "76": 0.1906215347329437, "77": 0.18826711238370558, "78": 0.18893851431337294, "79": 0.18695752270166097, "80": 0.18995630995226134, "81": 0.18764974139503493, "82": 0.18576193174220895, "83": 0.18674054248007427, "84": 0.18943521197942947, "85": 0.18921814619169658, "86": 0.18950685459624272, "87": 0.1897964798691705, "88": 0.19120948812307026, "89": 0.18922991980486437, "90": 0.18608742404155143, "91": 0.19044802444029602, "92": 0.18756088932480483, "93": 0.18970684154933629, "94": 0.18511491811070854, "95": 0.18770401927003857, "96": 0.18993309191209315, "97": 0.18810750432660658, "98": 0.1889936093253729, "99": 0.18961833915215712, "100": 0.19223260761107738}