{"1": 64.83516483516483, "2": 62.637362637362635, "3": 60.43956043956044, "4": 61.53846153846154, "5": 61.53846153846154, "6": 67.03296703296702, "7": 64.83516483516483, "8": 69.23076923076923, "9": 70.32967032967034, "10": 70.32967032967034, "11": 71.42857142857143, "12": 72.52747252747253, "13": 69.23076923076923, "14": 72.52747252747253, "15": 71.42857142857143, "16": 73.62637362637363, "17": 70.32967032967034, "18": 69.23076923076923, "19": 69.23076923076923, "20": 71.42857142857143, "21": 71.42857142857143, "22": 70.32967032967034, "23": 69.23076923076923, "24": 70.32967032967034, "25": 70.32967032967034, "26": 69.23076923076923, "27": 71.42857142857143, "28": 72.52747252747253, "29": 72.52747252747253, "30": 74.72527472527473, "31": 73.62637362637363, "32": 73.62637362637363, "33": 72.52747252747253, "34": 74.72527472527473, "35": 74.72527472527473, "36": 73.62637362637363, "37": 73.62637362637363, "38": 73.62637362637363, "39": 72.52747252747253, "40": 72.52747252747253, "41": 72.52747252747253, "42": 70.32967032967034, "43": 72.52747252747253, "44": 72.52747252747253, "45": 73.62637362637363, "46": 72.52747252747253, "47": 72.52747252747253, "48": 73.62637362637363, "49": 72.52747252747253, "50": 72.52747252747253, "51": 72.52747252747253, "52": 72.52747252747253, "53": 72.52747252747253, "54": 73.62637362637363, "55": 73.62637362637363, "56": 71.42857142857143, "57": 72.52747252747253, "58": 71.42857142857143, "59": 70.32967032967034, "60": 70.32967032967034, "61": 70.32967032967034, "62": 70.32967032967034, "63": 73.62637362637363, "64": 73.62637362637363, "65": 72.52747252747253, "66": 71.42857142857143, "67": 73.62637362637363, "68": 72.52747252747253, "69": 71.42857142857143, "70": 70.32967032967034, "71": 71.42857142857143, "72": 71.42857142857143, "73": 70.32967032967034, "74": 70.32967032967034, "75": 69.23076923076923, "76": 70.32967032967034, "77": 70.32967032967034, "78": 70.32967032967034, "79": 70.32967032967034, "80": 70.32967032967034, "81": 69.23076923076923, "82": 69.23076923076923, "83": 69.23076923076923, "84": 70.32967032967034, "85": 71.42857142857143, "86": 69.23076923076923, "87": 71.42857142857143, "88": 70.32967032967034, "89": 70.32967032967034, "90": 71.42857142857143, "91": 71.42857142857143, "92": 71.42857142857143, "93": 72.52747252747253, "94": 71.42857142857143, "95": 73.62637362637363, "96": 72.52747252747253, "97": 72.52747252747253, "98": 71.42857142857143, "99": 71.42857142857143, "100": 69.23076923076923}