{"1": 44.230769230769226, "2": 44.230769230769226, "3": 44.230769230769226, "4": 44.230769230769226, "5": 50.0, "6": 48.07692307692308, "7": 49.03846153846153, "8": 45.19230769230769, "9": 45.19230769230769, "10": 47.11538461538461, "11": 47.11538461538461, "12": 47.11538461538461, "13": 50.96153846153846, "14": 50.0, "15": 50.96153846153846, "16": 49.03846153846153, "17": 48.07692307692308, "18": 48.07692307692308, "19": 49.03846153846153, "20": 50.96153846153846, "21": 48.07692307692308, "22": 48.07692307692308, "23": 45.19230769230769, "24": 49.03846153846153, "25": 49.03846153846153, "26": 49.03846153846153, "27": 48.07692307692308, "28": 45.19230769230769, "29": 45.19230769230769, "30": 46.15384615384615, "31": 47.11538461538461, "32": 47.11538461538461, "33": 44.230769230769226, "34": 46.15384615384615, "35": 46.15384615384615, "36": 46.15384615384615, "37": 47.11538461538461, "38": 45.19230769230769, "39": 47.11538461538461, "40": 47.11538461538461, "41": 46.15384615384615, "42": 47.11538461538461, "43": 45.19230769230769, "44": 47.11538461538461, "45": 47.11538461538461, "46": 46.15384615384615, "47": 45.19230769230769, "48": 46.15384615384615, "49": 46.15384615384615, "50": 46.15384615384615, "51": 46.15384615384615, "52": 46.15384615384615, "53": 47.11538461538461, "54": 45.19230769230769, "55": 45.19230769230769, "56": 47.11538461538461, "57": 46.15384615384615, "58": 45.19230769230769, "59": 46.15384615384615, "60": 46.15384615384615, "61": 47.11538461538461, "62": 47.11538461538461, "63": 48.07692307692308, "64": 48.07692307692308, "65": 48.07692307692308, "66": 46.15384615384615, "67": 48.07692307692308, "68": 48.07692307692308, "69": 48.07692307692308, "70": 48.07692307692308, "71": 48.07692307692308, "72": 47.11538461538461, "73": 46.15384615384615, "74": 47.11538461538461, "75": 47.11538461538461, "76": 48.07692307692308, "77": 48.07692307692308, "78": 47.11538461538461, "79": 46.15384615384615, "80": 46.15384615384615, "81": 45.19230769230769, "82": 45.19230769230769, "83": 45.19230769230769, "84": 45.19230769230769, "85": 44.230769230769226, "86": 44.230769230769226, "87": 44.230769230769226, "88": 45.19230769230769, "89": 46.15384615384615, "90": 46.15384615384615, "91": 46.15384615384615, "92": 46.15384615384615, "93": 46.15384615384615, "94": 46.15384615384615, "95": 45.19230769230769, "96": 45.19230769230769, "97": 45.19230769230769, "98": 44.230769230769226, "99": 44.230769230769226, "100": 45.19230769230769}