{"1": 47.05882352941176, "2": 49.01960784313725, "3": 56.86274509803921, "4": 50.98039215686274, "5": 52.94117647058824, "6": 52.94117647058824, "7": 50.98039215686274, "8": 54.90196078431373, "9": 52.94117647058824, "10": 52.94117647058824, "11": 52.94117647058824, "12": 54.90196078431373, "13": 50.98039215686274, "14": 50.98039215686274, "15": 52.94117647058824, "16": 50.98039215686274, "17": 49.01960784313725, "18": 45.09803921568628, "19": 52.94117647058824, "20": 47.05882352941176, "21": 47.05882352941176, "22": 47.05882352941176, "23": 50.98039215686274, "24": 43.13725490196079, "25": 47.05882352941176, "26": 49.01960784313725, "27": 50.98039215686274, "28": 45.09803921568628, "29": 47.05882352941176, "30": 49.01960784313725, "31": 47.05882352941176, "32": 50.98039215686274, "33": 45.09803921568628, "34": 43.13725490196079, "35": 45.09803921568628, "36": 49.01960784313725, "37": 47.05882352941176, "38": 52.94117647058824, "39": 47.05882352941176, "40": 49.01960784313725, "41": 47.05882352941176, "42": 43.13725490196079, "43": 50.98039215686274, "44": 47.05882352941176, "45": 45.09803921568628, "46": 47.05882352941176, "47": 47.05882352941176, "48": 50.98039215686274, "49": 50.98039215686274, "50": 47.05882352941176, "51": 45.09803921568628, "52": 49.01960784313725, "53": 41.17647058823529, "54": 45.09803921568628, "55": 41.17647058823529, "56": 45.09803921568628, "57": 45.09803921568628, "58": 47.05882352941176, "59": 43.13725490196079, "60": 45.09803921568628, "61": 43.13725490196079, "62": 41.17647058823529, "63": 45.09803921568628, "64": 43.13725490196079, "65": 45.09803921568628, "66": 47.05882352941176, "67": 49.01960784313725, "68": 45.09803921568628, "69": 49.01960784313725, "70": 49.01960784313725, "71": 50.98039215686274, "72": 47.05882352941176, "73": 50.98039215686274, "74": 49.01960784313725, "75": 49.01960784313725, "76": 50.98039215686274, "77": 52.94117647058824, "78": 52.94117647058824, "79": 49.01960784313725, "80": 52.94117647058824, "81": 49.01960784313725, "82": 49.01960784313725, "83": 52.94117647058824, "84": 50.98039215686274, "85": 50.98039215686274, "86": 50.98039215686274, "87": 50.98039215686274, "88": 54.90196078431373, "89": 54.90196078431373, "90": 54.90196078431373, "91": 52.94117647058824, "92": 54.90196078431373, "93": 56.86274509803921, "94": 54.90196078431373, "95": 54.90196078431373, "96": 52.94117647058824, "97": 52.94117647058824, "98": 49.01960784313725, "99": 52.94117647058824, "100": 49.01960784313725}