{"1": 32.967032967032964, "2": 36.26373626373626, "3": 32.967032967032964, "4": 39.56043956043956, "5": 32.967032967032964, "6": 30.76923076923077, "7": 34.065934065934066, "8": 31.868131868131865, "9": 32.967032967032964, "10": 36.26373626373626, "11": 35.16483516483517, "12": 35.16483516483517, "13": 34.065934065934066, "14": 38.46153846153847, "15": 38.46153846153847, "16": 36.26373626373626, "17": 36.26373626373626, "18": 35.16483516483517, "19": 34.065934065934066, "20": 34.065934065934066, "21": 34.065934065934066, "22": 37.362637362637365, "23": 35.16483516483517, "24": 36.26373626373626, "25": 37.362637362637365, "26": 38.46153846153847, "27": 38.46153846153847, "28": 38.46153846153847, "29": 36.26373626373626, "30": 36.26373626373626, "31": 37.362637362637365, "32": 37.362637362637365, "33": 37.362637362637365, "34": 36.26373626373626, "35": 38.46153846153847, "36": 38.46153846153847, "37": 37.362637362637365, "38": 39.56043956043956, "39": 40.65934065934066, "40": 40.65934065934066, "41": 40.65934065934066, "42": 40.65934065934066, "43": 39.56043956043956, "44": 40.65934065934066, "45": 40.65934065934066, "46": 41.75824175824176, "47": 42.857142857142854, "48": 41.75824175824176, "49": 41.75824175824176, "50": 40.65934065934066, "51": 40.65934065934066, "52": 40.65934065934066, "53": 39.56043956043956, "54": 39.56043956043956, "55": 39.56043956043956, "56": 39.56043956043956, "57": 39.56043956043956, "58": 39.56043956043956, "59": 40.65934065934066, "60": 38.46153846153847, "61": 39.56043956043956, "62": 39.56043956043956, "63": 39.56043956043956, "64": 40.65934065934066, "65": 40.65934065934066, "66": 40.65934065934066, "67": 40.65934065934066, "68": 39.56043956043956, "69": 39.56043956043956, "70": 40.65934065934066, "71": 39.56043956043956, "72": 40.65934065934066, "73": 39.56043956043956, "74": 39.56043956043956, "75": 39.56043956043956, "76": 39.56043956043956, "77": 40.65934065934066, "78": 39.56043956043956, "79": 39.56043956043956, "80": 38.46153846153847, "81": 38.46153846153847, "82": 37.362637362637365, "83": 38.46153846153847, "84": 38.46153846153847, "85": 37.362637362637365, "86": 38.46153846153847, "87": 38.46153846153847, "88": 38.46153846153847, "89": 38.46153846153847, "90": 38.46153846153847, "91": 38.46153846153847, "92": 37.362637362637365, "93": 37.362637362637365, "94": 36.26373626373626, "95": 35.16483516483517, "96": 34.065934065934066, "97": 34.065934065934066, "98": 31.868131868131865, "99": 34.065934065934066, "100": 35.16483516483517}