{"1": 0.05566563314902373, "2": 0.0810864802609747, "3": 0.04003756547760472, "4": 0.052825796880183434, "5": 0.07299961067647023, "6": 0.08686711941602307, "7": 0.07636408671869277, "8": 0.0777319039540641, "9": 0.06791201820207436, "10": 0.07058531809612972, "11": 0.05665614884806643, "12": 0.05235262971268159, "13": 0.04909230854257616, "14": 0.03399308777113195, "15": 0.05639680639514046, "16": 0.0424073975920999, "17": 0.032590286369011554, "18": 0.038940846556434296, "19": 0.04502045190677356, "20": 0.04343704772856548, "21": 0.033422675906304045, "22": 0.03528814929944156, "23": 0.04109701308226775, "24": 0.0411403372104464, "25": 0.044703941449917725, "26": 0.047391777390718974, "27": 0.058537154711612964, "28": 0.06291592729690514, "29": 0.06761035728882539, "30": 0.07337525511491678, "31": 0.061968211402324086, "32": 0.05926526439306783, "33": 0.057528499871126765, "34": 0.05732728147587536, "35": 0.057219181741296955, "36": 0.056353608089378816, "37": 0.05151140089749233, "38": 0.062438532352255646, "39": 0.054598326130389695, "40": 0.05440510782494089, "41": 0.057508818256539154, "42": 0.0544300731357109, "43": 0.055548210390458964, "44": 0.05746451652611243, "45": 0.05773610709973833, "46": 0.05930603168405621, "47": 0.05986743813001102, "48": 0.06615891633637659, "49": 0.05797963240021453, "50": 0.06991931190403752, "51": 0.06242345792556157, "52": 0.062033233087200365, "53": 0.07051069453812481, "54": 0.07297234641341219, "55": 0.0726947551472871, "56": 0.07296490528445604, "57": 0.07543523329749402, "58": 0.07004499058833959, "59": 0.07439608181647414, "60": 0.07401182854074043, "61": 0.07253570339116457, "62": 0.0690133529046834, "63": 0.07582407349483967, "64": 0.07734920522112136, "65": 0.07409875673366169, "66": 0.07574989045327574, "67": 0.07720113740268589, "68": 0.07505211726560207, "69": 0.07873239808738422, "70": 0.08119062810975998, "71": 0.08635456514650977, "72": 0.08576741468334219, "73": 0.0801157195693737, "74": 0.08038669394456323, "75": 0.07714689834045362, "76": 0.08061332809485844, "77": 0.08337118027343764, "78": 0.07759094502376827, "79": 0.07977426171183458, "80": 0.08206058117090206, "81": 0.08560062684930064, "82": 0.08962491553678789, "83": 0.08967794618217405, "84": 0.09137587720401888, "85": 0.0911725929884665, "86": 0.08865976435284767, "87": 0.09072899013493421, "88": 0.08993476900630668, "89": 0.08839120294033873, "90": 0.08807812477673904, "91": 0.08882593238494602, "92": 0.08798372060676546, "93": 0.08661763442633104, "94": 0.08484316592180759, "95": 0.0864997675843625, "96": 0.0853203484846484, "97": 0.08176432745954455, "98": 0.0801418035584386, "99": 0.0767360587560638, "100": 0.07873307326238561}