{"1": 0.29724902439451084, "2": 0.2851426824807874, "3": 0.27906852613975225, "4": 0.27559118135696253, "5": 0.26251011130521834, "6": 0.25423857829423785, "7": 0.25524371817383146, "8": 0.2603991362346397, "9": 0.26462863720186247, "10": 0.26637897791285725, "11": 0.25622770699171604, "12": 0.26593006426802485, "13": 0.2663737772215549, "14": 0.26883548519330863, "15": 0.2701431686229388, "16": 0.27656319339937796, "17": 0.27572374236599, "18": 0.2738757547952329, "19": 0.27262186311923015, "20": 0.27471170674105677, "21": 0.28188052897747423, "22": 0.281118742185176, "23": 0.2784277127640228, "24": 0.2763000486804968, "25": 0.2740783495971448, "26": 0.27582570153382113, "27": 0.280983889361674, "28": 0.2817543499633191, "29": 0.28087922710749447, "30": 0.2848937435444396, "31": 0.2796530343496619, "32": 0.27778269482950857, "33": 0.27846388176846365, "34": 0.28169872186181905, "35": 0.2851529369360619, "36": 0.2847376384555494, "37": 0.28332465126646933, "38": 0.2866279174269188, "39": 0.28599740074115726, "40": 0.2842365708903272, "41": 0.28278839578094234, "42": 0.2827634607780975, "43": 0.2823368121504455, "44": 0.2816507479612503, "45": 0.28184212769356876, "46": 0.2825349839932162, "47": 0.28122711143252643, "48": 0.27968976458208733, "49": 0.27893435069872136, "50": 0.2778993796039325, "51": 0.2795569746884903, "52": 0.278777070369274, "53": 0.278077608292758, "54": 0.28001369220161115, "55": 0.27956029086913936, "56": 0.2794286558569188, "57": 0.2800447188031885, "58": 0.28133064581942674, "59": 0.28226577183087187, "60": 0.27920389515191407, "61": 0.280299150270466, "62": 0.2795240416503115, "63": 0.2779642913873732, "64": 0.27931007308639777, "65": 0.28167438908584425, "66": 0.2820683170388367, "67": 0.2822928653045332, "68": 0.28183372573422555, "69": 0.2818524971384887, "70": 0.2821408251111876, "71": 0.28071731374735237, "72": 0.28146919484925026, "73": 0.28033457682180146, "74": 0.2817727707627409, "75": 0.2829522106277437, "76": 0.2826200606599801, "77": 0.2843540450885889, "78": 0.2796159726102783, "79": 0.2803806395952186, "80": 0.28193039271870757, "81": 0.28085579139091404, "82": 0.2804943962213124, "83": 0.2794831763073959, "84": 0.28060087731343963, "85": 0.2807260552415099, "86": 0.27855696423660775, "87": 0.277594171872725, "88": 0.27662941982433376, "89": 0.27767019637836327, "90": 0.2793100874970182, "91": 0.2784553427864578, "92": 0.27711973164986897, "93": 0.278270342086639, "94": 0.2783615343434689, "95": 0.27977119426549674, "96": 0.28081287580399344, "97": 0.27936405918652585, "98": 0.2793861496115136, "99": 0.2826113153334006, "100": 0.28875049080348736}