{"1": 56.730769230769226, "2": 59.61538461538461, "3": 62.5, "4": 61.53846153846154, "5": 60.57692307692307, "6": 58.65384615384615, "7": 61.53846153846154, "8": 57.692307692307686, "9": 59.61538461538461, "10": 59.61538461538461, "11": 60.57692307692307, "12": 62.5, "13": 60.57692307692307, "14": 61.53846153846154, "15": 60.57692307692307, "16": 57.692307692307686, "17": 58.65384615384615, "18": 58.65384615384615, "19": 60.57692307692307, "20": 56.730769230769226, "21": 56.730769230769226, "22": 58.65384615384615, "23": 59.61538461538461, "24": 56.730769230769226, "25": 54.807692307692314, "26": 56.730769230769226, "27": 58.65384615384615, "28": 57.692307692307686, "29": 58.65384615384615, "30": 58.65384615384615, "31": 60.57692307692307, "32": 58.65384615384615, "33": 58.65384615384615, "34": 59.61538461538461, "35": 55.769230769230774, "36": 58.65384615384615, "37": 58.65384615384615, "38": 59.61538461538461, "39": 59.61538461538461, "40": 58.65384615384615, "41": 58.65384615384615, "42": 59.61538461538461, "43": 58.65384615384615, "44": 58.65384615384615, "45": 57.692307692307686, "46": 58.65384615384615, "47": 58.65384615384615, "48": 58.65384615384615, "49": 57.692307692307686, "50": 58.65384615384615, "51": 58.65384615384615, "52": 57.692307692307686, "53": 58.65384615384615, "54": 58.65384615384615, "55": 59.61538461538461, "56": 58.65384615384615, "57": 57.692307692307686, "58": 58.65384615384615, "59": 56.730769230769226, "60": 56.730769230769226, "61": 58.65384615384615, "62": 57.692307692307686, "63": 58.65384615384615, "64": 58.65384615384615, "65": 58.65384615384615, "66": 58.65384615384615, "67": 57.692307692307686, "68": 58.65384615384615, "69": 58.65384615384615, "70": 58.65384615384615, "71": 56.730769230769226, "72": 57.692307692307686, "73": 58.65384615384615, "74": 57.692307692307686, "75": 57.692307692307686, "76": 56.730769230769226, "77": 58.65384615384615, "78": 57.692307692307686, "79": 57.692307692307686, "80": 57.692307692307686, "81": 56.730769230769226, "82": 55.769230769230774, "83": 56.730769230769226, "84": 57.692307692307686, "85": 54.807692307692314, "86": 54.807692307692314, "87": 55.769230769230774, "88": 55.769230769230774, "89": 55.769230769230774, "90": 52.88461538461539, "91": 54.807692307692314, "92": 54.807692307692314, "93": 55.769230769230774, "94": 50.96153846153846, "95": 53.84615384615385, "96": 53.84615384615385, "97": 54.807692307692314, "98": 55.769230769230774, "99": 54.807692307692314, "100": 56.730769230769226}