{"1": 0.15606344241450631, "2": 0.26081135550054824, "3": 0.13856369831247392, "4": 0.036683818732071015, "5": 0.04151441485022199, "6": 0.08483272893214636, "7": 0.11550292365917046, "8": 0.10458285367248277, "9": 0.1324392839872607, "10": 0.16377438743229433, "11": 0.17074804757246714, "12": 0.17484851141788743, "13": 0.15688911614188022, "14": 0.09297193687901026, "15": 0.13872952006941458, "16": 0.03488519704338366, "17": 0.05347351226006024, "18": 0.10348502162739527, "19": 0.13410464618262463, "20": 0.08212821628249763, "21": 0.10607809992059254, "22": 0.05325220361212177, "23": 0.047292086258196815, "24": 0.04277222950330412, "25": 0.04792611124249082, "26": 0.06992284701918507, "27": 0.03755953642670862, "28": 0.033303112161387746, "29": 0.03147433782303987, "30": 0.05514435848857737, "31": 0.046084738972794206, "32": 0.08240793021628481, "33": 0.051873404871102154, "34": 0.029552538324184377, "35": 0.11427013953018796, "36": 0.11156784226018254, "37": 0.09971069512330696, "38": 0.07688649114976367, "39": 0.03381819144321529, "40": 0.11395627005908895, "41": 0.08610812211659599, "42": 0.156121527356418, "43": 0.14032511699915248, "44": 0.1000171825251133, "45": 0.0695506779194979, "46": 0.049277027986292514, "47": 0.08574825697912994, "48": 0.020078152381873944, "49": 0.08416598826749438, "50": 0.05698919506393637, "51": 0.10207024938831011, "52": 0.03984592658064905, "53": 0.03948758771108449, "54": 0.08203096363124915, "55": 0.11542539570236601, "56": 0.13311356956027617, "57": 0.1519333826689505, "58": 0.1355771398562408, "59": 0.14917588965722628, "60": 0.16805249635251468, "61": 0.1419922061447378, "62": 0.14048403957741593, "63": 0.12600025788408525, "64": 0.09108272409810764, "65": 0.10304327168660463, "66": 0.09795654270808607, "67": 0.10457344988208192, "68": 0.051516261848700756, "69": 0.08630364216694608, "70": 0.022045693798475176, "71": 0.028688902408056764, "72": 0.03814945463127781, "73": 0.054919150524928434, "74": 0.04918339644115637, "75": 0.02483518500483938, "76": 0.030095705129583157, "77": 0.023046329502587802, "78": 0.029235264439366485, "79": 0.021319966605995427, "80": 0.04185832392312663, "81": 0.027892935012516766, "82": 0.023047800281079493, "83": 0.027662085974636843, "84": 0.052632794607367236, "85": 0.06429441825077715, "86": 0.06732103755372523, "87": 0.10183322861081975, "88": 0.05884357261647784, "89": 0.10250307939637537, "90": 0.07317810871065601, "91": 0.09654855850128327, "92": 0.09848280795693812, "93": 0.0952940818051586, "94": 0.11629941914687342, "95": 0.10288263648234304, "96": 0.1194711229626842, "97": 0.05418605523867365, "98": 0.07290503359516387, "99": 0.07957776357876373, "100": 0.06118517012513543}