{"1": 34.50704225352113, "2": 40.140845070422536, "3": 40.845070422535215, "4": 40.845070422535215, "5": 44.36619718309859, "6": 49.29577464788733, "7": 47.88732394366197, "8": 47.183098591549296, "9": 43.66197183098591, "10": 39.436619718309856, "11": 44.36619718309859, "12": 44.36619718309859, "13": 43.66197183098591, "14": 44.36619718309859, "15": 38.028169014084504, "16": 41.54929577464789, "17": 40.845070422535215, "18": 40.845070422535215, "19": 42.25352112676056, "20": 38.732394366197184, "21": 35.91549295774648, "22": 35.91549295774648, "23": 44.36619718309859, "24": 40.845070422535215, "25": 40.140845070422536, "26": 40.845070422535215, "27": 41.54929577464789, "28": 38.732394366197184, "29": 39.436619718309856, "30": 38.028169014084504, "31": 36.61971830985916, "32": 38.732394366197184, "33": 39.436619718309856, "34": 43.66197183098591, "35": 39.436619718309856, "36": 38.732394366197184, "37": 40.845070422535215, "38": 40.140845070422536, "39": 42.25352112676056, "40": 41.54929577464789, "41": 36.61971830985916, "42": 38.028169014084504, "43": 39.436619718309856, "44": 41.54929577464789, "45": 41.54929577464789, "46": 42.95774647887324, "47": 43.66197183098591, "48": 40.845070422535215, "49": 40.845070422535215, "50": 40.845070422535215, "51": 40.845070422535215, "52": 42.25352112676056, "53": 41.54929577464789, "54": 43.66197183098591, "55": 39.436619718309856, "56": 35.91549295774648, "57": 40.845070422535215, "58": 39.436619718309856, "59": 40.140845070422536, "60": 40.140845070422536, "61": 39.436619718309856, "62": 40.140845070422536, "63": 36.61971830985916, "64": 40.845070422535215, "65": 39.436619718309856, "66": 38.028169014084504, "67": 38.732394366197184, "68": 40.140845070422536, "69": 38.028169014084504, "70": 38.028169014084504, "71": 39.436619718309856, "72": 38.732394366197184, "73": 35.2112676056338, "74": 38.028169014084504, "75": 38.732394366197184, "76": 40.845070422535215, "77": 40.845070422535215, "78": 40.140845070422536, "79": 40.845070422535215, "80": 40.845070422535215, "81": 40.140845070422536, "82": 42.95774647887324, "83": 40.140845070422536, "84": 43.66197183098591, "85": 40.845070422535215, "86": 40.845070422535215, "87": 39.436619718309856, "88": 38.028169014084504, "89": 38.732394366197184, "90": 40.845070422535215, "91": 39.436619718309856, "92": 40.140845070422536, "93": 40.140845070422536, "94": 40.140845070422536, "95": 38.028169014084504, "96": 40.140845070422536, "97": 41.54929577464789, "98": 41.54929577464789, "99": 42.25352112676056, "100": 41.54929577464789}