{"1": 38.732394366197184, "2": 40.140845070422536, "3": 42.25352112676056, "4": 40.845070422535215, "5": 45.07042253521127, "6": 46.478873239436616, "7": 47.183098591549296, "8": 48.59154929577465, "9": 47.183098591549296, "10": 47.88732394366197, "11": 46.478873239436616, "12": 45.774647887323944, "13": 44.36619718309859, "14": 46.478873239436616, "15": 47.88732394366197, "16": 42.95774647887324, "17": 44.36619718309859, "18": 40.140845070422536, "19": 44.36619718309859, "20": 44.36619718309859, "21": 42.25352112676056, "22": 42.95774647887324, "23": 44.36619718309859, "24": 41.54929577464789, "25": 40.845070422535215, "26": 42.25352112676056, "27": 42.25352112676056, "28": 42.95774647887324, "29": 44.36619718309859, "30": 44.36619718309859, "31": 43.66197183098591, "32": 46.478873239436616, "33": 43.66197183098591, "34": 43.66197183098591, "35": 42.95774647887324, "36": 45.07042253521127, "37": 44.36619718309859, "38": 43.66197183098591, "39": 42.25352112676056, "40": 43.66197183098591, "41": 41.54929577464789, "42": 42.95774647887324, "43": 45.07042253521127, "44": 44.36619718309859, "45": 42.25352112676056, "46": 43.66197183098591, "47": 42.25352112676056, "48": 44.36619718309859, "49": 44.36619718309859, "50": 43.66197183098591, "51": 42.25352112676056, "52": 43.66197183098591, "53": 40.845070422535215, "54": 42.95774647887324, "55": 40.845070422535215, "56": 42.95774647887324, "57": 40.845070422535215, "58": 41.54929577464789, "59": 40.140845070422536, "60": 42.25352112676056, "61": 41.54929577464789, "62": 42.25352112676056, "63": 40.845070422535215, "64": 40.140845070422536, "65": 42.25352112676056, "66": 43.66197183098591, "67": 44.36619718309859, "68": 44.36619718309859, "69": 45.774647887323944, "70": 45.07042253521127, "71": 46.478873239436616, "72": 44.36619718309859, "73": 46.478873239436616, "74": 45.774647887323944, "75": 45.07042253521127, "76": 47.183098591549296, "77": 45.07042253521127, "78": 45.774647887323944, "79": 42.95774647887324, "80": 45.07042253521127, "81": 42.95774647887324, "82": 43.66197183098591, "83": 45.774647887323944, "84": 45.774647887323944, "85": 45.774647887323944, "86": 45.07042253521127, "87": 45.07042253521127, "88": 45.774647887323944, "89": 46.478873239436616, "90": 47.183098591549296, "91": 45.774647887323944, "92": 45.774647887323944, "93": 47.183098591549296, "94": 48.59154929577465, "95": 47.88732394366197, "96": 47.183098591549296, "97": 45.774647887323944, "98": 45.07042253521127, "99": 47.183098591549296, "100": 45.07042253521127}