{"1": 35.57692307692308, "2": 43.269230769230774, "3": 43.269230769230774, "4": 47.11538461538461, "5": 46.15384615384615, "6": 44.230769230769226, "7": 47.11538461538461, "8": 43.269230769230774, "9": 45.19230769230769, "10": 43.269230769230774, "11": 42.30769230769231, "12": 44.230769230769226, "13": 43.269230769230774, "14": 45.19230769230769, "15": 41.34615384615385, "16": 43.269230769230774, "17": 46.15384615384615, "18": 45.19230769230769, "19": 42.30769230769231, "20": 45.19230769230769, "21": 45.19230769230769, "22": 43.269230769230774, "23": 44.230769230769226, "24": 43.269230769230774, "25": 42.30769230769231, "26": 45.19230769230769, "27": 46.15384615384615, "28": 49.03846153846153, "29": 46.15384615384615, "30": 45.19230769230769, "31": 47.11538461538461, "32": 49.03846153846153, "33": 45.19230769230769, "34": 48.07692307692308, "35": 46.15384615384615, "36": 43.269230769230774, "37": 46.15384615384615, "38": 45.19230769230769, "39": 48.07692307692308, "40": 45.19230769230769, "41": 44.230769230769226, "42": 44.230769230769226, "43": 47.11538461538461, "44": 45.19230769230769, "45": 47.11538461538461, "46": 48.07692307692308, "47": 47.11538461538461, "48": 48.07692307692308, "49": 45.19230769230769, "50": 46.15384615384615, "51": 44.230769230769226, "52": 50.0, "53": 49.03846153846153, "54": 47.11538461538461, "55": 46.15384615384615, "56": 44.230769230769226, "57": 44.230769230769226, "58": 46.15384615384615, "59": 45.19230769230769, "60": 44.230769230769226, "61": 45.19230769230769, "62": 47.11538461538461, "63": 45.19230769230769, "64": 45.19230769230769, "65": 44.230769230769226, "66": 47.11538461538461, "67": 46.15384615384615, "68": 48.07692307692308, "69": 46.15384615384615, "70": 47.11538461538461, "71": 47.11538461538461, "72": 48.07692307692308, "73": 47.11538461538461, "74": 44.230769230769226, "75": 44.230769230769226, "76": 43.269230769230774, "77": 45.19230769230769, "78": 44.230769230769226, "79": 45.19230769230769, "80": 45.19230769230769, "81": 47.11538461538461, "82": 47.11538461538461, "83": 45.19230769230769, "84": 44.230769230769226, "85": 41.34615384615385, "86": 42.30769230769231, "87": 42.30769230769231, "88": 42.30769230769231, "89": 43.269230769230774, "90": 41.34615384615385, "91": 42.30769230769231, "92": 42.30769230769231, "93": 42.30769230769231, "94": 40.38461538461539, "95": 40.38461538461539, "96": 44.230769230769226, "97": 46.15384615384615, "98": 43.269230769230774, "99": 45.19230769230769, "100": 45.19230769230769}