{"1": 53.84615384615385, "2": 50.54945054945055, "3": 48.35164835164835, "4": 51.64835164835166, "5": 51.64835164835166, "6": 54.94505494505495, "7": 54.94505494505495, "8": 56.043956043956044, "9": 56.043956043956044, "10": 56.043956043956044, "11": 56.043956043956044, "12": 57.14285714285714, "13": 54.94505494505495, "14": 59.34065934065934, "15": 54.94505494505495, "16": 52.74725274725275, "17": 54.94505494505495, "18": 54.94505494505495, "19": 56.043956043956044, "20": 56.043956043956044, "21": 53.84615384615385, "22": 54.94505494505495, "23": 53.84615384615385, "24": 52.74725274725275, "25": 51.64835164835166, "26": 57.14285714285714, "27": 52.74725274725275, "28": 57.14285714285714, "29": 53.84615384615385, "30": 56.043956043956044, "31": 54.94505494505495, "32": 59.34065934065934, "33": 57.14285714285714, "34": 58.24175824175825, "35": 56.043956043956044, "36": 56.043956043956044, "37": 59.34065934065934, "38": 60.43956043956044, "39": 61.53846153846154, "40": 60.43956043956044, "41": 60.43956043956044, "42": 60.43956043956044, "43": 58.24175824175825, "44": 61.53846153846154, "45": 59.34065934065934, "46": 60.43956043956044, "47": 60.43956043956044, "48": 59.34065934065934, "49": 57.14285714285714, "50": 57.14285714285714, "51": 60.43956043956044, "52": 60.43956043956044, "53": 61.53846153846154, "54": 59.34065934065934, "55": 57.14285714285714, "56": 57.14285714285714, "57": 54.94505494505495, "58": 56.043956043956044, "59": 54.94505494505495, "60": 56.043956043956044, "61": 56.043956043956044, "62": 58.24175824175825, "63": 59.34065934065934, "64": 58.24175824175825, "65": 57.14285714285714, "66": 54.94505494505495, "67": 56.043956043956044, "68": 56.043956043956044, "69": 57.14285714285714, "70": 56.043956043956044, "71": 58.24175824175825, "72": 58.24175824175825, "73": 57.14285714285714, "74": 57.14285714285714, "75": 56.043956043956044, "76": 57.14285714285714, "77": 56.043956043956044, "78": 57.14285714285714, "79": 56.043956043956044, "80": 54.94505494505495, "81": 54.94505494505495, "82": 57.14285714285714, "83": 57.14285714285714, "84": 56.043956043956044, "85": 56.043956043956044, "86": 57.14285714285714, "87": 57.14285714285714, "88": 57.14285714285714, "89": 57.14285714285714, "90": 56.043956043956044, "91": 56.043956043956044, "92": 57.14285714285714, "93": 58.24175824175825, "94": 58.24175824175825, "95": 58.24175824175825, "96": 58.24175824175825, "97": 58.24175824175825, "98": 57.14285714285714, "99": 56.043956043956044, "100": 49.45054945054945}