{"1": 0.21116320160942256, "2": 0.21348429442881056, "3": 0.19602124126691362, "4": 0.19440962962850145, "5": 0.18657260642239273, "6": 0.18669373589003252, "7": 0.18073088454284092, "8": 0.18254010884320457, "9": 0.18289743460831265, "10": 0.18349038822657088, "11": 0.18217453517615123, "12": 0.18403722048876237, "13": 0.18630236381774648, "14": 0.1831081416357724, "15": 0.1886128241686198, "16": 0.18464462130408557, "17": 0.18229245768592098, "18": 0.18666563387743504, "19": 0.18847536441688315, "20": 0.18805017847311514, "21": 0.1911847308486894, "22": 0.18694028045005004, "23": 0.18607239945526274, "24": 0.18863949978543484, "25": 0.1903143741631647, "26": 0.18751077466536814, "27": 0.18326917281643176, "28": 0.18400371124205864, "29": 0.18421649323732414, "30": 0.1838781300391316, "31": 0.18281490633763003, "32": 0.18349828744476673, "33": 0.1849962655128591, "34": 0.1826534394172366, "35": 0.18803615258110293, "36": 0.18802421342572495, "37": 0.1854553509087899, "38": 0.18456116166194036, "39": 0.1817331694098574, "40": 0.1861329575819495, "41": 0.18660182371684678, "42": 0.1863229258119371, "43": 0.18401109906446125, "44": 0.18672969010478574, "45": 0.18413985176602565, "46": 0.18375945435546082, "47": 0.18458399392870056, "48": 0.18214077162967873, "49": 0.1877684393181773, "50": 0.18295730633546128, "51": 0.18976789866490038, "52": 0.18637648246668542, "53": 0.18642385517644794, "54": 0.18569196024065282, "55": 0.18831528859044616, "56": 0.18726510537894436, "57": 0.18901150942817443, "58": 0.1879509610165293, "59": 0.19194791978303757, "60": 0.1933839228886935, "61": 0.18984220380062997, "62": 0.19169781901146585, "63": 0.19085690191005017, "64": 0.18888184789447177, "65": 0.19154218506251622, "66": 0.18915254328212816, "67": 0.1898999317005331, "68": 0.18726296062333847, "69": 0.19066954254165377, "70": 0.18675729729692458, "71": 0.1871588384651288, "72": 0.186664628424446, "73": 0.1894918496674341, "74": 0.18839399935318296, "75": 0.1860819411947379, "76": 0.18605908965935836, "77": 0.18555739953201447, "78": 0.18948381369220027, "79": 0.18851772815912696, "80": 0.1882161101334169, "81": 0.18924533670753235, "82": 0.18951083321203244, "83": 0.19128943729063375, "84": 0.1939852076077488, "85": 0.19628577676647363, "86": 0.19315673453059215, "87": 0.19567931369548333, "88": 0.19286561802604282, "89": 0.1955035471390204, "90": 0.1958517474421763, "91": 0.19736183720535325, "92": 0.19614768365747254, "93": 0.19474625664590922, "94": 0.20004493937403978, "95": 0.19940372828131023, "96": 0.1983937501962115, "97": 0.1937041680109931, "98": 0.19479325081701296, "99": 0.19409135897966617, "100": 0.1895380660296985}