{"1": 58.45070422535211, "2": 59.859154929577464, "3": 59.154929577464785, "4": 60.56338028169014, "5": 66.90140845070422, "6": 66.19718309859155, "7": 68.30985915492957, "8": 67.6056338028169, "9": 66.90140845070422, "10": 64.7887323943662, "11": 66.19718309859155, "12": 66.19718309859155, "13": 66.19718309859155, "14": 65.49295774647888, "15": 64.08450704225352, "16": 64.08450704225352, "17": 64.08450704225352, "18": 64.08450704225352, "19": 63.38028169014085, "20": 63.38028169014085, "21": 61.97183098591549, "22": 61.97183098591549, "23": 63.38028169014085, "24": 61.97183098591549, "25": 63.38028169014085, "26": 62.676056338028175, "27": 62.676056338028175, "28": 63.38028169014085, "29": 61.97183098591549, "30": 62.676056338028175, "31": 62.676056338028175, "32": 63.38028169014085, "33": 63.38028169014085, "34": 63.38028169014085, "35": 64.08450704225352, "36": 64.08450704225352, "37": 64.08450704225352, "38": 63.38028169014085, "39": 63.38028169014085, "40": 62.676056338028175, "41": 62.676056338028175, "42": 62.676056338028175, "43": 62.676056338028175, "44": 61.97183098591549, "45": 61.267605633802816, "46": 61.267605633802816, "47": 61.267605633802816, "48": 61.97183098591549, "49": 61.267605633802816, "50": 59.154929577464785, "51": 59.859154929577464, "52": 59.859154929577464, "53": 59.154929577464785, "54": 58.45070422535211, "55": 59.859154929577464, "56": 59.859154929577464, "57": 60.56338028169014, "58": 59.859154929577464, "59": 61.267605633802816, "60": 61.267605633802816, "61": 61.267605633802816, "62": 61.267605633802816, "63": 62.676056338028175, "64": 61.97183098591549, "65": 60.56338028169014, "66": 60.56338028169014, "67": 60.56338028169014, "68": 59.859154929577464, "69": 60.56338028169014, "70": 60.56338028169014, "71": 59.859154929577464, "72": 60.56338028169014, "73": 59.859154929577464, "74": 60.56338028169014, "75": 59.859154929577464, "76": 59.859154929577464, "77": 58.45070422535211, "78": 58.45070422535211, "79": 58.45070422535211, "80": 58.45070422535211, "81": 59.859154929577464, "82": 59.154929577464785, "83": 59.859154929577464, "84": 60.56338028169014, "85": 59.859154929577464, "86": 59.859154929577464, "87": 59.859154929577464, "88": 59.154929577464785, "89": 59.859154929577464, "90": 58.45070422535211, "91": 59.154929577464785, "92": 58.45070422535211, "93": 59.859154929577464, "94": 58.45070422535211, "95": 56.33802816901409, "96": 56.33802816901409, "97": 57.74647887323944, "98": 56.33802816901409, "99": 57.74647887323944, "100": 57.74647887323944}