{"1": 41.9753086419753, "2": 42.592592592592595, "3": 43.20987654320987, "4": 42.592592592592595, "5": 42.592592592592595, "6": 42.592592592592595, "7": 41.9753086419753, "8": 42.592592592592595, "9": 41.358024691358025, "10": 42.592592592592595, "11": 41.9753086419753, "12": 41.9753086419753, "13": 41.9753086419753, "14": 43.20987654320987, "15": 43.82716049382716, "16": 45.06172839506173, "17": 43.82716049382716, "18": 43.82716049382716, "19": 44.44444444444444, "20": 44.44444444444444, "21": 43.82716049382716, "22": 43.20987654320987, "23": 42.592592592592595, "24": 42.592592592592595, "25": 42.592592592592595, "26": 42.592592592592595, "27": 43.20987654320987, "28": 43.20987654320987, "29": 43.82716049382716, "30": 44.44444444444444, "31": 44.44444444444444, "32": 44.44444444444444, "33": 44.44444444444444, "34": 44.44444444444444, "35": 44.44444444444444, "36": 44.44444444444444, "37": 44.44444444444444, "38": 45.06172839506173, "39": 44.44444444444444, "40": 43.82716049382716, "41": 43.20987654320987, "42": 43.20987654320987, "43": 42.592592592592595, "44": 42.592592592592595, "45": 43.20987654320987, "46": 43.20987654320987, "47": 43.82716049382716, "48": 43.82716049382716, "49": 44.44444444444444, "50": 43.82716049382716, "51": 43.82716049382716, "52": 43.82716049382716, "53": 41.9753086419753, "54": 43.82716049382716, "55": 43.20987654320987, "56": 43.20987654320987, "57": 42.592592592592595, "58": 41.358024691358025, "59": 41.9753086419753, "60": 42.592592592592595, "61": 42.592592592592595, "62": 43.20987654320987, "63": 42.592592592592595, "64": 43.20987654320987, "65": 43.82716049382716, "66": 43.82716049382716, "67": 43.82716049382716, "68": 43.82716049382716, "69": 43.82716049382716, "70": 43.20987654320987, "71": 43.20987654320987, "72": 43.82716049382716, "73": 43.82716049382716, "74": 43.82716049382716, "75": 43.82716049382716, "76": 43.20987654320987, "77": 41.9753086419753, "78": 43.82716049382716, "79": 43.82716049382716, "80": 44.44444444444444, "81": 43.82716049382716, "82": 43.82716049382716, "83": 44.44444444444444, "84": 44.44444444444444, "85": 43.20987654320987, "86": 44.44444444444444, "87": 44.44444444444444, "88": 43.82716049382716, "89": 43.82716049382716, "90": 44.44444444444444, "91": 43.82716049382716, "92": 44.44444444444444, "93": 43.82716049382716, "94": 43.20987654320987, "95": 43.82716049382716, "96": 44.44444444444444, "97": 43.82716049382716, "98": 43.82716049382716, "99": 44.44444444444444, "100": 43.82716049382716}