{"1": 41.358024691358025, "2": 40.123456790123456, "3": 42.592592592592595, "4": 43.20987654320987, "5": 43.20987654320987, "6": 43.20987654320987, "7": 43.82716049382716, "8": 43.82716049382716, "9": 45.06172839506173, "10": 44.44444444444444, "11": 43.82716049382716, "12": 44.44444444444444, "13": 44.44444444444444, "14": 43.82716049382716, "15": 43.82716049382716, "16": 43.20987654320987, "17": 43.82716049382716, "18": 43.20987654320987, "19": 42.592592592592595, "20": 43.82716049382716, "21": 43.20987654320987, "22": 42.592592592592595, "23": 45.06172839506173, "24": 42.592592592592595, "25": 41.9753086419753, "26": 45.06172839506173, "27": 44.44444444444444, "28": 46.2962962962963, "29": 46.2962962962963, "30": 47.53086419753087, "31": 46.2962962962963, "32": 46.913580246913575, "33": 46.913580246913575, "34": 46.913580246913575, "35": 48.148148148148145, "36": 46.913580246913575, "37": 46.2962962962963, "38": 45.67901234567901, "39": 45.67901234567901, "40": 45.67901234567901, "41": 45.67901234567901, "42": 45.67901234567901, "43": 45.06172839506173, "44": 45.06172839506173, "45": 44.44444444444444, "46": 45.67901234567901, "47": 46.2962962962963, "48": 46.2962962962963, "49": 46.2962962962963, "50": 43.82716049382716, "51": 45.06172839506173, "52": 46.2962962962963, "53": 47.53086419753087, "54": 46.913580246913575, "55": 47.53086419753087, "56": 48.148148148148145, "57": 46.913580246913575, "58": 46.2962962962963, "59": 46.913580246913575, "60": 46.2962962962963, "61": 46.913580246913575, "62": 46.2962962962963, "63": 46.2962962962963, "64": 47.53086419753087, "65": 45.67901234567901, "66": 46.913580246913575, "67": 45.67901234567901, "68": 46.2962962962963, "69": 46.913580246913575, "70": 46.2962962962963, "71": 46.2962962962963, "72": 46.913580246913575, "73": 48.148148148148145, "74": 47.53086419753087, "75": 48.148148148148145, "76": 46.913580246913575, "77": 46.913580246913575, "78": 46.2962962962963, "79": 47.53086419753087, "80": 45.67901234567901, "81": 46.913580246913575, "82": 47.53086419753087, "83": 48.76543209876543, "84": 48.148148148148145, "85": 46.2962962962963, "86": 48.148148148148145, "87": 48.148148148148145, "88": 48.148148148148145, "89": 48.148148148148145, "90": 48.148148148148145, "91": 46.913580246913575, "92": 46.913580246913575, "93": 46.913580246913575, "94": 47.53086419753087, "95": 48.76543209876543, "96": 47.53086419753087, "97": 47.53086419753087, "98": 47.53086419753087, "99": 48.148148148148145, "100": 48.148148148148145}