{"1": 55.55555555555556, "2": 54.93827160493827, "3": 54.93827160493827, "4": 53.70370370370371, "5": 52.46913580246913, "6": 52.46913580246913, "7": 52.46913580246913, "8": 52.46913580246913, "9": 53.086419753086425, "10": 51.85185185185185, "11": 52.46913580246913, "12": 53.70370370370371, "13": 53.70370370370371, "14": 54.32098765432099, "15": 56.17283950617284, "16": 56.17283950617284, "17": 54.93827160493827, "18": 55.55555555555556, "19": 54.93827160493827, "20": 54.93827160493827, "21": 54.93827160493827, "22": 54.32098765432099, "23": 54.93827160493827, "24": 55.55555555555556, "25": 54.93827160493827, "26": 55.55555555555556, "27": 56.17283950617284, "28": 56.17283950617284, "29": 56.17283950617284, "30": 55.55555555555556, "31": 56.17283950617284, "32": 56.17283950617284, "33": 56.17283950617284, "34": 55.55555555555556, "35": 55.55555555555556, "36": 56.79012345679012, "37": 56.79012345679012, "38": 56.79012345679012, "39": 56.79012345679012, "40": 55.55555555555556, "41": 56.17283950617284, "42": 56.17283950617284, "43": 56.79012345679012, "44": 55.55555555555556, "45": 56.17283950617284, "46": 55.55555555555556, "47": 55.55555555555556, "48": 56.17283950617284, "49": 55.55555555555556, "50": 56.79012345679012, "51": 57.407407407407405, "52": 56.79012345679012, "53": 56.79012345679012, "54": 56.79012345679012, "55": 56.17283950617284, "56": 57.407407407407405, "57": 56.79012345679012, "58": 56.79012345679012, "59": 57.407407407407405, "60": 56.79012345679012, "61": 56.79012345679012, "62": 56.79012345679012, "63": 57.407407407407405, "64": 58.0246913580247, "65": 56.79012345679012, "66": 55.55555555555556, "67": 56.17283950617284, "68": 56.79012345679012, "69": 57.407407407407405, "70": 56.79012345679012, "71": 56.79012345679012, "72": 57.407407407407405, "73": 58.0246913580247, "74": 57.407407407407405, "75": 56.79012345679012, "76": 58.0246913580247, "77": 58.0246913580247, "78": 58.0246913580247, "79": 57.407407407407405, "80": 58.0246913580247, "81": 58.0246913580247, "82": 58.0246913580247, "83": 58.64197530864198, "84": 58.0246913580247, "85": 56.79012345679012, "86": 57.407407407407405, "87": 58.0246913580247, "88": 58.64197530864198, "89": 57.407407407407405, "90": 57.407407407407405, "91": 58.0246913580247, "92": 56.79012345679012, "93": 58.64197530864198, "94": 58.64197530864198, "95": 58.0246913580247, "96": 58.64197530864198, "97": 58.64197530864198, "98": 58.64197530864198, "99": 58.64197530864198, "100": 58.64197530864198}