{"1": 0.14572375193293066, "2": 0.13709307404793492, "3": 0.1381539626908051, "4": 0.1398875847492806, "5": 0.12323536284931402, "6": 0.11938529800898232, "7": 0.1175200105105878, "8": 0.11828690051154961, "9": 0.12026005559148104, "10": 0.117587723182961, "11": 0.11748517068851222, "12": 0.11527448177499242, "13": 0.1145124666426041, "14": 0.11418902633508038, "15": 0.11328232232544763, "16": 0.11331917023955139, "17": 0.11552946749486147, "18": 0.11713057935463478, "19": 0.11701055727683687, "20": 0.11657735402018116, "21": 0.11593849482127094, "22": 0.11577101309584027, "23": 0.11478659520666866, "24": 0.11500908561214299, "25": 0.11567542735145188, "26": 0.11499876231052131, "27": 0.11499083951190954, "28": 0.113663069359645, "29": 0.11303145397351379, "30": 0.11291943486528898, "31": 0.11348357904490103, "32": 0.11401329188749086, "33": 0.11343437206832578, "34": 0.11329727622636207, "35": 0.11302858911145823, "36": 0.1127317447739968, "37": 0.11336014603592298, "38": 0.11294988536674953, "39": 0.11311936137560527, "40": 0.11358263545289447, "41": 0.11384065537810706, "42": 0.11461369605854813, "43": 0.11469122659517592, "44": 0.11502617673501891, "45": 0.11510468987896534, "46": 0.11611798930025426, "47": 0.11525300176932861, "48": 0.11385053187802034, "49": 0.11465096697125704, "50": 0.1153776654937631, "51": 0.11552120985188037, "52": 0.11504535190515601, "53": 0.11445887157965409, "54": 0.11459375422644584, "55": 0.11506962157484166, "56": 0.11486293873793395, "57": 0.11456647297783122, "58": 0.11504933620810837, "59": 0.11474516739372241, "60": 0.11482016705068325, "61": 0.11480871421066859, "62": 0.11458744694587225, "63": 0.11429101135005937, "64": 0.1142768070153017, "65": 0.11408856382208653, "66": 0.1144585531633406, "67": 0.11508827499451457, "68": 0.11495862251660777, "69": 0.1155242120868796, "70": 0.11548857529751982, "71": 0.11602474644019403, "72": 0.11619910193384793, "73": 0.11693572917484679, "74": 0.11662765533029675, "75": 0.11673785613034024, "76": 0.11642107691509203, "77": 0.11637151767859986, "78": 0.11683085634694156, "79": 0.11681574641841765, "80": 0.11772121209476447, "81": 0.1180612699513838, "82": 0.11840184752141152, "83": 0.11874181229080409, "84": 0.11911500251828105, "85": 0.11916126763136316, "86": 0.12006969125809562, "87": 0.12021094777015545, "88": 0.11990056102924125, "89": 0.1201486502746708, "90": 0.11983023799726436, "91": 0.11958422653642932, "92": 0.11912437769972054, "93": 0.1184434411019264, "94": 0.11889884830527893, "95": 0.11962490995936484, "96": 0.11939295859214595, "97": 0.1197842305720449, "98": 0.1195751278332174, "99": 0.1199196668687013, "100": 0.12081010068528944}