{"1": 25.0, "2": 33.33333333333333, "3": 29.166666666666668, "4": 27.083333333333332, "5": 37.5, "6": 37.5, "7": 39.58333333333333, "8": 39.58333333333333, "9": 39.58333333333333, "10": 41.66666666666667, "11": 43.75, "12": 39.58333333333333, "13": 43.75, "14": 43.75, "15": 43.75, "16": 39.58333333333333, "17": 43.75, "18": 41.66666666666667, "19": 41.66666666666667, "20": 45.83333333333333, "21": 41.66666666666667, "22": 39.58333333333333, "23": 43.75, "24": 39.58333333333333, "25": 39.58333333333333, "26": 39.58333333333333, "27": 39.58333333333333, "28": 39.58333333333333, "29": 43.75, "30": 41.66666666666667, "31": 41.66666666666667, "32": 43.75, "33": 41.66666666666667, "34": 41.66666666666667, "35": 39.58333333333333, "36": 39.58333333333333, "37": 43.75, "38": 37.5, "39": 41.66666666666667, "40": 39.58333333333333, "41": 37.5, "42": 43.75, "43": 41.66666666666667, "44": 43.75, "45": 43.75, "46": 41.66666666666667, "47": 41.66666666666667, "48": 41.66666666666667, "49": 41.66666666666667, "50": 41.66666666666667, "51": 41.66666666666667, "52": 41.66666666666667, "53": 41.66666666666667, "54": 39.58333333333333, "55": 39.58333333333333, "56": 41.66666666666667, "57": 41.66666666666667, "58": 37.5, "59": 37.5, "60": 35.41666666666667, "61": 37.5, "62": 39.58333333333333, "63": 39.58333333333333, "64": 39.58333333333333, "65": 39.58333333333333, "66": 37.5, "67": 39.58333333333333, "68": 39.58333333333333, "69": 37.5, "70": 39.58333333333333, "71": 37.5, "72": 35.41666666666667, "73": 35.41666666666667, "74": 39.58333333333333, "75": 39.58333333333333, "76": 39.58333333333333, "77": 39.58333333333333, "78": 41.66666666666667, "79": 37.5, "80": 39.58333333333333, "81": 35.41666666666667, "82": 35.41666666666667, "83": 39.58333333333333, "84": 39.58333333333333, "85": 37.5, "86": 35.41666666666667, "87": 39.58333333333333, "88": 37.5, "89": 37.5, "90": 41.66666666666667, "91": 41.66666666666667, "92": 39.58333333333333, "93": 37.5, "94": 41.66666666666667, "95": 41.66666666666667, "96": 39.58333333333333, "97": 37.5, "98": 37.5, "99": 39.58333333333333, "100": 37.5}