{"1": 0.32187239377154336, "2": 0.2947401820710143, "3": 0.26955596344033333, "4": 0.24380231828158946, "5": 0.24454359740567758, "6": 0.23646495533770337, "7": 0.21941634999285814, "8": 0.2117186056473819, "9": 0.19839892889809824, "10": 0.1909023780361337, "11": 0.1908812844368127, "12": 0.1874697389911705, "13": 0.1907600699362201, "14": 0.19039206652574442, "15": 0.17893266377400494, "16": 0.1822088664996707, "17": 0.17856972057924184, "18": 0.18023055637909552, "19": 0.18134052235739584, "20": 0.18142909931839074, "21": 0.18198710015587682, "22": 0.1824770428601562, "23": 0.18098640052388829, "24": 0.18473194862971226, "25": 0.17227148729230501, "26": 0.17081740347310864, "27": 0.16582024856407615, "28": 0.1665658359003483, "29": 0.16628440809496958, "30": 0.16290297984359398, "31": 0.16146798548862135, "32": 0.16015684740857128, "33": 0.1574083551985813, "34": 0.15901776376212903, "35": 0.16113865697262147, "36": 0.16307704542669396, "37": 0.16377883048621605, "38": 0.1609963157769938, "39": 0.16122358045996962, "40": 0.16246440691206862, "41": 0.16244543325152183, "42": 0.16068285649546818, "43": 0.16147132864822256, "44": 0.16524298267867715, "45": 0.16138286563815188, "46": 0.1596835075198122, "47": 0.15814392545333622, "48": 0.1565379704850946, "49": 0.1594140915683099, "50": 0.15814803126784807, "51": 0.15880319529169007, "52": 0.15982681682951366, "53": 0.1570674077880915, "54": 0.156020066899296, "55": 0.15637555143676618, "56": 0.15661745885319425, "57": 0.15503550634532404, "58": 0.15796016174627261, "59": 0.15816822894563695, "60": 0.1610882455160042, "61": 0.1590111206978056, "62": 0.16071499189965474, "63": 0.1574736602407097, "64": 0.1567701289432455, "65": 0.15616631302394496, "66": 0.15729592261308012, "67": 0.15648664960343278, "68": 0.15610219709337742, "69": 0.1548511156002034, "70": 0.15387759444238455, "71": 0.15503307142194833, "72": 0.1545014761848333, "73": 0.15533298934890755, "74": 0.1552899912201843, "75": 0.15474751500279255, "76": 0.15545921717816588, "77": 0.1555240355246673, "78": 0.15590301807090653, "79": 0.15496997996185746, "80": 0.15420166694707166, "81": 0.15487192824713295, "82": 0.15379590452226952, "83": 0.15322780991027718, "84": 0.15361641191313424, "85": 0.15354179232428913, "86": 0.15360109765349467, "87": 0.15489614117661282, "88": 0.1553032098344316, "89": 0.15607732798404397, "90": 0.1569564951755088, "91": 0.1575597112272247, "92": 0.1575947691466236, "93": 0.15851371495196553, "94": 0.15797559177572779, "95": 0.15744073313876866, "96": 0.15656564452131197, "97": 0.15541529539027818, "98": 0.15341119916782325, "99": 0.15291765702969273, "100": 0.15467261061304918}