{"1": 0.11973285223833, "2": 0.1408092780587617, "3": 0.14747181059566106, "4": 0.13171668638513648, "5": 0.1429528064003866, "6": 0.13213184110339446, "7": 0.16872242652571418, "8": 0.16456109952104048, "9": 0.1445822582748844, "10": 0.14690935979117778, "11": 0.145066910530286, "12": 0.15523894583879022, "13": 0.12187283344209641, "14": 0.10002667173956807, "15": 0.12436536205818732, "16": 0.09888434312702274, "17": 0.11005874663365933, "18": 0.11283067574291636, "19": 0.1017292287502509, "20": 0.10483456060063637, "21": 0.0881660474580058, "22": 0.09775033001051175, "23": 0.08493890586092236, "24": 0.08309651801119633, "25": 0.08713740321850144, "26": 0.10740968681807606, "27": 0.09569714928892807, "28": 0.08734423670604852, "29": 0.09473484905475725, "30": 0.07532609212486555, "31": 0.06269541519688904, "32": 0.06709329145053813, "33": 0.07199875150574443, "34": 0.08170896634953563, "35": 0.05397989645650548, "36": 0.055015762922181875, "37": 0.03348558025374877, "38": 0.036820173030142365, "39": 0.026180858578344096, "40": 0.02634149803940347, "41": 0.02899167331337731, "42": 0.0337954127351568, "43": 0.030439608500899717, "44": 0.02271628697608654, "45": 0.02710959041078574, "46": 0.03095352845533577, "47": 0.02675262314772787, "48": 0.02403747887626271, "49": 0.022354353088075353, "50": 0.025247568008145337, "51": 0.027910436614116817, "52": 0.02676293998610757, "53": 0.031859313783032375, "54": 0.037306436304074764, "55": 0.039076373542754915, "56": 0.03958756330797409, "57": 0.04561002512017096, "58": 0.050368967753820555, "59": 0.04309872875068544, "60": 0.04422776218482365, "61": 0.04661836208997752, "62": 0.047926310344883406, "63": 0.0475589677214132, "64": 0.04774330449068573, "65": 0.04591347498060738, "66": 0.04522456770541401, "67": 0.047051879750981615, "68": 0.04391147465262495, "69": 0.04310413949377412, "70": 0.043304601350915795, "71": 0.043877308985711176, "72": 0.04152270101375011, "73": 0.04191156173535904, "74": 0.040602187671881645, "75": 0.04023534820755885, "76": 0.03762408594724323, "77": 0.03604905637985423, "78": 0.03739210869094003, "79": 0.03773808542590361, "80": 0.038675125549041636, "81": 0.03759788766672287, "82": 0.03906721909932656, "83": 0.039835655047703485, "84": 0.03873871124749209, "85": 0.03634496687614223, "86": 0.0356055408776686, "87": 0.03325445104807706, "88": 0.03292813629903726, "89": 0.03259067631561123, "90": 0.03193985935104434, "91": 0.028845588400059546, "92": 0.02562472864119357, "93": 0.026508336289828772, "94": 0.026543268580472824, "95": 0.024795716372979015, "96": 0.0254390300422669, "97": 0.026229129425719172, "98": 0.027510298218170432, "99": 0.03099431096036832, "100": 0.03904458373732599}