{"1": 43.66197183098591, "2": 43.66197183098591, "3": 45.07042253521127, "4": 44.36619718309859, "5": 48.59154929577465, "6": 48.59154929577465, "7": 49.29577464788733, "8": 45.774647887323944, "9": 46.478873239436616, "10": 47.183098591549296, "11": 47.183098591549296, "12": 47.88732394366197, "13": 50.0, "14": 49.29577464788733, "15": 52.112676056338024, "16": 50.70422535211267, "17": 48.59154929577465, "18": 48.59154929577465, "19": 49.29577464788733, "20": 50.70422535211267, "21": 49.29577464788733, "22": 49.29577464788733, "23": 47.183098591549296, "24": 48.59154929577465, "25": 48.59154929577465, "26": 49.29577464788733, "27": 48.59154929577465, "28": 46.478873239436616, "29": 45.774647887323944, "30": 47.183098591549296, "31": 47.183098591549296, "32": 47.88732394366197, "33": 45.774647887323944, "34": 46.478873239436616, "35": 45.774647887323944, "36": 45.07042253521127, "37": 45.774647887323944, "38": 45.07042253521127, "39": 45.774647887323944, "40": 45.774647887323944, "41": 44.36619718309859, "42": 45.07042253521127, "43": 43.66197183098591, "44": 45.07042253521127, "45": 45.07042253521127, "46": 44.36619718309859, "47": 43.66197183098591, "48": 44.36619718309859, "49": 44.36619718309859, "50": 44.36619718309859, "51": 44.36619718309859, "52": 44.36619718309859, "53": 45.07042253521127, "54": 43.66197183098591, "55": 43.66197183098591, "56": 45.07042253521127, "57": 44.36619718309859, "58": 43.66197183098591, "59": 44.36619718309859, "60": 44.36619718309859, "61": 45.07042253521127, "62": 45.07042253521127, "63": 45.774647887323944, "64": 45.774647887323944, "65": 45.774647887323944, "66": 44.36619718309859, "67": 45.774647887323944, "68": 45.774647887323944, "69": 45.774647887323944, "70": 45.774647887323944, "71": 45.774647887323944, "72": 45.07042253521127, "73": 44.36619718309859, "74": 45.07042253521127, "75": 45.07042253521127, "76": 45.774647887323944, "77": 45.774647887323944, "78": 45.07042253521127, "79": 44.36619718309859, "80": 44.36619718309859, "81": 43.66197183098591, "82": 43.66197183098591, "83": 43.66197183098591, "84": 44.36619718309859, "85": 42.95774647887324, "86": 43.66197183098591, "87": 43.66197183098591, "88": 44.36619718309859, "89": 44.36619718309859, "90": 44.36619718309859, "91": 44.36619718309859, "92": 44.36619718309859, "93": 44.36619718309859, "94": 44.36619718309859, "95": 43.66197183098591, "96": 43.66197183098591, "97": 42.95774647887324, "98": 42.95774647887324, "99": 42.95774647887324, "100": 43.66197183098591}