{"1": 54.32098765432099, "2": 59.25925925925925, "3": 59.25925925925925, "4": 58.0246913580247, "5": 61.72839506172839, "6": 59.25925925925925, "7": 60.49382716049383, "8": 62.34567901234568, "9": 57.407407407407405, "10": 60.49382716049383, "11": 61.72839506172839, "12": 61.72839506172839, "13": 62.96296296296296, "14": 61.72839506172839, "15": 61.111111111111114, "16": 61.72839506172839, "17": 62.34567901234568, "18": 60.49382716049383, "19": 62.96296296296296, "20": 62.96296296296296, "21": 63.580246913580254, "22": 61.72839506172839, "23": 62.34567901234568, "24": 62.96296296296296, "25": 62.96296296296296, "26": 63.580246913580254, "27": 61.72839506172839, "28": 61.111111111111114, "29": 62.34567901234568, "30": 62.34567901234568, "31": 64.19753086419753, "32": 62.34567901234568, "33": 63.580246913580254, "34": 62.34567901234568, "35": 62.96296296296296, "36": 62.96296296296296, "37": 64.81481481481481, "38": 64.19753086419753, "39": 63.580246913580254, "40": 64.81481481481481, "41": 65.4320987654321, "42": 64.19753086419753, "43": 66.0493827160494, "44": 67.28395061728395, "45": 66.0493827160494, "46": 66.66666666666666, "47": 66.66666666666666, "48": 66.0493827160494, "49": 68.51851851851852, "50": 66.66666666666666, "51": 67.90123456790124, "52": 66.66666666666666, "53": 66.0493827160494, "54": 65.4320987654321, "55": 66.0493827160494, "56": 67.90123456790124, "57": 67.28395061728395, "58": 66.0493827160494, "59": 67.28395061728395, "60": 65.4320987654321, "61": 67.28395061728395, "62": 65.4320987654321, "63": 66.66666666666666, "64": 66.66666666666666, "65": 65.4320987654321, "66": 65.4320987654321, "67": 66.0493827160494, "68": 64.19753086419753, "69": 65.4320987654321, "70": 66.0493827160494, "71": 66.0493827160494, "72": 66.66666666666666, "73": 65.4320987654321, "74": 65.4320987654321, "75": 65.4320987654321, "76": 66.0493827160494, "77": 67.28395061728395, "78": 65.4320987654321, "79": 64.81481481481481, "80": 66.66666666666666, "81": 66.0493827160494, "82": 66.0493827160494, "83": 65.4320987654321, "84": 65.4320987654321, "85": 66.0493827160494, "86": 66.0493827160494, "87": 66.0493827160494, "88": 66.0493827160494, "89": 66.0493827160494, "90": 66.66666666666666, "91": 66.0493827160494, "92": 67.28395061728395, "93": 67.90123456790124, "94": 66.0493827160494, "95": 67.28395061728395, "96": 67.90123456790124, "97": 66.66666666666666, "98": 66.0493827160494, "99": 66.0493827160494, "100": 66.0493827160494}