{"1": 42.857142857142854, "2": 42.857142857142854, "3": 49.45054945054945, "4": 49.45054945054945, "5": 50.54945054945055, "6": 52.74725274725275, "7": 54.94505494505495, "8": 56.043956043956044, "9": 48.35164835164835, "10": 47.25274725274725, "11": 46.15384615384615, "12": 48.35164835164835, "13": 41.75824175824176, "14": 47.25274725274725, "15": 49.45054945054945, "16": 43.956043956043956, "17": 41.75824175824176, "18": 37.362637362637365, "19": 42.857142857142854, "20": 42.857142857142854, "21": 40.65934065934066, "22": 45.05494505494506, "23": 41.75824175824176, "24": 40.65934065934066, "25": 39.56043956043956, "26": 41.75824175824176, "27": 43.956043956043956, "28": 46.15384615384615, "29": 43.956043956043956, "30": 45.05494505494506, "31": 47.25274725274725, "32": 50.54945054945055, "33": 46.15384615384615, "34": 47.25274725274725, "35": 46.15384615384615, "36": 49.45054945054945, "37": 46.15384615384615, "38": 48.35164835164835, "39": 43.956043956043956, "40": 49.45054945054945, "41": 48.35164835164835, "42": 43.956043956043956, "43": 48.35164835164835, "44": 48.35164835164835, "45": 45.05494505494506, "46": 48.35164835164835, "47": 47.25274725274725, "48": 48.35164835164835, "49": 50.54945054945055, "50": 48.35164835164835, "51": 45.05494505494506, "52": 49.45054945054945, "53": 41.75824175824176, "54": 48.35164835164835, "55": 45.05494505494506, "56": 48.35164835164835, "57": 45.05494505494506, "58": 48.35164835164835, "59": 46.15384615384615, "60": 49.45054945054945, "61": 47.25274725274725, "62": 48.35164835164835, "63": 46.15384615384615, "64": 45.05494505494506, "65": 47.25274725274725, "66": 50.54945054945055, "67": 52.74725274725275, "68": 48.35164835164835, "69": 51.64835164835166, "70": 48.35164835164835, "71": 49.45054945054945, "72": 47.25274725274725, "73": 51.64835164835166, "74": 50.54945054945055, "75": 52.74725274725275, "76": 53.84615384615385, "77": 53.84615384615385, "78": 50.54945054945055, "79": 49.45054945054945, "80": 53.84615384615385, "81": 52.74725274725275, "82": 53.84615384615385, "83": 51.64835164835166, "84": 54.94505494505495, "85": 56.043956043956044, "86": 54.94505494505495, "87": 54.94505494505495, "88": 53.84615384615385, "89": 54.94505494505495, "90": 52.74725274725275, "91": 50.54945054945055, "92": 51.64835164835166, "93": 56.043956043956044, "94": 57.14285714285714, "95": 54.94505494505495, "96": 56.043956043956044, "97": 52.74725274725275, "98": 50.54945054945055, "99": 52.74725274725275, "100": 49.45054945054945}