{"1": 60.43956043956044, "2": 60.43956043956044, "3": 67.03296703296702, "4": 67.03296703296702, "5": 64.83516483516483, "6": 67.03296703296702, "7": 69.23076923076923, "8": 67.03296703296702, "9": 67.03296703296702, "10": 62.637362637362635, "11": 64.83516483516483, "12": 63.73626373626373, "13": 64.83516483516483, "14": 62.637362637362635, "15": 65.93406593406593, "16": 65.93406593406593, "17": 64.83516483516483, "18": 69.23076923076923, "19": 67.03296703296702, "20": 63.73626373626373, "21": 67.03296703296702, "22": 65.93406593406593, "23": 64.83516483516483, "24": 65.93406593406593, "25": 67.03296703296702, "26": 64.83516483516483, "27": 67.03296703296702, "28": 64.83516483516483, "29": 65.93406593406593, "30": 69.23076923076923, "31": 64.83516483516483, "32": 70.32967032967034, "33": 67.03296703296702, "34": 69.23076923076923, "35": 68.13186813186813, "36": 64.83516483516483, "37": 67.03296703296702, "38": 64.83516483516483, "39": 67.03296703296702, "40": 65.93406593406593, "41": 67.03296703296702, "42": 68.13186813186813, "43": 70.32967032967034, "44": 68.13186813186813, "45": 70.32967032967034, "46": 67.03296703296702, "47": 69.23076923076923, "48": 69.23076923076923, "49": 68.13186813186813, "50": 67.03296703296702, "51": 64.83516483516483, "52": 68.13186813186813, "53": 65.93406593406593, "54": 65.93406593406593, "55": 63.73626373626373, "56": 67.03296703296702, "57": 67.03296703296702, "58": 65.93406593406593, "59": 65.93406593406593, "60": 65.93406593406593, "61": 63.73626373626373, "62": 67.03296703296702, "63": 64.83516483516483, "64": 63.73626373626373, "65": 65.93406593406593, "66": 62.637362637362635, "67": 65.93406593406593, "68": 63.73626373626373, "69": 64.83516483516483, "70": 65.93406593406593, "71": 67.03296703296702, "72": 65.93406593406593, "73": 64.83516483516483, "74": 63.73626373626373, "75": 62.637362637362635, "76": 63.73626373626373, "77": 60.43956043956044, "78": 63.73626373626373, "79": 65.93406593406593, "80": 62.637362637362635, "81": 62.637362637362635, "82": 63.73626373626373, "83": 64.83516483516483, "84": 63.73626373626373, "85": 64.83516483516483, "86": 64.83516483516483, "87": 65.93406593406593, "88": 64.83516483516483, "89": 64.83516483516483, "90": 64.83516483516483, "91": 65.93406593406593, "92": 63.73626373626373, "93": 62.637362637362635, "94": 67.03296703296702, "95": 67.03296703296702, "96": 65.93406593406593, "97": 63.73626373626373, "98": 63.73626373626373, "99": 63.73626373626373, "100": 64.83516483516483}