{"1": 48.64864864864865, "2": 43.24324324324324, "3": 40.54054054054054, "4": 35.13513513513514, "5": 40.54054054054054, "6": 45.94594594594595, "7": 48.64864864864865, "8": 45.94594594594595, "9": 51.35135135135135, "10": 48.64864864864865, "11": 48.64864864864865, "12": 48.64864864864865, "13": 48.64864864864865, "14": 48.64864864864865, "15": 54.054054054054056, "16": 54.054054054054056, "17": 48.64864864864865, "18": 54.054054054054056, "19": 54.054054054054056, "20": 51.35135135135135, "21": 54.054054054054056, "22": 54.054054054054056, "23": 56.75675675675676, "24": 51.35135135135135, "25": 51.35135135135135, "26": 54.054054054054056, "27": 54.054054054054056, "28": 54.054054054054056, "29": 51.35135135135135, "30": 54.054054054054056, "31": 51.35135135135135, "32": 54.054054054054056, "33": 54.054054054054056, "34": 51.35135135135135, "35": 51.35135135135135, "36": 48.64864864864865, "37": 48.64864864864865, "38": 51.35135135135135, "39": 48.64864864864865, "40": 48.64864864864865, "41": 48.64864864864865, "42": 48.64864864864865, "43": 48.64864864864865, "44": 48.64864864864865, "45": 51.35135135135135, "46": 51.35135135135135, "47": 56.75675675675676, "48": 56.75675675675676, "49": 48.64864864864865, "50": 48.64864864864865, "51": 51.35135135135135, "52": 51.35135135135135, "53": 56.75675675675676, "54": 56.75675675675676, "55": 54.054054054054056, "56": 54.054054054054056, "57": 51.35135135135135, "58": 54.054054054054056, "59": 54.054054054054056, "60": 51.35135135135135, "61": 54.054054054054056, "62": 51.35135135135135, "63": 54.054054054054056, "64": 54.054054054054056, "65": 51.35135135135135, "66": 51.35135135135135, "67": 51.35135135135135, "68": 56.75675675675676, "69": 56.75675675675676, "70": 56.75675675675676, "71": 56.75675675675676, "72": 56.75675675675676, "73": 51.35135135135135, "74": 56.75675675675676, "75": 56.75675675675676, "76": 51.35135135135135, "77": 51.35135135135135, "78": 51.35135135135135, "79": 56.75675675675676, "80": 56.75675675675676, "81": 56.75675675675676, "82": 56.75675675675676, "83": 56.75675675675676, "84": 56.75675675675676, "85": 56.75675675675676, "86": 56.75675675675676, "87": 56.75675675675676, "88": 54.054054054054056, "89": 56.75675675675676, "90": 54.054054054054056, "91": 56.75675675675676, "92": 56.75675675675676, "93": 56.75675675675676, "94": 56.75675675675676, "95": 54.054054054054056, "96": 54.054054054054056, "97": 54.054054054054056, "98": 54.054054054054056, "99": 51.35135135135135, "100": 51.35135135135135}