{"1": 56.86274509803921, "2": 72.54901960784314, "3": 70.58823529411765, "4": 72.54901960784314, "5": 72.54901960784314, "6": 64.70588235294117, "7": 68.62745098039215, "8": 62.745098039215684, "9": 62.745098039215684, "10": 62.745098039215684, "11": 66.66666666666666, "12": 66.66666666666666, "13": 64.70588235294117, "14": 64.70588235294117, "15": 64.70588235294117, "16": 62.745098039215684, "17": 64.70588235294117, "18": 64.70588235294117, "19": 64.70588235294117, "20": 62.745098039215684, "21": 60.78431372549019, "22": 62.745098039215684, "23": 62.745098039215684, "24": 60.78431372549019, "25": 60.78431372549019, "26": 62.745098039215684, "27": 62.745098039215684, "28": 64.70588235294117, "29": 62.745098039215684, "30": 62.745098039215684, "31": 62.745098039215684, "32": 62.745098039215684, "33": 62.745098039215684, "34": 64.70588235294117, "35": 62.745098039215684, "36": 62.745098039215684, "37": 62.745098039215684, "38": 64.70588235294117, "39": 62.745098039215684, "40": 62.745098039215684, "41": 64.70588235294117, "42": 64.70588235294117, "43": 62.745098039215684, "44": 62.745098039215684, "45": 60.78431372549019, "46": 62.745098039215684, "47": 62.745098039215684, "48": 62.745098039215684, "49": 62.745098039215684, "50": 62.745098039215684, "51": 62.745098039215684, "52": 62.745098039215684, "53": 62.745098039215684, "54": 62.745098039215684, "55": 62.745098039215684, "56": 62.745098039215684, "57": 62.745098039215684, "58": 62.745098039215684, "59": 62.745098039215684, "60": 62.745098039215684, "61": 62.745098039215684, "62": 62.745098039215684, "63": 60.78431372549019, "64": 62.745098039215684, "65": 62.745098039215684, "66": 62.745098039215684, "67": 60.78431372549019, "68": 60.78431372549019, "69": 62.745098039215684, "70": 60.78431372549019, "71": 60.78431372549019, "72": 60.78431372549019, "73": 60.78431372549019, "74": 60.78431372549019, "75": 60.78431372549019, "76": 62.745098039215684, "77": 62.745098039215684, "78": 58.82352941176471, "79": 60.78431372549019, "80": 60.78431372549019, "81": 60.78431372549019, "82": 58.82352941176471, "83": 60.78431372549019, "84": 60.78431372549019, "85": 58.82352941176471, "86": 58.82352941176471, "87": 60.78431372549019, "88": 60.78431372549019, "89": 60.78431372549019, "90": 58.82352941176471, "91": 58.82352941176471, "92": 58.82352941176471, "93": 60.78431372549019, "94": 58.82352941176471, "95": 58.82352941176471, "96": 56.86274509803921, "97": 56.86274509803921, "98": 58.82352941176471, "99": 58.82352941176471, "100": 62.745098039215684}