{"1": 55.633802816901415, "2": 54.22535211267606, "3": 58.45070422535211, "4": 59.859154929577464, "5": 59.859154929577464, "6": 58.45070422535211, "7": 60.56338028169014, "8": 58.45070422535211, "9": 59.859154929577464, "10": 57.74647887323944, "11": 58.45070422535211, "12": 59.859154929577464, "13": 57.74647887323944, "14": 61.267605633802816, "15": 57.04225352112676, "16": 57.04225352112676, "17": 57.74647887323944, "18": 55.633802816901415, "19": 57.74647887323944, "20": 54.929577464788736, "21": 53.52112676056338, "22": 57.04225352112676, "23": 58.45070422535211, "24": 55.633802816901415, "25": 55.633802816901415, "26": 56.33802816901409, "27": 57.74647887323944, "28": 56.33802816901409, "29": 59.154929577464785, "30": 57.04225352112676, "31": 61.267605633802816, "32": 57.74647887323944, "33": 58.45070422535211, "34": 59.859154929577464, "35": 54.22535211267606, "36": 57.04225352112676, "37": 57.04225352112676, "38": 57.74647887323944, "39": 59.154929577464785, "40": 55.633802816901415, "41": 55.633802816901415, "42": 54.929577464788736, "43": 56.33802816901409, "44": 56.33802816901409, "45": 57.04225352112676, "46": 57.04225352112676, "47": 58.45070422535211, "48": 57.74647887323944, "49": 56.33802816901409, "50": 57.74647887323944, "51": 56.33802816901409, "52": 57.04225352112676, "53": 57.04225352112676, "54": 57.04225352112676, "55": 55.633802816901415, "56": 54.929577464788736, "57": 53.52112676056338, "58": 55.633802816901415, "59": 52.112676056338024, "60": 51.40845070422535, "61": 54.22535211267606, "62": 52.816901408450704, "63": 54.929577464788736, "64": 56.33802816901409, "65": 53.52112676056338, "66": 56.33802816901409, "67": 54.22535211267606, "68": 56.33802816901409, "69": 55.633802816901415, "70": 56.33802816901409, "71": 55.633802816901415, "72": 56.33802816901409, "73": 55.633802816901415, "74": 55.633802816901415, "75": 57.04225352112676, "76": 53.52112676056338, "77": 55.633802816901415, "78": 53.52112676056338, "79": 54.929577464788736, "80": 54.929577464788736, "81": 53.52112676056338, "82": 52.816901408450704, "83": 52.112676056338024, "84": 53.52112676056338, "85": 51.40845070422535, "86": 51.40845070422535, "87": 51.40845070422535, "88": 52.112676056338024, "89": 51.40845070422535, "90": 49.29577464788733, "91": 50.0, "92": 50.0, "93": 52.112676056338024, "94": 48.59154929577465, "95": 50.70422535211267, "96": 50.0, "97": 52.112676056338024, "98": 52.112676056338024, "99": 51.40845070422535, "100": 54.22535211267606}