{"1": 0.2535906561157031, "2": 0.04200328230817071, "3": 0.0368980141088109, "4": 0.14484790264791042, "5": 0.09678631418630897, "6": 0.030932992293236223, "7": 0.02888598701542396, "8": 0.03225130851114261, "9": 0.08918888391687206, "10": 0.11212038010185203, "11": 0.14892368487018526, "12": 0.1473600502461545, "13": 0.15611286741135183, "14": 0.1461530617652917, "15": 0.12186002231158571, "16": 0.1323129467980842, "17": 0.11644494093023003, "18": 0.12493013922908247, "19": 0.11984440294044327, "20": 0.08685876014744996, "21": 0.1292236498237654, "22": 0.10018237685400032, "23": 0.08551413236329959, "24": 0.09466291426391792, "25": 0.08862229745055179, "26": 0.07208404278227785, "27": 0.07379813872711677, "28": 0.03358709257462606, "29": 0.05401829531897302, "30": 0.12109476128232013, "31": 0.06375507070044101, "32": 0.057959713857304175, "33": 0.07499034165315525, "34": 0.03297676647103359, "35": 0.08013206957241294, "36": 0.07952305215750814, "37": 0.12969276665286872, "38": 0.1607315476292866, "39": 0.10906695852905507, "40": 0.1437675364565112, "41": 0.1286367075298251, "42": 0.12030656591186129, "43": 0.142250943907771, "44": 0.16355149468572233, "45": 0.1552432250800196, "46": 0.12486985370008802, "47": 0.13182138393275628, "48": 0.15562459361268688, "49": 0.13057179964605764, "50": 0.1203796032637417, "51": 0.15509537613316587, "52": 0.1325898500490333, "53": 0.11618686525620811, "54": 0.10237803047127064, "55": 0.10797614276423675, "56": 0.10266455120230647, "57": 0.12516581641347943, "58": 0.12624142128466187, "59": 0.13293871362871368, "60": 0.10364906995055301, "61": 0.11592672436721474, "62": 0.0852691658470088, "63": 0.14054512579458395, "64": 0.13253287858415586, "65": 0.1311523304823235, "66": 0.11148751016134062, "67": 0.09700175552147655, "68": 0.034149332082819076, "69": 0.03752758853792785, "70": 0.04442566991636365, "71": 0.019352393805068577, "72": 0.017188157242987546, "73": 0.01649984231565151, "74": 0.014381478368606896, "75": 0.049731225103243945, "76": 0.02476842174372211, "77": 0.06817439617539266, "78": 0.057276979773284276, "79": 0.05940044085280255, "80": 0.05763664617128393, "81": 0.036869610043494934, "82": 0.015010570750260922, "83": 0.023095808671348986, "84": 0.05797050014708569, "85": 0.05298446924479201, "86": 0.04980729020689973, "87": 0.06922986595753466, "88": 0.03514374535773122, "89": 0.05255258920766441, "90": 0.0623558322520399, "91": 0.07729720810682558, "92": 0.0652680043440334, "93": 0.026543796296533192, "94": 0.08164051323216487, "95": 0.09795483246971626, "96": 0.07944856539806969, "97": 0.06952692673049529, "98": 0.03197450391604903, "99": 0.03925255972023161, "100": 0.019633411599885454}