{"1": 0.14478123695204434, "2": 0.14066131029443749, "3": 0.14102573821009035, "4": 0.14077138611625012, "5": 0.1413371682801553, "6": 0.14166805544230396, "7": 0.14105448479641236, "8": 0.14015599438039109, "9": 0.13952805588896766, "10": 0.13960826718314004, "11": 0.14032844723461954, "12": 0.14016662004827948, "13": 0.1409605761982557, "14": 0.14051842170062664, "15": 0.14050749822909017, "16": 0.14034050971235326, "17": 0.14041127186981336, "18": 0.1406022672513606, "19": 0.14107590788810398, "20": 0.14100456745522358, "21": 0.14023355304732868, "22": 0.1407972725672661, "23": 0.14026447086447616, "24": 0.14051082888178143, "25": 0.1388678240214256, "26": 0.13797621505932714, "27": 0.13757771964858517, "28": 0.13696147893777202, "29": 0.1369602791132073, "30": 0.1377547841466408, "31": 0.13731966967885212, "32": 0.13702381903176827, "33": 0.13765398976025484, "34": 0.13710707112111378, "35": 0.13779902460981497, "36": 0.1375931992149995, "37": 0.13785609078588118, "38": 0.13756618009112234, "39": 0.1368224231884208, "40": 0.137454578758682, "41": 0.13742996133309646, "42": 0.1378681222101675, "43": 0.13791610470267213, "44": 0.13727667229262883, "45": 0.1371169251906229, "46": 0.1374201339115763, "47": 0.13760345488608836, "48": 0.13757701860498867, "49": 0.13756067207253633, "50": 0.13915541084922048, "51": 0.13793604573136295, "52": 0.13741696295294592, "53": 0.13685606857777627, "54": 0.13684158440425762, "55": 0.13664250404223008, "56": 0.1361311481184511, "57": 0.13688250407269578, "58": 0.13722147293769169, "59": 0.13733516538137744, "60": 0.13751993714024924, "61": 0.13782583682712632, "62": 0.13720850506325263, "63": 0.13748610815260137, "64": 0.13831648827976595, "65": 0.1379200929084479, "66": 0.13762862383421914, "67": 0.13751395807440514, "68": 0.1372222607629894, "69": 0.1377478930268165, "70": 0.13735425736296972, "71": 0.137325898769861, "72": 0.1373563749896254, "73": 0.13748944258941853, "74": 0.1372997769859446, "75": 0.13863951479263864, "76": 0.13731708037759552, "77": 0.137139322694405, "78": 0.1365573364554798, "79": 0.1363766205810177, "80": 0.13685085550854095, "81": 0.13736192920650442, "82": 0.1370645000608746, "83": 0.13740913820602751, "84": 0.1371301529764572, "85": 0.13760077357358536, "86": 0.13708155203179279, "87": 0.13772539438514989, "88": 0.13794306388028502, "89": 0.13723659136617658, "90": 0.13745912651120362, "91": 0.1369501851708119, "92": 0.13754034574119642, "93": 0.1368615293018343, "94": 0.1363804869498211, "95": 0.13736338703386616, "96": 0.13694849959139088, "97": 0.13670840913420676, "98": 0.1366658554355466, "99": 0.13646224260322656, "100": 0.13796245738714175}