{"1": 0.2303019573053802, "2": 0.2289843182515652, "3": 0.22583885091214623, "4": 0.21994530344942348, "5": 0.21666561308021112, "6": 0.21316201286074163, "7": 0.2179326393464361, "8": 0.2189311660531907, "9": 0.21851589500833613, "10": 0.21978050313986328, "11": 0.2135163180137295, "12": 0.22089805794131984, "13": 0.22059221803023313, "14": 0.2183090774196343, "15": 0.2232842689721653, "16": 0.22448439369632625, "17": 0.22363697650589714, "18": 0.22445861565748854, "19": 0.22382389667658448, "20": 0.2245485458481115, "21": 0.22779929383320832, "22": 0.22701466506071036, "23": 0.22702115447497848, "24": 0.22598313994928068, "25": 0.2231194139972871, "26": 0.22180492785692923, "27": 0.2250957998378801, "28": 0.22470825620521934, "29": 0.2254000371529766, "30": 0.22727841993680814, "31": 0.22266098902082018, "32": 0.22127330416502888, "33": 0.222344409687826, "34": 0.2242039505381722, "35": 0.22486173184895597, "36": 0.2237928691352852, "37": 0.2226065774042343, "38": 0.22527062501703532, "39": 0.2232438915776688, "40": 0.2220239204144577, "41": 0.22106056070395147, "42": 0.22077455642686458, "43": 0.2207051416774857, "44": 0.22022390456912422, "45": 0.22136658031289624, "46": 0.22197205482021468, "47": 0.221349412529773, "48": 0.22100823711518117, "49": 0.22065898773233145, "50": 0.22066552759018965, "51": 0.2211296416827137, "52": 0.22054126355407572, "53": 0.220331555911035, "54": 0.2217004214370837, "55": 0.22230223201176436, "56": 0.2219379385954803, "57": 0.2229967010510199, "58": 0.22365440453268506, "59": 0.2249155366027906, "60": 0.2222615227752866, "61": 0.22296548048297646, "62": 0.22287134208908113, "63": 0.22175069040518555, "64": 0.22240222345712068, "65": 0.22376745050757108, "66": 0.22403078211197316, "67": 0.22466447958045113, "68": 0.22347534408285363, "69": 0.22403484448047284, "70": 0.22404958022187557, "71": 0.2236588931967083, "72": 0.2239912856503158, "73": 0.22348967049175406, "74": 0.22400667374433236, "75": 0.22440194827073068, "76": 0.22389310590829994, "77": 0.22502384177958923, "78": 0.22243499118079588, "79": 0.2231960076032779, "80": 0.2244834051483032, "81": 0.22381014081258074, "82": 0.22419956909696206, "83": 0.22373725614916604, "84": 0.22474813757074544, "85": 0.22499285499701233, "86": 0.22339311910091225, "87": 0.22285408016142164, "88": 0.22245490232370282, "89": 0.22249934891813922, "90": 0.2232836196026828, "91": 0.22274687605493415, "92": 0.22180369510393452, "93": 0.22209944013623692, "94": 0.22237590433900747, "95": 0.2230994817660721, "96": 0.2238272786274542, "97": 0.22294496834954508, "98": 0.22252140422300418, "99": 0.22407618333404872, "100": 0.22694151950026645}