{"1": 0.12560563211861053, "2": 0.19420152120713308, "3": 0.18531664130279224, "4": 0.14883931552276858, "5": 0.1622769491837391, "6": 0.1097077838897926, "7": 0.06979290668000736, "8": 0.11547938422345944, "9": 0.09804940018048586, "10": 0.08363965499493445, "11": 0.08570377818389821, "12": 0.07591901471013998, "13": 0.07645153968295577, "14": 0.07737183053631719, "15": 0.024585394473278982, "16": 0.024497189572700556, "17": 0.022053607697167275, "18": 0.020196093164745944, "19": 0.02553433828571828, "20": 0.030396103828296946, "21": 0.019756365955245395, "22": 0.025000105670128905, "23": 0.017724879940838607, "24": 0.01708451773423255, "25": 0.014262813859341462, "26": 0.012784217999469596, "27": 0.04253978837157914, "28": 0.015491861767686826, "29": 0.03621514743113483, "30": 0.03327207025359685, "31": 0.0443789923083267, "32": 0.03237847277813098, "33": 0.033390610958352954, "34": 0.04161926947210356, "35": 0.04074824256316696, "36": 0.044829569033043457, "37": 0.05085108223354029, "38": 0.06697340403629921, "39": 0.07200905456367176, "40": 0.06562805477592111, "41": 0.05821837740407963, "42": 0.05271556748615242, "43": 0.05924260723319151, "44": 0.03428046467147853, "45": 0.0556059669132383, "46": 0.05346373014915801, "47": 0.05732672654718965, "48": 0.06421719284009439, "49": 0.060340658967375685, "50": 0.04888721491511753, "51": 0.04311657797177828, "52": 0.041001842436197145, "53": 0.04228502122068445, "54": 0.033966165390257486, "55": 0.04131014573745478, "56": 0.04095719313965014, "57": 0.04062500608730192, "58": 0.03705781147587696, "59": 0.037628051287796394, "60": 0.03826335712382492, "61": 0.046263258799188245, "62": 0.03951220259262708, "63": 0.06817381771559874, "64": 0.06232398602682583, "65": 0.06013771656882092, "66": 0.05903109429176298, "67": 0.061030793345902286, "68": 0.06836575004487545, "69": 0.0688841110312467, "70": 0.0637175553527998, "71": 0.06312964732020461, "72": 0.06652897766497551, "73": 0.05792161968042121, "74": 0.05968341403523675, "75": 0.06040513124641195, "76": 0.053560602040967124, "77": 0.04938197537760927, "78": 0.05512905154714569, "79": 0.05656855049584093, "80": 0.056555931683638705, "81": 0.055801186346674, "82": 0.0637207922738243, "83": 0.06000844803801661, "84": 0.06395185196756924, "85": 0.06227576795157223, "86": 0.058983656259635614, "87": 0.0602045483796612, "88": 0.06279029280181651, "89": 0.06523610296064805, "90": 0.06944203013634259, "91": 0.07259183861355062, "92": 0.07542849755359506, "93": 0.0822457322106339, "94": 0.08595252274748899, "95": 0.07383721962385306, "96": 0.06563986767818983, "97": 0.06607576718609126, "98": 0.07149834146172121, "99": 0.06848892981918514, "100": 0.057094529613572746}