{"1": 43.75, "2": 43.75, "3": 43.75, "4": 41.66666666666667, "5": 47.91666666666667, "6": 45.83333333333333, "7": 45.83333333333333, "8": 37.5, "9": 39.58333333333333, "10": 37.5, "11": 39.58333333333333, "12": 39.58333333333333, "13": 41.66666666666667, "14": 41.66666666666667, "15": 43.75, "16": 43.75, "17": 41.66666666666667, "18": 41.66666666666667, "19": 43.75, "20": 43.75, "21": 39.58333333333333, "22": 41.66666666666667, "23": 35.41666666666667, "24": 39.58333333333333, "25": 39.58333333333333, "26": 39.58333333333333, "27": 35.41666666666667, "28": 33.33333333333333, "29": 33.33333333333333, "30": 35.41666666666667, "31": 37.5, "32": 35.41666666666667, "33": 31.25, "34": 33.33333333333333, "35": 33.33333333333333, "36": 33.33333333333333, "37": 33.33333333333333, "38": 31.25, "39": 33.33333333333333, "40": 31.25, "41": 31.25, "42": 31.25, "43": 31.25, "44": 35.41666666666667, "45": 33.33333333333333, "46": 31.25, "47": 29.166666666666668, "48": 31.25, "49": 31.25, "50": 31.25, "51": 31.25, "52": 31.25, "53": 31.25, "54": 29.166666666666668, "55": 29.166666666666668, "56": 31.25, "57": 31.25, "58": 29.166666666666668, "59": 31.25, "60": 31.25, "61": 31.25, "62": 31.25, "63": 33.33333333333333, "64": 33.33333333333333, "65": 33.33333333333333, "66": 29.166666666666668, "67": 33.33333333333333, "68": 33.33333333333333, "69": 33.33333333333333, "70": 33.33333333333333, "71": 33.33333333333333, "72": 31.25, "73": 29.166666666666668, "74": 31.25, "75": 31.25, "76": 33.33333333333333, "77": 33.33333333333333, "78": 31.25, "79": 29.166666666666668, "80": 31.25, "81": 29.166666666666668, "82": 29.166666666666668, "83": 29.166666666666668, "84": 29.166666666666668, "85": 29.166666666666668, "86": 29.166666666666668, "87": 29.166666666666668, "88": 31.25, "89": 33.33333333333333, "90": 33.33333333333333, "91": 33.33333333333333, "92": 33.33333333333333, "93": 33.33333333333333, "94": 33.33333333333333, "95": 33.33333333333333, "96": 33.33333333333333, "97": 33.33333333333333, "98": 33.33333333333333, "99": 33.33333333333333, "100": 35.41666666666667}