{"1": 52.53164556962025, "2": 53.16455696202531, "3": 57.59493670886076, "4": 60.12658227848101, "5": 62.65822784810127, "6": 63.92405063291139, "7": 60.12658227848101, "8": 60.75949367088608, "9": 58.22784810126582, "10": 58.22784810126582, "11": 55.69620253164557, "12": 59.49367088607595, "13": 55.69620253164557, "14": 57.59493670886076, "15": 56.9620253164557, "16": 56.9620253164557, "17": 55.69620253164557, "18": 52.53164556962025, "19": 55.06329113924051, "20": 55.69620253164557, "21": 55.06329113924051, "22": 55.06329113924051, "23": 54.43037974683544, "24": 54.43037974683544, "25": 56.32911392405063, "26": 56.9620253164557, "27": 57.59493670886076, "28": 58.22784810126582, "29": 60.12658227848101, "30": 58.86075949367089, "31": 60.12658227848101, "32": 55.69620253164557, "33": 56.32911392405063, "34": 58.22784810126582, "35": 58.86075949367089, "36": 58.86075949367089, "37": 55.69620253164557, "38": 57.59493670886076, "39": 58.22784810126582, "40": 60.12658227848101, "41": 60.75949367088608, "42": 59.49367088607595, "43": 56.32911392405063, "44": 56.9620253164557, "45": 58.22784810126582, "46": 58.22784810126582, "47": 62.65822784810127, "48": 58.22784810126582, "49": 58.86075949367089, "50": 58.86075949367089, "51": 56.9620253164557, "52": 57.59493670886076, "53": 57.59493670886076, "54": 59.49367088607595, "55": 57.59493670886076, "56": 60.12658227848101, "57": 57.59493670886076, "58": 58.22784810126582, "59": 59.49367088607595, "60": 56.9620253164557, "61": 58.86075949367089, "62": 60.12658227848101, "63": 57.59493670886076, "64": 57.59493670886076, "65": 59.49367088607595, "66": 58.22784810126582, "67": 62.65822784810127, "68": 58.86075949367089, "69": 58.22784810126582, "70": 58.22784810126582, "71": 62.65822784810127, "72": 62.0253164556962, "73": 62.0253164556962, "74": 61.39240506329114, "75": 63.92405063291139, "76": 64.55696202531645, "77": 62.0253164556962, "78": 60.12658227848101, "79": 60.12658227848101, "80": 62.0253164556962, "81": 60.75949367088608, "82": 61.39240506329114, "83": 61.39240506329114, "84": 62.65822784810127, "85": 62.65822784810127, "86": 62.65822784810127, "87": 63.29113924050633, "88": 62.65822784810127, "89": 62.0253164556962, "90": 62.0253164556962, "91": 60.12658227848101, "92": 61.39240506329114, "93": 60.75949367088608, "94": 63.92405063291139, "95": 63.29113924050633, "96": 62.0253164556962, "97": 62.65822784810127, "98": 59.49367088607595, "99": 62.0253164556962, "100": 62.65822784810127}