{"1": 0.1418268153576958, "2": 0.13382885243758, "3": 0.1393209102598185, "4": 0.12963902876916739, "5": 0.11456914213602883, "6": 0.11547257349246698, "7": 0.11625809890707493, "8": 0.11671745636799649, "9": 0.11704241586598449, "10": 0.11583493506806443, "11": 0.11460100371792392, "12": 0.11269006667923663, "13": 0.11216013897468911, "14": 0.11284905163991227, "15": 0.11004362446607444, "16": 0.10992027057869982, "17": 0.11230409461556226, "18": 0.1143460291269545, "19": 0.11387537997970604, "20": 0.11392804171253627, "21": 0.11311780546552015, "22": 0.11299205111674443, "23": 0.11355069793636331, "24": 0.11151914218626623, "25": 0.11103847461115103, "26": 0.11246706572597034, "27": 0.11252577557211503, "28": 0.11389074251439352, "29": 0.11290991899209007, "30": 0.11238153635966004, "31": 0.11395687386270892, "32": 0.1144766059045136, "33": 0.11378169681145188, "34": 0.11435147536162973, "35": 0.11417078820165838, "36": 0.1145195616759163, "37": 0.11459278803929288, "38": 0.11424884665997057, "39": 0.11570286138147956, "40": 0.11551689412130411, "41": 0.11570618561063177, "42": 0.11693476858278241, "43": 0.11712272869860489, "44": 0.11733395173763934, "45": 0.117769192225495, "46": 0.11813923911107373, "47": 0.11822179854782747, "48": 0.11805207553911884, "49": 0.11860363679519699, "50": 0.11876825339283165, "51": 0.11925428937192754, "52": 0.11919997422993713, "53": 0.1188035250300954, "54": 0.11875893297938445, "55": 0.11818667784360017, "56": 0.11831192913192859, "57": 0.11788737914308638, "58": 0.11795354897005864, "59": 0.11771861655214663, "60": 0.11788286181735964, "61": 0.11801948552625834, "62": 0.11797846308156111, "63": 0.11829499163040832, "64": 0.11789838449330495, "65": 0.11751634840217633, "66": 0.11770533011396007, "67": 0.1172962059856659, "68": 0.11778532184478557, "69": 0.11759786830703352, "70": 0.11753518542222487, "71": 0.11833531914602549, "72": 0.1179207528668309, "73": 0.1186542862761246, "74": 0.11844161798159478, "75": 0.11867921813702394, "76": 0.11821822429214145, "77": 0.11851386743122742, "78": 0.11920336410748351, "79": 0.11896352777194559, "80": 0.1188401103555476, "81": 0.11886905922520105, "82": 0.11879573197805898, "83": 0.11861564362349625, "84": 0.11875702514667266, "85": 0.11897913644232964, "86": 0.11916378676597342, "87": 0.11961808859717672, "88": 0.11931776741091742, "89": 0.11907077456654643, "90": 0.11876464364436135, "91": 0.11847257420579321, "92": 0.11850389510423617, "93": 0.11875946411669484, "94": 0.11852604105763392, "95": 0.11799515598565101, "96": 0.11802931588248207, "97": 0.11833935867233786, "98": 0.1181945810161029, "99": 0.1189752917373015, "100": 0.11898845929523788}