{"1": 54.054054054054056, "2": 48.64864864864865, "3": 48.64864864864865, "4": 54.054054054054056, "5": 54.054054054054056, "6": 54.054054054054056, "7": 54.054054054054056, "8": 62.16216216216216, "9": 67.56756756756756, "10": 70.27027027027027, "11": 67.56756756756756, "12": 67.56756756756756, "13": 62.16216216216216, "14": 72.97297297297297, "15": 67.56756756756756, "16": 67.56756756756756, "17": 70.27027027027027, "18": 67.56756756756756, "19": 67.56756756756756, "20": 67.56756756756756, "21": 67.56756756756756, "22": 67.56756756756756, "23": 62.16216216216216, "24": 64.86486486486487, "25": 62.16216216216216, "26": 64.86486486486487, "27": 67.56756756756756, "28": 72.97297297297297, "29": 64.86486486486487, "30": 67.56756756756756, "31": 67.56756756756756, "32": 72.97297297297297, "33": 67.56756756756756, "34": 72.97297297297297, "35": 67.56756756756756, "36": 64.86486486486487, "37": 67.56756756756756, "38": 67.56756756756756, "39": 67.56756756756756, "40": 64.86486486486487, "41": 64.86486486486487, "42": 67.56756756756756, "43": 64.86486486486487, "44": 70.27027027027027, "45": 64.86486486486487, "46": 70.27027027027027, "47": 67.56756756756756, "48": 64.86486486486487, "49": 64.86486486486487, "50": 64.86486486486487, "51": 70.27027027027027, "52": 70.27027027027027, "53": 70.27027027027027, "54": 64.86486486486487, "55": 64.86486486486487, "56": 62.16216216216216, "57": 64.86486486486487, "58": 64.86486486486487, "59": 59.45945945945946, "60": 59.45945945945946, "61": 62.16216216216216, "62": 62.16216216216216, "63": 67.56756756756756, "64": 67.56756756756756, "65": 64.86486486486487, "66": 62.16216216216216, "67": 67.56756756756756, "68": 64.86486486486487, "69": 64.86486486486487, "70": 59.45945945945946, "71": 62.16216216216216, "72": 62.16216216216216, "73": 56.75675675675676, "74": 56.75675675675676, "75": 54.054054054054056, "76": 56.75675675675676, "77": 56.75675675675676, "78": 56.75675675675676, "79": 56.75675675675676, "80": 56.75675675675676, "81": 56.75675675675676, "82": 56.75675675675676, "83": 56.75675675675676, "84": 59.45945945945946, "85": 62.16216216216216, "86": 59.45945945945946, "87": 59.45945945945946, "88": 59.45945945945946, "89": 56.75675675675676, "90": 59.45945945945946, "91": 59.45945945945946, "92": 59.45945945945946, "93": 62.16216216216216, "94": 59.45945945945946, "95": 67.56756756756756, "96": 67.56756756756756, "97": 67.56756756756756, "98": 64.86486486486487, "99": 64.86486486486487, "100": 59.45945945945946}