{"1": 54.054054054054056, "2": 54.054054054054056, "3": 62.16216216216216, "4": 59.45945945945946, "5": 62.16216216216216, "6": 64.86486486486487, "7": 62.16216216216216, "8": 62.16216216216216, "9": 59.45945945945946, "10": 59.45945945945946, "11": 54.054054054054056, "12": 54.054054054054056, "13": 51.35135135135135, "14": 54.054054054054056, "15": 54.054054054054056, "16": 51.35135135135135, "17": 54.054054054054056, "18": 43.24324324324324, "19": 54.054054054054056, "20": 54.054054054054056, "21": 54.054054054054056, "22": 54.054054054054056, "23": 54.054054054054056, "24": 51.35135135135135, "25": 56.75675675675676, "26": 56.75675675675676, "27": 56.75675675675676, "28": 59.45945945945946, "29": 56.75675675675676, "30": 56.75675675675676, "31": 54.054054054054056, "32": 54.054054054054056, "33": 54.054054054054056, "34": 56.75675675675676, "35": 56.75675675675676, "36": 59.45945945945946, "37": 62.16216216216216, "38": 59.45945945945946, "39": 64.86486486486487, "40": 62.16216216216216, "41": 64.86486486486487, "42": 64.86486486486487, "43": 56.75675675675676, "44": 56.75675675675676, "45": 59.45945945945946, "46": 62.16216216216216, "47": 64.86486486486487, "48": 59.45945945945946, "49": 62.16216216216216, "50": 62.16216216216216, "51": 56.75675675675676, "52": 64.86486486486487, "53": 64.86486486486487, "54": 64.86486486486487, "55": 64.86486486486487, "56": 64.86486486486487, "57": 62.16216216216216, "58": 64.86486486486487, "59": 64.86486486486487, "60": 64.86486486486487, "61": 64.86486486486487, "62": 67.56756756756756, "63": 62.16216216216216, "64": 64.86486486486487, "65": 64.86486486486487, "66": 64.86486486486487, "67": 67.56756756756756, "68": 62.16216216216216, "69": 62.16216216216216, "70": 62.16216216216216, "71": 67.56756756756756, "72": 67.56756756756756, "73": 59.45945945945946, "74": 59.45945945945946, "75": 67.56756756756756, "76": 70.27027027027027, "77": 64.86486486486487, "78": 64.86486486486487, "79": 67.56756756756756, "80": 64.86486486486487, "81": 64.86486486486487, "82": 67.56756756756756, "83": 67.56756756756756, "84": 67.56756756756756, "85": 67.56756756756756, "86": 67.56756756756756, "87": 67.56756756756756, "88": 67.56756756756756, "89": 67.56756756756756, "90": 67.56756756756756, "91": 62.16216216216216, "92": 62.16216216216216, "93": 59.45945945945946, "94": 67.56756756756756, "95": 67.56756756756756, "96": 67.56756756756756, "97": 70.27027027027027, "98": 62.16216216216216, "99": 62.16216216216216, "100": 59.45945945945946}