{"1": 0.2901587642916387, "2": 0.2942164676200652, "3": 0.28685528393406984, "4": 0.28734341288974113, "5": 0.2689964634285044, "6": 0.2620007347797712, "7": 0.25250305374926924, "8": 0.24629653158978146, "9": 0.24657215739921567, "10": 0.24007627556805686, "11": 0.24400383791054273, "12": 0.24216106005038207, "13": 0.24528185650934828, "14": 0.239321253783101, "15": 0.24448940695951868, "16": 0.2460222668713488, "17": 0.24338838217443906, "18": 0.24827079178629544, "19": 0.24998700331616389, "20": 0.2490510797910772, "21": 0.25237030009183664, "22": 0.2486430314657262, "23": 0.2503364001783804, "24": 0.25095364417561333, "25": 0.25603081596263105, "26": 0.2583156191391701, "27": 0.2507594946321996, "28": 0.24896874449051123, "29": 0.2535243376741474, "30": 0.24761028083083722, "31": 0.24480379387553788, "32": 0.24704274546175728, "33": 0.2532734081664499, "34": 0.251766495552929, "35": 0.2475895749639159, "36": 0.2521624982972868, "37": 0.2475477922913243, "38": 0.2497619094074314, "39": 0.24847254488334128, "40": 0.24621866608939144, "41": 0.24753786410110667, "42": 0.24447020588391766, "43": 0.24456378272527549, "44": 0.24982822436054666, "45": 0.24785458106100355, "46": 0.2500017801559517, "47": 0.25041781152367787, "48": 0.24730076649962218, "49": 0.2528797287577938, "50": 0.24546757603799227, "51": 0.25429571301389564, "52": 0.2526301120383126, "53": 0.2530251845720815, "54": 0.24981126740067772, "55": 0.2519762521476117, "56": 0.25024139898294934, "57": 0.25407676778902205, "58": 0.2530599392688952, "59": 0.2541425614319031, "60": 0.25329629160397366, "61": 0.24970718911313858, "62": 0.2522687871392892, "63": 0.24981374035176152, "64": 0.25137111637411885, "65": 0.25123419954284476, "66": 0.2510072270293258, "67": 0.24931730106042724, "68": 0.25023173559670275, "69": 0.25093361325832914, "70": 0.2527857411057998, "71": 0.2515564711749961, "72": 0.24999788388190505, "73": 0.2517506809517524, "74": 0.2493797799916242, "75": 0.24868840095850578, "76": 0.250081965919575, "77": 0.2495562956345406, "78": 0.25236157858124725, "79": 0.25099144796790634, "80": 0.2502288050521842, "81": 0.25199525655803473, "82": 0.25150424147713213, "83": 0.2519723658440717, "84": 0.2521625126487373, "85": 0.25503670904175846, "86": 0.2513733226708701, "87": 0.25310803802859366, "88": 0.2515076355119448, "89": 0.2535088428806739, "90": 0.2521729133243033, "91": 0.25659745717658, "92": 0.2538393845227244, "93": 0.2530901804982261, "94": 0.2591411196262851, "95": 0.25361442682652297, "96": 0.25278552189819004, "97": 0.2532693549792688, "98": 0.25172581752520296, "99": 0.2526183439378081, "100": 0.24882314684666282}