{"1": 53.84615384615385, "2": 55.769230769230774, "3": 56.730769230769226, "4": 59.61538461538461, "5": 62.5, "6": 63.46153846153846, "7": 59.61538461538461, "8": 60.57692307692307, "9": 57.692307692307686, "10": 57.692307692307686, "11": 56.730769230769226, "12": 62.5, "13": 58.65384615384615, "14": 59.61538461538461, "15": 58.65384615384615, "16": 60.57692307692307, "17": 58.65384615384615, "18": 57.692307692307686, "19": 57.692307692307686, "20": 58.65384615384615, "21": 57.692307692307686, "22": 57.692307692307686, "23": 56.730769230769226, "24": 56.730769230769226, "25": 57.692307692307686, "26": 58.65384615384615, "27": 58.65384615384615, "28": 57.692307692307686, "29": 60.57692307692307, "30": 60.57692307692307, "31": 60.57692307692307, "32": 56.730769230769226, "33": 56.730769230769226, "34": 58.65384615384615, "35": 59.61538461538461, "36": 58.65384615384615, "37": 54.807692307692314, "38": 57.692307692307686, "39": 56.730769230769226, "40": 59.61538461538461, "41": 59.61538461538461, "42": 58.65384615384615, "43": 57.692307692307686, "44": 58.65384615384615, "45": 59.61538461538461, "46": 57.692307692307686, "47": 60.57692307692307, "48": 58.65384615384615, "49": 58.65384615384615, "50": 58.65384615384615, "51": 58.65384615384615, "52": 56.730769230769226, "53": 56.730769230769226, "54": 57.692307692307686, "55": 56.730769230769226, "56": 58.65384615384615, "57": 57.692307692307686, "58": 57.692307692307686, "59": 59.61538461538461, "60": 55.769230769230774, "61": 58.65384615384615, "62": 57.692307692307686, "63": 57.692307692307686, "64": 56.730769230769226, "65": 58.65384615384615, "66": 56.730769230769226, "67": 60.57692307692307, "68": 57.692307692307686, "69": 56.730769230769226, "70": 56.730769230769226, "71": 59.61538461538461, "72": 59.61538461538461, "73": 61.53846153846154, "74": 60.57692307692307, "75": 62.5, "76": 61.53846153846154, "77": 62.5, "78": 59.61538461538461, "79": 58.65384615384615, "80": 61.53846153846154, "81": 60.57692307692307, "82": 59.61538461538461, "83": 59.61538461538461, "84": 61.53846153846154, "85": 61.53846153846154, "86": 61.53846153846154, "87": 62.5, "88": 61.53846153846154, "89": 60.57692307692307, "90": 60.57692307692307, "91": 60.57692307692307, "92": 62.5, "93": 61.53846153846154, "94": 63.46153846153846, "95": 63.46153846153846, "96": 61.53846153846154, "97": 60.57692307692307, "98": 59.61538461538461, "99": 62.5, "100": 62.5}