{"1": 43.037974683544306, "2": 42.405063291139236, "3": 43.67088607594937, "4": 41.77215189873418, "5": 47.46835443037975, "6": 48.10126582278481, "7": 48.734177215189874, "8": 45.56962025316456, "9": 46.835443037974684, "10": 46.835443037974684, "11": 46.835443037974684, "12": 47.46835443037975, "13": 49.36708860759494, "14": 48.734177215189874, "15": 51.26582278481012, "16": 50.0, "17": 48.10126582278481, "18": 49.36708860759494, "19": 50.0, "20": 50.63291139240506, "21": 49.36708860759494, "22": 49.36708860759494, "23": 48.10126582278481, "24": 49.36708860759494, "25": 49.36708860759494, "26": 50.0, "27": 49.36708860759494, "28": 47.46835443037975, "29": 46.835443037974684, "30": 48.10126582278481, "31": 48.10126582278481, "32": 48.734177215189874, "33": 46.835443037974684, "34": 47.46835443037975, "35": 46.835443037974684, "36": 46.20253164556962, "37": 46.835443037974684, "38": 46.20253164556962, "39": 46.835443037974684, "40": 46.835443037974684, "41": 45.56962025316456, "42": 46.20253164556962, "43": 44.936708860759495, "44": 46.20253164556962, "45": 46.835443037974684, "46": 46.20253164556962, "47": 46.835443037974684, "48": 47.46835443037975, "49": 45.56962025316456, "50": 45.56962025316456, "51": 46.20253164556962, "52": 46.20253164556962, "53": 48.10126582278481, "54": 46.835443037974684, "55": 46.20253164556962, "56": 47.46835443037975, "57": 46.20253164556962, "58": 46.20253164556962, "59": 46.835443037974684, "60": 46.20253164556962, "61": 47.46835443037975, "62": 46.835443037974684, "63": 48.10126582278481, "64": 48.10126582278481, "65": 47.46835443037975, "66": 46.20253164556962, "67": 47.46835443037975, "68": 48.734177215189874, "69": 48.734177215189874, "70": 48.734177215189874, "71": 48.734177215189874, "72": 48.10126582278481, "73": 46.20253164556962, "74": 48.10126582278481, "75": 48.10126582278481, "76": 47.46835443037975, "77": 47.46835443037975, "78": 46.835443037974684, "79": 47.46835443037975, "80": 47.46835443037975, "81": 46.835443037974684, "82": 46.835443037974684, "83": 46.835443037974684, "84": 47.46835443037975, "85": 46.20253164556962, "86": 46.835443037974684, "87": 46.835443037974684, "88": 46.835443037974684, "89": 47.46835443037975, "90": 46.835443037974684, "91": 47.46835443037975, "92": 47.46835443037975, "93": 47.46835443037975, "94": 47.46835443037975, "95": 46.20253164556962, "96": 46.20253164556962, "97": 46.20253164556962, "98": 46.20253164556962, "99": 46.20253164556962, "100": 46.835443037974684}