{"1": 54.32098765432099, "2": 56.17283950617284, "3": 55.55555555555556, "4": 56.79012345679012, "5": 57.407407407407405, "6": 55.55555555555556, "7": 55.55555555555556, "8": 56.17283950617284, "9": 56.79012345679012, "10": 56.79012345679012, "11": 57.407407407407405, "12": 56.79012345679012, "13": 58.0246913580247, "14": 56.79012345679012, "15": 56.79012345679012, "16": 58.64197530864198, "17": 59.25925925925925, "18": 56.79012345679012, "19": 56.79012345679012, "20": 57.407407407407405, "21": 57.407407407407405, "22": 57.407407407407405, "23": 60.49382716049383, "24": 61.111111111111114, "25": 58.64197530864198, "26": 58.64197530864198, "27": 59.25925925925925, "28": 59.25925925925925, "29": 59.876543209876544, "30": 59.25925925925925, "31": 59.25925925925925, "32": 58.0246913580247, "33": 58.0246913580247, "34": 59.876543209876544, "35": 59.25925925925925, "36": 60.49382716049383, "37": 60.49382716049383, "38": 58.64197530864198, "39": 58.64197530864198, "40": 58.64197530864198, "41": 59.25925925925925, "42": 59.876543209876544, "43": 59.25925925925925, "44": 58.64197530864198, "45": 59.25925925925925, "46": 59.876543209876544, "47": 59.876543209876544, "48": 60.49382716049383, "49": 61.72839506172839, "50": 61.111111111111114, "51": 60.49382716049383, "52": 59.876543209876544, "53": 60.49382716049383, "54": 59.876543209876544, "55": 59.25925925925925, "56": 59.876543209876544, "57": 59.876543209876544, "58": 59.876543209876544, "59": 60.49382716049383, "60": 61.111111111111114, "61": 61.111111111111114, "62": 61.111111111111114, "63": 59.876543209876544, "64": 59.876543209876544, "65": 59.876543209876544, "66": 60.49382716049383, "67": 59.876543209876544, "68": 59.876543209876544, "69": 60.49382716049383, "70": 59.876543209876544, "71": 60.49382716049383, "72": 60.49382716049383, "73": 61.111111111111114, "74": 60.49382716049383, "75": 61.111111111111114, "76": 61.111111111111114, "77": 61.111111111111114, "78": 61.111111111111114, "79": 61.72839506172839, "80": 61.72839506172839, "81": 61.111111111111114, "82": 61.72839506172839, "83": 61.72839506172839, "84": 61.111111111111114, "85": 61.111111111111114, "86": 61.72839506172839, "87": 61.111111111111114, "88": 62.34567901234568, "89": 61.111111111111114, "90": 61.111111111111114, "91": 62.34567901234568, "92": 62.96296296296296, "93": 62.34567901234568, "94": 61.111111111111114, "95": 61.111111111111114, "96": 61.111111111111114, "97": 61.111111111111114, "98": 60.49382716049383, "99": 61.111111111111114, "100": 61.111111111111114}