{"1": 0.28087674533356227, "2": 0.21578750918836265, "3": 0.19070634027600344, "4": 0.20207573084376695, "5": 0.19322955934325678, "6": 0.17923703131000146, "7": 0.18734149283926346, "8": 0.19865755327103127, "9": 0.18901493061969443, "10": 0.19035075588042905, "11": 0.18732146045544482, "12": 0.19435875777892409, "13": 0.18308637350272663, "14": 0.19314240672430333, "15": 0.18713808815906566, "16": 0.18751358872727508, "17": 0.1786812106908701, "18": 0.17197316618296707, "19": 0.17237124733414788, "20": 0.18205290695093745, "21": 0.18525787328136517, "22": 0.1881084248057455, "23": 0.1807353450576532, "24": 0.17991996063871177, "25": 0.17557828422467994, "26": 0.17831036509526235, "27": 0.17868258923758337, "28": 0.17644743135835247, "29": 0.17411860927628195, "30": 0.16996390103421458, "31": 0.16921811808636875, "32": 0.16745836975970668, "33": 0.16766723820865517, "34": 0.17034834421103212, "35": 0.174893816230252, "36": 0.1726674378886158, "37": 0.17124863552045494, "38": 0.16979375559283783, "39": 0.17717212933177306, "40": 0.17042825791902963, "41": 0.1643329160868728, "42": 0.16277570104006242, "43": 0.16391259545494755, "44": 0.17646120649303562, "45": 0.17086159370719486, "46": 0.16841045867209034, "47": 0.16338288554314265, "48": 0.1661593737659998, "49": 0.17788650073640996, "50": 0.17021014662360756, "51": 0.1732500138163157, "52": 0.1757924803959042, "53": 0.1809441284105043, "54": 0.17941702862080158, "55": 0.19690043088165568, "56": 0.17757583523879109, "57": 0.16950950848374832, "58": 0.16711578912220126, "59": 0.16868966079403044, "60": 0.1674534453011475, "61": 0.1633791836524497, "62": 0.16126007555933133, "63": 0.1669462120226741, "64": 0.16630175320092727, "65": 0.1649193095966585, "66": 0.17678930265449908, "67": 0.16886154886519816, "68": 0.1727078945513721, "69": 0.18271380233634751, "70": 0.1746113328198573, "71": 0.17851324435863003, "72": 0.18338022181177682, "73": 0.18949529180572253, "74": 0.18998893031674474, "75": 0.1784598861414897, "76": 0.1758470190801632, "77": 0.19098435746452397, "78": 0.17192824009470437, "79": 0.169123819199477, "80": 0.1772163576564983, "81": 0.1737136888319215, "82": 0.16902751692759474, "83": 0.1696177881920012, "84": 0.17612614992024758, "85": 0.17032588473738147, "86": 0.17036498681157153, "87": 0.17259547234486802, "88": 0.17166821162220883, "89": 0.17392294081564175, "90": 0.1693237112083736, "91": 0.1725552197600363, "92": 0.17162489973375572, "93": 0.17465314392086465, "94": 0.17699742763057222, "95": 0.17318108288012699, "96": 0.1700612757780472, "97": 0.16998825454022726, "98": 0.1735265963187328, "99": 0.17188542934287585, "100": 0.1710584340889626}