{"1": 0.5525792464063073, "2": 0.4204640345110139, "3": 0.41604737205873354, "4": 0.7989029163464285, "5": 0.19501359179428074, "6": 0.2233933806476703, "7": 0.248722476330687, "8": 0.21927023941053975, "9": 0.1972679938378889, "10": 0.18010124237939623, "11": 0.17405481086334865, "12": 0.15615939344532165, "13": 0.163022425789357, "14": 0.15245005294991812, "15": 0.1383787117727711, "16": 0.13706151226996793, "17": 0.13333708260220348, "18": 0.12705045260047326, "19": 0.12570709333931637, "20": 0.12894219923654288, "21": 0.1302569096111393, "22": 0.13386196781817822, "23": 0.1327778414732134, "24": 0.1368650405691067, "25": 0.1258684913367453, "26": 0.12835629089930173, "27": 0.13023892899652406, "28": 0.12510282049970284, "29": 0.12949165674979013, "30": 0.12399629811385648, "31": 0.11129664994282866, "32": 0.10903340197582008, "33": 0.10890431493062325, "34": 0.10898872525683587, "35": 0.1077384259596518, "36": 0.11408527207578659, "37": 0.11070497773189962, "38": 0.11320078334794717, "39": 0.11086233075761318, "40": 0.10410633743978451, "41": 0.10174085783480238, "42": 0.10165133737849545, "43": 0.10758347131208923, "44": 0.12103979840704437, "45": 0.11445807612632289, "46": 0.1104112521876591, "47": 0.10426718591911292, "48": 0.10522792630518407, "49": 0.10067540289981496, "50": 0.10178320991229459, "51": 0.09833217439527987, "52": 0.09965652400368638, "53": 0.09864616751181059, "54": 0.09390798408823917, "55": 0.09320535646540772, "56": 0.09666624958122479, "57": 0.0951279193899739, "58": 0.09608742733044011, "59": 0.10053033110595214, "60": 0.10837813727427556, "61": 0.11169236676119816, "62": 0.10434420729131608, "63": 0.0983969226983289, "64": 0.09513343118632, "65": 0.09283008549396117, "66": 0.09876087717960844, "67": 0.09308698970106014, "68": 0.09767638499053369, "69": 0.10044828636224043, "70": 0.10558104069940628, "71": 0.1047943167769233, "72": 0.10090017140195817, "73": 0.0996833799558863, "74": 0.10015431092026499, "75": 0.09721003637963772, "76": 0.09590324250342755, "77": 0.10057356001521836, "78": 0.09627982699063428, "79": 0.09577190360585004, "80": 0.09710883240390597, "81": 0.09608857318199152, "82": 0.08586337997094498, "83": 0.08673151144981285, "84": 0.08351030383052657, "85": 0.08385170630277414, "86": 0.08559143024827136, "87": 0.08933598737481452, "88": 0.08590601032154728, "89": 0.08665957681834786, "90": 0.08381537046479613, "91": 0.0858530267856407, "92": 0.0864939287388215, "93": 0.08686118181205933, "94": 0.08755886461177406, "95": 0.08821088216980413, "96": 0.09202428838635308, "97": 0.09594894377943311, "98": 0.10153570985686315, "99": 0.10912407044312773, "100": 0.12692044762734053}