{"1": 0.2511451638942483, "2": 0.2579434866766553, "3": 0.2627170305701602, "4": 0.26825833410844274, "5": 0.24863655656069694, "6": 0.24248050757300169, "7": 0.23830861104407566, "8": 0.24310974900707571, "9": 0.24531779164615378, "10": 0.24861767481255978, "11": 0.24025788655063188, "12": 0.2496690453206877, "13": 0.24946327854174277, "14": 0.25025119200801677, "15": 0.24997874086352748, "16": 0.2560392108868729, "17": 0.25225457528581563, "18": 0.24884621841706434, "19": 0.24751588071053887, "20": 0.24919458834295494, "21": 0.25408651301085344, "22": 0.2535067904689967, "23": 0.254039378086995, "24": 0.25581530848017386, "25": 0.2520717675878735, "26": 0.24976384048936465, "27": 0.2532903660933827, "28": 0.25486114374147173, "29": 0.2536527346303005, "30": 0.2561840210827994, "31": 0.25341516362956445, "32": 0.25128034636931285, "33": 0.25183527649874066, "34": 0.25293206262795626, "35": 0.2555725553629879, "36": 0.25579924220914346, "37": 0.25359162972881805, "38": 0.2543402854849005, "39": 0.2532210480885459, "40": 0.2530521076945098, "41": 0.2524508340285527, "42": 0.25179161016218576, "43": 0.25181159943323217, "44": 0.2525832503791854, "45": 0.2522239908065103, "46": 0.25556163075465516, "47": 0.25334596307808416, "48": 0.25327002820106054, "49": 0.25243428660434347, "50": 0.2534033303513925, "51": 0.2538270891083085, "52": 0.2566187951666219, "53": 0.25562643238376087, "54": 0.2572552049040162, "55": 0.2570744887222809, "56": 0.25587339467812037, "57": 0.2577489719746298, "58": 0.2589159463302839, "59": 0.2568155232807298, "60": 0.25532854922233433, "61": 0.2541231797826584, "62": 0.25294474752914337, "63": 0.2516990737977957, "64": 0.2519331027267037, "65": 0.25183605013394256, "66": 0.2532264870869568, "67": 0.2541625799189011, "68": 0.25509590093625806, "69": 0.254389557550814, "70": 0.2542184744111791, "71": 0.25516797244991957, "72": 0.2556106646223904, "73": 0.25643470789067474, "74": 0.25621273445176906, "75": 0.2554850988939106, "76": 0.25595156122949675, "77": 0.2559144308121844, "78": 0.2542903710651819, "79": 0.2545934431432247, "80": 0.2553637465191712, "81": 0.25650277467922566, "82": 0.25825968488434375, "83": 0.2590070582213267, "84": 0.25880280063923106, "85": 0.2591553901597983, "86": 0.25633455760805807, "87": 0.2551121248870343, "88": 0.2529749011133094, "89": 0.25195250621369397, "90": 0.2517217357705602, "91": 0.25131028576750136, "92": 0.25142175502393854, "93": 0.2511052882720419, "94": 0.2511159228646797, "95": 0.2523229499986769, "96": 0.2512359097994125, "97": 0.2503667108157376, "98": 0.25209445588310514, "99": 0.2535183945604318, "100": 0.2587172448507622}