{"1": 1.2316429586522626, "2": 1.1527585576246595, "3": 1.0512207516101284, "4": 1.0534941687079666, "5": 1.031564690010179, "6": 1.0679120619563514, "7": 1.049361848771245, "8": 1.0225958073778965, "9": 1.0098171797938793, "10": 0.9673298787037309, "11": 0.9730891159481523, "12": 1.0591536167842504, "13": 1.0944970696353735, "14": 1.0824169119790286, "15": 0.9984721331430654, "16": 1.0785758411505777, "17": 1.1305975360938756, "18": 1.1135946435842532, "19": 1.0231759155518836, "20": 0.9997357389974859, "21": 1.063375559947234, "22": 1.037852804223167, "23": 0.896876485720837, "24": 0.8442965459714834, "25": 0.6832643688716854, "26": 0.6491643982296179, "27": 0.64835714570849, "28": 0.622630915362019, "29": 0.5495409747764678, "30": 0.5576114454817601, "31": 0.4892277416209311, "32": 0.5175509113186053, "33": 0.502626616224613, "34": 0.5186584032272471, "35": 0.5297786717670847, "36": 0.5275557904281305, "37": 0.48095293302034803, "38": 0.4974351098047616, "39": 0.5288324088607348, "40": 0.5062536231630365, "41": 0.5326561131822223, "42": 0.612243648580442, "43": 0.5602176182834748, "44": 0.5229288964251461, "45": 0.5528196376111745, "46": 0.536070134733907, "47": 0.5322838051337881, "48": 0.554964994351464, "49": 0.5278502949350179, "50": 0.6070789180851955, "51": 0.6138343301947182, "52": 0.6296880005951054, "53": 0.6225834644622967, "54": 0.6483849069741133, "55": 0.6105951589906166, "56": 0.5929086952220719, "57": 0.5452727107336521, "58": 0.5668891841045482, "59": 0.5306047438473731, "60": 0.5150205950329715, "61": 0.4939317617135591, "62": 0.5142667436229683, "63": 0.5312981360313631, "64": 0.5098259434159799, "65": 0.5244275699726053, "66": 0.5990059902879645, "67": 0.625120527225992, "68": 0.6511382762978699, "69": 0.5856047259375465, "70": 0.5783990208312264, "71": 0.5446561376517928, "72": 0.5897540292653877, "73": 0.6449166879369276, "74": 0.7157542748713615, "75": 0.7484031696019564, "76": 0.8050960677842418, "77": 0.7665536005883775, "78": 0.6735285373312409, "79": 0.7068161527247051, "80": 0.6687337615379919, "81": 0.6123891619537281, "82": 0.6232663297105437, "83": 0.6635242655460011, "84": 0.6169764644216142, "85": 0.6327933746793053, "86": 0.6833235515405772, "87": 0.6824238615283937, "88": 0.6930660355022578, "89": 0.7011541395017504, "90": 0.6466954833401616, "91": 0.5879631916542557, "92": 0.6220120885526875, "93": 0.545140929076549, "94": 0.49119374500415086, "95": 0.4870693927252279, "96": 0.47212239535643297, "97": 0.4539739985331106, "98": 0.4377578420725406, "99": 0.45221642603366563, "100": 0.4689493228582173}