{"1": 0.5533072567473528, "2": 0.5476389758567517, "3": 0.5417811266448168, "4": 0.5403484695425358, "5": 0.550068869123031, "6": 0.5566196059757971, "7": 0.5677514760515645, "8": 0.5763586445573904, "9": 0.5696235827677402, "10": 0.5632763902622412, "11": 0.54924031309236, "12": 0.5372893026167435, "13": 0.5236501277419839, "14": 0.5195556101367887, "15": 0.5066944946626718, "16": 0.4950005315406554, "17": 0.494662697781932, "18": 0.4872762612002047, "19": 0.4910618729591453, "20": 0.4960714791666763, "21": 0.5017425223027525, "22": 0.5036361521649132, "23": 0.49582081064706746, "24": 0.49198016910180004, "25": 0.5107714441401746, "26": 0.5042180989642472, "27": 0.5114611415843868, "28": 0.5121493653340263, "29": 0.5109749960010544, "30": 0.518184290293755, "31": 0.5242309041230244, "32": 0.5251780890847673, "33": 0.513055939606254, "34": 0.5210979766520001, "35": 0.5316020994162258, "36": 0.5297297110973092, "37": 0.5320446515590722, "38": 0.5414028569996759, "39": 0.5380222504375923, "40": 0.548306921905515, "41": 0.5425028354662484, "42": 0.5362886454407237, "43": 0.5502130485538791, "44": 0.548483684935814, "45": 0.5483990598008895, "46": 0.5446862770944135, "47": 0.5264710802286585, "48": 0.5292006744815877, "49": 0.522895343464022, "50": 0.5227928322321221, "51": 0.5252013869304716, "52": 0.5159108987342171, "53": 0.5060431348299929, "54": 0.5114449528034417, "55": 0.5034398804860009, "56": 0.5042723466246011, "57": 0.4915235277034328, "58": 0.4886150200539174, "59": 0.4952109615397654, "60": 0.49130643360698717, "61": 0.4924928861282193, "62": 0.49595072460752476, "63": 0.4961400515595758, "64": 0.5052452907594481, "65": 0.504750303717167, "66": 0.5016744415252894, "67": 0.513258332523352, "68": 0.5093570583723166, "69": 0.506149785660509, "70": 0.5080514148102778, "71": 0.4964132000713954, "72": 0.499327339449017, "73": 0.4949604460858853, "74": 0.49188901748417313, "75": 0.4984514627967803, "76": 0.4986721815945597, "77": 0.49347554016606054, "78": 0.49375042041685047, "79": 0.4925710148006462, "80": 0.5010044794503886, "81": 0.49977274815721423, "82": 0.5075226490005698, "83": 0.5062759078729188, "84": 0.4950788497479239, "85": 0.4880788756846239, "86": 0.49219663793046764, "87": 0.4878376966952817, "88": 0.497323986864881, "89": 0.4976573170064364, "90": 0.49150125794087696, "91": 0.49610760154789485, "92": 0.4879927293240944, "93": 0.4849083975422111, "94": 0.5054961499347452, "95": 0.5184595700741856, "96": 0.5140425646921123, "97": 0.5117834431619456, "98": 0.5152894779509685, "99": 0.5317408414100995, "100": 0.537563456292257}