{"1": 34.04255319148936, "2": 34.04255319148936, "3": 36.17021276595745, "4": 36.17021276595745, "5": 34.04255319148936, "6": 34.04255319148936, "7": 34.04255319148936, "8": 34.04255319148936, "9": 34.04255319148936, "10": 34.04255319148936, "11": 34.04255319148936, "12": 36.17021276595745, "13": 36.17021276595745, "14": 36.17021276595745, "15": 34.04255319148936, "16": 34.04255319148936, "17": 34.04255319148936, "18": 34.04255319148936, "19": 34.04255319148936, "20": 36.17021276595745, "21": 36.17021276595745, "22": 36.17021276595745, "23": 36.17021276595745, "24": 34.04255319148936, "25": 34.04255319148936, "26": 34.04255319148936, "27": 34.04255319148936, "28": 34.04255319148936, "29": 34.04255319148936, "30": 34.04255319148936, "31": 34.04255319148936, "32": 34.04255319148936, "33": 36.17021276595745, "34": 36.17021276595745, "35": 34.04255319148936, "36": 31.914893617021278, "37": 31.914893617021278, "38": 31.914893617021278, "39": 31.914893617021278, "40": 31.914893617021278, "41": 36.17021276595745, "42": 34.04255319148936, "43": 34.04255319148936, "44": 34.04255319148936, "45": 34.04255319148936, "46": 34.04255319148936, "47": 34.04255319148936, "48": 34.04255319148936, "49": 36.17021276595745, "50": 34.04255319148936, "51": 34.04255319148936, "52": 34.04255319148936, "53": 34.04255319148936, "54": 34.04255319148936, "55": 34.04255319148936, "56": 31.914893617021278, "57": 34.04255319148936, "58": 34.04255319148936, "59": 34.04255319148936, "60": 34.04255319148936, "61": 34.04255319148936, "62": 31.914893617021278, "63": 31.914893617021278, "64": 36.17021276595745, "65": 36.17021276595745, "66": 36.17021276595745, "67": 34.04255319148936, "68": 34.04255319148936, "69": 34.04255319148936, "70": 34.04255319148936, "71": 34.04255319148936, "72": 34.04255319148936, "73": 34.04255319148936, "74": 34.04255319148936, "75": 34.04255319148936, "76": 34.04255319148936, "77": 34.04255319148936, "78": 34.04255319148936, "79": 34.04255319148936, "80": 34.04255319148936, "81": 31.914893617021278, "82": 31.914893617021278, "83": 34.04255319148936, "84": 34.04255319148936, "85": 34.04255319148936, "86": 34.04255319148936, "87": 34.04255319148936, "88": 34.04255319148936, "89": 36.17021276595745, "90": 34.04255319148936, "91": 34.04255319148936, "92": 34.04255319148936, "93": 34.04255319148936, "94": 34.04255319148936, "95": 34.04255319148936, "96": 34.04255319148936, "97": 36.17021276595745, "98": 34.04255319148936, "99": 34.04255319148936, "100": 34.04255319148936}