{"1": 0.04331566490753857, "2": 0.30675309605865003, "3": 0.4952241702794252, "4": 0.5151719977119763, "5": 0.5056927182352358, "6": 0.45320726059532634, "7": 0.42886649118495984, "8": 0.4498852698150363, "9": 0.4719668313707926, "10": 0.5345741392059578, "11": 0.4394414535712025, "12": 0.5065179405880748, "13": 0.5037718129728948, "14": 0.4550181210841929, "15": 0.5128038795660923, "16": 0.5384862876270875, "17": 0.5167375831490367, "18": 0.5087837284394494, "19": 0.49495575179072343, "20": 0.5029239009760404, "21": 0.5795817708677223, "22": 0.5662137133031879, "23": 0.5314851710697055, "24": 0.5290521605419376, "25": 0.5192397970910515, "26": 0.4573370027025635, "27": 0.47939905116446657, "28": 0.5000255258495173, "29": 0.4431729924259699, "30": 0.5012523549014283, "31": 0.4545947323268661, "32": 0.44282652156185526, "33": 0.41780506283102775, "34": 0.4537490892944133, "35": 0.46459315085867825, "36": 0.43179390905582266, "37": 0.4474785792743262, "38": 0.43880818560673357, "39": 0.4181994088440148, "40": 0.43888805315366763, "41": 0.4270733286184253, "42": 0.40887759549674096, "43": 0.4297470762691963, "44": 0.42393761981550143, "45": 0.4378781370985436, "46": 0.43311648840547845, "47": 0.4207619772391105, "48": 0.40926785737380533, "49": 0.4233206883947236, "50": 0.39972958482262483, "51": 0.42347906210995084, "52": 0.42743840499063257, "53": 0.41480344982423467, "54": 0.42468025186412445, "55": 0.4384773705969895, "56": 0.4306022489521355, "57": 0.4373923518201746, "58": 0.4378940198493544, "59": 0.4468425885525754, "60": 0.43122439899103693, "61": 0.444943238452049, "62": 0.42313622158887865, "63": 0.45646844312965523, "64": 0.4485763042517897, "65": 0.42426775413592505, "66": 0.4278021199841989, "67": 0.4355490451403661, "68": 0.45307792962443877, "69": 0.4458639842061926, "70": 0.4520003984301489, "71": 0.4394019735906157, "72": 0.43955127144823686, "73": 0.4358610277455774, "74": 0.44238067005695325, "75": 0.42265520113575283, "76": 0.41434466522224395, "77": 0.43260642520801296, "78": 0.4217083622909915, "79": 0.43111049697807974, "80": 0.44829449887311884, "81": 0.4433511061314906, "82": 0.44893820407383483, "83": 0.4477606115494372, "84": 0.4566129761620331, "85": 0.4525730850450968, "86": 0.43338921792654317, "87": 0.4356658968070452, "88": 0.4394913707880363, "89": 0.42969148664135864, "90": 0.4178041552452671, "91": 0.4213852617602127, "92": 0.425482784572948, "93": 0.4223057806179161, "94": 0.41767709323878105, "95": 0.42935386473841, "96": 0.42521504677356664, "97": 0.41409326396655366, "98": 0.3980362566897579, "99": 0.385057326520087, "100": 0.36011482775043296}