{"1": 38.46153846153847, "2": 46.15384615384615, "3": 46.15384615384615, "4": 45.05494505494506, "5": 48.35164835164835, "6": 46.15384615384615, "7": 45.05494505494506, "8": 45.05494505494506, "9": 51.64835164835166, "10": 54.94505494505495, "11": 52.74725274725275, "12": 56.043956043956044, "13": 57.14285714285714, "14": 59.34065934065934, "15": 59.34065934065934, "16": 58.24175824175825, "17": 59.34065934065934, "18": 58.24175824175825, "19": 58.24175824175825, "20": 58.24175824175825, "21": 57.14285714285714, "22": 59.34065934065934, "23": 56.043956043956044, "24": 54.94505494505495, "25": 56.043956043956044, "26": 53.84615384615385, "27": 56.043956043956044, "28": 57.14285714285714, "29": 56.043956043956044, "30": 56.043956043956044, "31": 59.34065934065934, "32": 60.43956043956044, "33": 58.24175824175825, "34": 54.94505494505495, "35": 57.14285714285714, "36": 58.24175824175825, "37": 59.34065934065934, "38": 57.14285714285714, "39": 54.94505494505495, "40": 58.24175824175825, "41": 57.14285714285714, "42": 57.14285714285714, "43": 57.14285714285714, "44": 58.24175824175825, "45": 58.24175824175825, "46": 56.043956043956044, "47": 54.94505494505495, "48": 56.043956043956044, "49": 54.94505494505495, "50": 53.84615384615385, "51": 54.94505494505495, "52": 53.84615384615385, "53": 53.84615384615385, "54": 52.74725274725275, "55": 53.84615384615385, "56": 53.84615384615385, "57": 53.84615384615385, "58": 53.84615384615385, "59": 53.84615384615385, "60": 52.74725274725275, "61": 53.84615384615385, "62": 52.74725274725275, "63": 53.84615384615385, "64": 53.84615384615385, "65": 53.84615384615385, "66": 54.94505494505495, "67": 53.84615384615385, "68": 52.74725274725275, "69": 54.94505494505495, "70": 52.74725274725275, "71": 53.84615384615385, "72": 53.84615384615385, "73": 53.84615384615385, "74": 53.84615384615385, "75": 53.84615384615385, "76": 53.84615384615385, "77": 53.84615384615385, "78": 53.84615384615385, "79": 53.84615384615385, "80": 52.74725274725275, "81": 53.84615384615385, "82": 54.94505494505495, "83": 54.94505494505495, "84": 53.84615384615385, "85": 53.84615384615385, "86": 53.84615384615385, "87": 53.84615384615385, "88": 52.74725274725275, "89": 52.74725274725275, "90": 52.74725274725275, "91": 56.043956043956044, "92": 56.043956043956044, "93": 57.14285714285714, "94": 57.14285714285714, "95": 56.043956043956044, "96": 54.94505494505495, "97": 54.94505494505495, "98": 54.94505494505495, "99": 54.94505494505495, "100": 54.94505494505495}