{"1": 36.26373626373626, "2": 32.967032967032964, "3": 35.16483516483517, "4": 34.065934065934066, "5": 38.46153846153847, "6": 43.956043956043956, "7": 46.15384615384615, "8": 41.75824175824176, "9": 39.56043956043956, "10": 36.26373626373626, "11": 38.46153846153847, "12": 40.65934065934066, "13": 36.26373626373626, "14": 39.56043956043956, "15": 35.16483516483517, "16": 39.56043956043956, "17": 38.46153846153847, "18": 36.26373626373626, "19": 36.26373626373626, "20": 37.362637362637365, "21": 35.16483516483517, "22": 35.16483516483517, "23": 42.857142857142854, "24": 35.16483516483517, "25": 39.56043956043956, "26": 41.75824175824176, "27": 40.65934065934066, "28": 36.26373626373626, "29": 37.362637362637365, "30": 32.967032967032964, "31": 35.16483516483517, "32": 34.065934065934066, "33": 36.26373626373626, "34": 42.857142857142854, "35": 37.362637362637365, "36": 39.56043956043956, "37": 42.857142857142854, "38": 38.46153846153847, "39": 42.857142857142854, "40": 39.56043956043956, "41": 38.46153846153847, "42": 39.56043956043956, "43": 37.362637362637365, "44": 40.65934065934066, "45": 40.65934065934066, "46": 39.56043956043956, "47": 41.75824175824176, "48": 40.65934065934066, "49": 38.46153846153847, "50": 36.26373626373626, "51": 37.362637362637365, "52": 38.46153846153847, "53": 40.65934065934066, "54": 40.65934065934066, "55": 39.56043956043956, "56": 35.16483516483517, "57": 41.75824175824176, "58": 39.56043956043956, "59": 38.46153846153847, "60": 41.75824175824176, "61": 38.46153846153847, "62": 41.75824175824176, "63": 37.362637362637365, "64": 37.362637362637365, "65": 35.16483516483517, "66": 37.362637362637365, "67": 36.26373626373626, "68": 37.362637362637365, "69": 36.26373626373626, "70": 37.362637362637365, "71": 39.56043956043956, "72": 39.56043956043956, "73": 37.362637362637365, "74": 37.362637362637365, "75": 37.362637362637365, "76": 42.857142857142854, "77": 40.65934065934066, "78": 39.56043956043956, "79": 41.75824175824176, "80": 39.56043956043956, "81": 39.56043956043956, "82": 45.05494505494506, "83": 41.75824175824176, "84": 45.05494505494506, "85": 41.75824175824176, "86": 40.65934065934066, "87": 39.56043956043956, "88": 39.56043956043956, "89": 39.56043956043956, "90": 42.857142857142854, "91": 40.65934065934066, "92": 40.65934065934066, "93": 39.56043956043956, "94": 41.75824175824176, "95": 39.56043956043956, "96": 41.75824175824176, "97": 41.75824175824176, "98": 39.56043956043956, "99": 43.956043956043956, "100": 42.857142857142854}