{"1": 0.23661054123827482, "2": 0.267356788352762, "3": 0.24120672753067202, "4": 0.23286599273831365, "5": 0.22237496912332366, "6": 0.22093410111967224, "7": 0.2145290558461849, "8": 0.2145752407973436, "9": 0.2093299495785706, "10": 0.21210274274881458, "11": 0.20880938121471923, "12": 0.21289771718714015, "13": 0.2130083549114288, "14": 0.20896241435834573, "15": 0.21997646405107882, "16": 0.2173485066752055, "17": 0.21434883201402355, "18": 0.21924318036166385, "19": 0.21955086090272943, "20": 0.2182794425914202, "21": 0.2215744024110109, "22": 0.2125439230484932, "23": 0.21487334781021078, "24": 0.21410616710958785, "25": 0.21737672747138304, "26": 0.21491234880453422, "27": 0.20903139980717203, "28": 0.2114797759168411, "29": 0.20885338749048823, "30": 0.2087616456769105, "31": 0.20766291503549747, "32": 0.20822403152857738, "33": 0.20843802610546525, "34": 0.2076738078969514, "35": 0.2164732224162623, "36": 0.21238752843961498, "37": 0.20958895664283136, "38": 0.21130069300306434, "39": 0.20530124322133647, "40": 0.212314567531187, "41": 0.21525291391400983, "42": 0.21031094704498252, "43": 0.20448145982441923, "44": 0.2094097381935645, "45": 0.2067066858920483, "46": 0.2096516734524124, "47": 0.20963248646163732, "48": 0.20469779729467583, "49": 0.21090573579432503, "50": 0.20426762001276638, "51": 0.21473213009246342, "52": 0.21042637121229088, "53": 0.2106080939323641, "54": 0.20654138041024117, "55": 0.2124033483037229, "56": 0.20861135114052146, "57": 0.21462902035276554, "58": 0.2134923876371933, "59": 0.22202922080670687, "60": 0.22084595555585032, "61": 0.2141691210903442, "62": 0.21389625612742605, "63": 0.21803602888660864, "64": 0.2154068370213144, "65": 0.2174039958778513, "66": 0.21310587803962666, "67": 0.21389691081311232, "68": 0.20915744689306248, "69": 0.21535401358596695, "70": 0.20873743305296133, "71": 0.20656263338300146, "72": 0.20614317906339905, "73": 0.20862657072701274, "74": 0.20567571308549717, "75": 0.20228628185047012, "76": 0.20780387264875452, "77": 0.20569463048010458, "78": 0.20977666502401873, "79": 0.2083098212449599, "80": 0.20803372037587367, "81": 0.2075859286892854, "82": 0.20824706654504724, "83": 0.2117023662064656, "84": 0.2167840383549698, "85": 0.22024961619988595, "86": 0.21319148145197944, "87": 0.22178748792517952, "88": 0.21381957807080962, "89": 0.21913041374644457, "90": 0.21626806801232665, "91": 0.22070018028726257, "92": 0.21892014308003355, "93": 0.22020032884114155, "94": 0.22808288772374, "95": 0.222171024697251, "96": 0.2198030477697752, "97": 0.2146176964746785, "98": 0.21731638308033818, "99": 0.2177050761782019, "100": 0.2114253415333864}