{"1": 0.2894966570969444, "2": 0.32246210216938914, "3": 0.286478702309391, "4": 0.292784476519218, "5": 0.3032402131166243, "6": 0.2971778397168892, "7": 0.3108638085008055, "8": 0.2919014817156582, "9": 0.32381050615834495, "10": 0.3349617461183397, "11": 0.364828378993423, "12": 0.35533335722404147, "13": 0.3959013908779941, "14": 0.3956764165810813, "15": 0.37771763722299573, "16": 0.40687037764184736, "17": 0.4144431178382485, "18": 0.40576008467350744, "19": 0.39908099715351936, "20": 0.4640538892287178, "21": 0.48725960307057037, "22": 0.4548950367963742, "23": 0.465957314367505, "24": 0.49311185338085917, "25": 0.49431614535953944, "26": 0.4372128272241171, "27": 0.43950309393423215, "28": 0.37247069426253565, "29": 0.40052540529811237, "30": 0.3843433238190951, "31": 0.3844652632936454, "32": 0.39004929480610956, "33": 0.3818319342476498, "34": 0.38537607119771655, "35": 0.3985856644178418, "36": 0.37876000403259513, "37": 0.37881955761758795, "38": 0.3586914052749308, "39": 0.3536790572342013, "40": 0.3586950741769704, "41": 0.3995806453110281, "42": 0.3888457343442409, "43": 0.37295919726635673, "44": 0.3869463922782964, "45": 0.38161197057661916, "46": 0.393997950200351, "47": 0.4225370658402754, "48": 0.40030875149502343, "49": 0.4041773325503191, "50": 0.39975970708980607, "51": 0.40855120711611564, "52": 0.4246566075252021, "53": 0.4051883657701612, "54": 0.423578072292644, "55": 0.4213372931578055, "56": 0.41817202667900777, "57": 0.428424777161986, "58": 0.39484879381861987, "59": 0.40259377904997906, "60": 0.4186287613893373, "61": 0.408948121683615, "62": 0.39665005633910805, "63": 0.41462016574471766, "64": 0.4115694424239461, "65": 0.39988569862736134, "66": 0.3878929012665263, "67": 0.3801707974594678, "68": 0.3744063180395533, "69": 0.36824614301231695, "70": 0.3921019566709618, "71": 0.3962130168621196, "72": 0.3976314430327495, "73": 0.3879074153658185, "74": 0.37330685214604753, "75": 0.3799267575535083, "76": 0.395800071011454, "77": 0.4271146225363234, "78": 0.4141328213286767, "79": 0.40293990319073236, "80": 0.414376259159893, "81": 0.4198042528306464, "82": 0.43659162989972145, "83": 0.4050471252174254, "84": 0.41233015248245614, "85": 0.38553131618111436, "86": 0.38995132603764904, "87": 0.3988949583283818, "88": 0.41952630381169076, "89": 0.4014736189379613, "90": 0.42153367443253825, "91": 0.3870685425922865, "92": 0.36165143901786645, "93": 0.39627670944473986, "94": 0.3559726002880799, "95": 0.3516956967438278, "96": 0.33810849246647484, "97": 0.35117745859017513, "98": 0.3573520903689764, "99": 0.338507392827056, "100": 0.33593033575449005}