{"1": 0.46727792170727617, "2": 0.2772845232944231, "3": 0.22272287480402891, "4": 0.25064231746217547, "5": 0.3199544171713434, "6": 0.26165041189153876, "7": 0.27474137672935695, "8": 0.2996656490744555, "9": 0.3120333915566952, "10": 0.29660030071409277, "11": 0.28420450436861905, "12": 0.3100869132184841, "13": 0.26266502015924253, "14": 0.26922492008509585, "15": 0.2642349007942001, "16": 0.27472421791359913, "17": 0.2639047255294904, "18": 0.23870806440145675, "19": 0.2797224438437251, "20": 0.29645550735518295, "21": 0.26250164441161095, "22": 0.2828349843644206, "23": 0.26113962775041233, "24": 0.252095219674471, "25": 0.23326633239810896, "26": 0.25516692462471297, "27": 0.23722624343019696, "28": 0.24243611157012307, "29": 0.23497005803622698, "30": 0.1995460879895428, "31": 0.22965628379785624, "32": 0.23364072564728944, "33": 0.21353651353493736, "34": 0.21323891560784847, "35": 0.18166633860605538, "36": 0.16711847319541925, "37": 0.15351228095233482, "38": 0.16298608073056947, "39": 0.15236097468835402, "40": 0.16127633617623693, "41": 0.17013353849241628, "42": 0.18430464252715123, "43": 0.1891428340151701, "44": 0.16452307570709207, "45": 0.15941892860511078, "46": 0.16867266622610094, "47": 0.14920821395724765, "48": 0.15837656451954155, "49": 0.17133579460984863, "50": 0.15430845750809913, "51": 0.17334999396256978, "52": 0.1562187184859755, "53": 0.15577557300391134, "54": 0.1240892533210584, "55": 0.14233019748370423, "56": 0.1343317180471942, "57": 0.15519572205305188, "58": 0.15452419582752305, "59": 0.1650151442286682, "60": 0.12398298960009964, "61": 0.1621986539816401, "62": 0.11707282842408415, "63": 0.1800925637547865, "64": 0.15606754652449822, "65": 0.13973922510703457, "66": 0.1439035484111984, "67": 0.1420243890702632, "68": 0.1458365739666924, "69": 0.15863931279236937, "70": 0.1666841762366742, "71": 0.1584609646240768, "72": 0.15060229730372088, "73": 0.1624932122907383, "74": 0.17223622898849217, "75": 0.13773649444157093, "76": 0.15623779858874343, "77": 0.14913483266955851, "78": 0.1625713569660636, "79": 0.16548123909440987, "80": 0.12900994955733674, "81": 0.12133879304349984, "82": 0.14286875330439527, "83": 0.16036280209731138, "84": 0.13624427502462264, "85": 0.13432822790925483, "86": 0.13386747397324347, "87": 0.13511601291624603, "88": 0.1591683074529923, "89": 0.1441704284656961, "90": 0.15499498113089716, "91": 0.1710603586218425, "92": 0.17438226196324752, "93": 0.16816471138525646, "94": 0.13530590959118188, "95": 0.1237364214373113, "96": 0.13452734031796995, "97": 0.1390658927296157, "98": 0.1657037436589775, "99": 0.1857369318479166, "100": 0.2050808339519743}