{"1": 0.25566074450799225, "2": 0.24566510251185114, "3": 0.3055163491555553, "4": 0.2188768303591987, "5": 0.10750065342203194, "6": 0.11136012929716646, "7": 0.11783827120162833, "8": 0.11407231536652085, "9": 0.11695490904546493, "10": 0.1189034611455779, "11": 0.11540288938278194, "12": 0.11980854405264707, "13": 0.1209227007031215, "14": 0.12233217581694965, "15": 0.12245343176997711, "16": 0.12426336387268448, "17": 0.1235219081823189, "18": 0.12111246155896144, "19": 0.12193058977863504, "20": 0.12429087920574738, "21": 0.1303157849712254, "22": 0.13176010418127762, "23": 0.13565939695141824, "24": 0.13951479110261145, "25": 0.1436799449725101, "26": 0.14147801171926577, "27": 0.14948271219708775, "28": 0.15141317492459516, "29": 0.15716183324522817, "30": 0.15996407417032926, "31": 0.1598107834430147, "32": 0.1595617269453074, "33": 0.1599163178185712, "34": 0.16295755109332433, "35": 0.16732155754304429, "36": 0.16822255710126194, "37": 0.16735368859352173, "38": 0.1677579678098049, "39": 0.16330852143453828, "40": 0.16456727320608275, "41": 0.16408988327407303, "42": 0.16212618385458416, "43": 0.16717618849471627, "44": 0.1694592279925924, "45": 0.16786360640382267, "46": 0.16651072721630542, "47": 0.1617144445924677, "48": 0.16153452598450418, "49": 0.16141866739078853, "50": 0.16063434591666154, "51": 0.16297647777917573, "52": 0.1634094249320551, "53": 0.16239368140351615, "54": 0.15886027011405837, "55": 0.16023716215893938, "56": 0.158235411656787, "57": 0.15871487750292892, "58": 0.15749148163965782, "59": 0.15908389390397226, "60": 0.15936986336713677, "61": 0.159192149168199, "62": 0.15788669290523974, "63": 0.15763893516319155, "64": 0.15797812682401896, "65": 0.15767121501691106, "66": 0.154437998564536, "67": 0.15452582823419148, "68": 0.15665975287307513, "69": 0.1565237762706048, "70": 0.16295634686303784, "71": 0.16745370514835686, "72": 0.16844463871975068, "73": 0.16792639849439156, "74": 0.16723330971747166, "75": 0.1649321165441148, "76": 0.1644208880209138, "77": 0.16873320166213973, "78": 0.16502882916297237, "79": 0.1682935355703877, "80": 0.17130168678809993, "81": 0.16978178637090696, "82": 0.17086045179878168, "83": 0.17138644103573072, "84": 0.173411776876372, "85": 0.17520187523162153, "86": 0.176084244155881, "87": 0.17515423620208445, "88": 0.17612860382985202, "89": 0.1758092475356816, "90": 0.17646695366769255, "91": 0.1766312978918994, "92": 0.17871080653219606, "93": 0.17797210469770275, "94": 0.17864226878815442, "95": 0.18125799439318352, "96": 0.1829201961703584, "97": 0.1863481122844607, "98": 0.18985092037868256, "99": 0.19468137044853911, "100": 0.2003886871982759}