{"1": 0.18306614221101325, "2": 0.1708114099636328, "3": 0.16308259364487424, "4": 0.15888744360117055, "5": 0.15752676728487866, "6": 0.15680596940248864, "7": 0.15704178655674877, "8": 0.15711572180508204, "9": 0.15604847900248242, "10": 0.15567367336428012, "11": 0.15525633654295853, "12": 0.15519240422728114, "13": 0.15527008277397278, "14": 0.15474718490604744, "15": 0.15459732545105068, "16": 0.15425135267838966, "17": 0.1540009736872465, "18": 0.15475590204938056, "19": 0.15523479925320996, "20": 0.1546496868810399, "21": 0.15490033875358708, "22": 0.15456365472028064, "23": 0.15466401466295931, "24": 0.15488176507524035, "25": 0.15501525515427358, "26": 0.15510959272903443, "27": 0.15456584896745618, "28": 0.1544031082349905, "29": 0.15362314704188915, "30": 0.15292114606816712, "31": 0.15286231427490637, "32": 0.15239859910756576, "33": 0.15267247779491763, "34": 0.15352322257315118, "35": 0.15353062210550775, "36": 0.1527392784813939, "37": 0.1525057088983313, "38": 0.15266686673223087, "39": 0.15294765500748211, "40": 0.15288739001402227, "41": 0.15313489990483534, "42": 0.15288562755329008, "43": 0.15278063453403007, "44": 0.1530612774909042, "45": 0.15281044954662273, "46": 0.15328309228920062, "47": 0.15266581148410238, "48": 0.15230477860302066, "49": 0.1514579546858731, "50": 0.15256376007527522, "51": 0.15265909335107722, "52": 0.15247834718262626, "53": 0.152150334246451, "54": 0.1522422473442439, "55": 0.1528036074247997, "56": 0.15286426456441204, "57": 0.1532849156587791, "58": 0.15306629198288038, "59": 0.15337670546338467, "60": 0.15395563497205622, "61": 0.1537119608546381, "62": 0.1545089614460508, "63": 0.15467401868729178, "64": 0.15466147739285174, "65": 0.15467164468228015, "66": 0.15399267876111766, "67": 0.1538013754843459, "68": 0.1539862767490389, "69": 0.15303263032636452, "70": 0.1532442168684658, "71": 0.1529275106277561, "72": 0.1525805275143601, "73": 0.1525399303807915, "74": 0.15220664783064725, "75": 0.15237948847417157, "76": 0.15296911435347368, "77": 0.15280177102089224, "78": 0.15276295500083073, "79": 0.15389871958881213, "80": 0.15282774264211843, "81": 0.1531057596968991, "82": 0.15241320169307704, "83": 0.15327919590385067, "84": 0.15246893562349412, "85": 0.15249476256870778, "86": 0.1527057812822886, "87": 0.1518755438393243, "88": 0.15312184544391236, "89": 0.15201193619263162, "90": 0.15287724092402807, "91": 0.15301323520947618, "92": 0.1541367004760875, "93": 0.153724487536857, "94": 0.1540542457715791, "95": 0.1541430077185549, "96": 0.15533620840356022, "97": 0.15504445425617294, "98": 0.15486590959325455, "99": 0.15531003489634876, "100": 0.15552540663843797}