{"1": 0.07203745408681134, "2": 0.1418986277711522, "3": 0.07091995700360428, "4": 0.0978718405540775, "5": 0.1078519072315144, "6": 0.19041478388604416, "7": 0.17736203574305529, "8": 0.2591314797066444, "9": 0.291396943061966, "10": 0.29074404085822275, "11": 0.29141203363071305, "12": 0.31912875713876143, "13": 0.33847498409631355, "14": 0.3558902737384, "15": 0.38370862503777453, "16": 0.3407684296685079, "17": 0.3284408487568861, "18": 0.3352485432720282, "19": 0.32541727583084545, "20": 0.3504670192667205, "21": 0.3705026724500996, "22": 0.4115420163386557, "23": 0.35920422856269274, "24": 0.3797204476526498, "25": 0.4228327787910427, "26": 0.397456288330492, "27": 0.4040058213773818, "28": 0.3766281063700591, "29": 0.3592988871148916, "30": 0.39302987529998984, "31": 0.4249330776164999, "32": 0.40580223889166644, "33": 0.4046150036678863, "34": 0.416438302121403, "35": 0.42570218727108194, "36": 0.42420150900050174, "37": 0.41223897420288075, "38": 0.3924198256834411, "39": 0.3716598050563435, "40": 0.39435218240246633, "41": 0.40563084803546334, "42": 0.4122577107938402, "43": 0.4077689660300941, "44": 0.4219900864613417, "45": 0.3810475022207207, "46": 0.39637305074984575, "47": 0.40786579524849814, "48": 0.4150774150164954, "49": 0.4306273284461647, "50": 0.3934386112823294, "51": 0.4565877233642715, "52": 0.4670754615135124, "53": 0.4585069030112329, "54": 0.44837125104088044, "55": 0.47791088375586593, "56": 0.47723104723066173, "57": 0.47377240284731675, "58": 0.4597655189618158, "59": 0.44689890808491606, "60": 0.4662383999210329, "61": 0.4314628076040564, "62": 0.42299673718866515, "63": 0.4236119777458213, "64": 0.4368001876945752, "65": 0.4425457973638759, "66": 0.4662437256450644, "67": 0.4372529852934314, "68": 0.457623126492521, "69": 0.48776061663691606, "70": 0.46997821217659536, "71": 0.4753724579931167, "72": 0.5168861098241548, "73": 0.5074712924509505, "74": 0.5369261632573148, "75": 0.5080467838982605, "76": 0.4962439789122372, "77": 0.5044916670546303, "78": 0.5151618745889197, "79": 0.5011907560400847, "80": 0.5249812427053148, "81": 0.498687977733451, "82": 0.5120812453263031, "83": 0.4931021591708233, "84": 0.5125685219657701, "85": 0.5035896908638171, "86": 0.4764887426883876, "87": 0.5202581344109806, "88": 0.48990487079002265, "89": 0.5069482916369632, "90": 0.5092272386690649, "91": 0.5282689822064462, "92": 0.5147295395063582, "93": 0.4850441983184481, "94": 0.5124215790066724, "95": 0.47553637936026755, "96": 0.43186340835858333, "97": 0.4143999161424229, "98": 0.40918398258225547, "99": 0.4166270754117478, "100": 0.4008471926827432}