{"1": 36.41975308641975, "2": 39.50617283950617, "3": 45.06172839506173, "4": 40.74074074074074, "5": 42.592592592592595, "6": 42.592592592592595, "7": 41.358024691358025, "8": 43.82716049382716, "9": 43.20987654320987, "10": 44.44444444444444, "11": 44.44444444444444, "12": 45.67901234567901, "13": 43.20987654320987, "14": 41.9753086419753, "15": 46.2962962962963, "16": 45.67901234567901, "17": 46.2962962962963, "18": 46.2962962962963, "19": 45.06172839506173, "20": 45.67901234567901, "21": 46.2962962962963, "22": 45.67901234567901, "23": 45.67901234567901, "24": 45.67901234567901, "25": 44.44444444444444, "26": 45.06172839506173, "27": 47.53086419753087, "28": 45.06172839506173, "29": 46.913580246913575, "30": 46.913580246913575, "31": 46.2962962962963, "32": 46.2962962962963, "33": 48.148148148148145, "34": 47.53086419753087, "35": 48.148148148148145, "36": 48.148148148148145, "37": 47.53086419753087, "38": 48.148148148148145, "39": 48.76543209876543, "40": 47.53086419753087, "41": 45.67901234567901, "42": 47.53086419753087, "43": 46.2962962962963, "44": 46.913580246913575, "45": 46.2962962962963, "46": 46.2962962962963, "47": 46.913580246913575, "48": 50.617283950617285, "49": 48.76543209876543, "50": 49.382716049382715, "51": 48.148148148148145, "52": 48.148148148148145, "53": 48.148148148148145, "54": 49.382716049382715, "55": 48.76543209876543, "56": 49.382716049382715, "57": 50.0, "58": 49.382716049382715, "59": 49.382716049382715, "60": 48.148148148148145, "61": 48.148148148148145, "62": 49.382716049382715, "63": 49.382716049382715, "64": 48.76543209876543, "65": 48.148148148148145, "66": 47.53086419753087, "67": 47.53086419753087, "68": 46.2962962962963, "69": 45.67901234567901, "70": 46.913580246913575, "71": 46.2962962962963, "72": 48.148148148148145, "73": 48.76543209876543, "74": 47.53086419753087, "75": 47.53086419753087, "76": 46.913580246913575, "77": 46.913580246913575, "78": 47.53086419753087, "79": 46.2962962962963, "80": 47.53086419753087, "81": 46.2962962962963, "82": 46.913580246913575, "83": 46.913580246913575, "84": 46.913580246913575, "85": 46.2962962962963, "86": 45.06172839506173, "87": 46.2962962962963, "88": 46.2962962962963, "89": 46.913580246913575, "90": 48.76543209876543, "91": 48.76543209876543, "92": 49.382716049382715, "93": 49.382716049382715, "94": 48.148148148148145, "95": 49.382716049382715, "96": 48.76543209876543, "97": 48.148148148148145, "98": 47.53086419753087, "99": 48.76543209876543, "100": 48.76543209876543}