{"1": 57.14285714285714, "2": 58.24175824175825, "3": 67.03296703296702, "4": 70.32967032967034, "5": 70.32967032967034, "6": 71.42857142857143, "7": 69.23076923076923, "8": 68.13186813186813, "9": 67.03296703296702, "10": 67.03296703296702, "11": 61.53846153846154, "12": 63.73626373626373, "13": 59.34065934065934, "14": 64.83516483516483, "15": 61.53846153846154, "16": 60.43956043956044, "17": 59.34065934065934, "18": 56.043956043956044, "19": 59.34065934065934, "20": 61.53846153846154, "21": 61.53846153846154, "22": 59.34065934065934, "23": 61.53846153846154, "24": 59.34065934065934, "25": 62.637362637362635, "26": 61.53846153846154, "27": 62.637362637362635, "28": 63.73626373626373, "29": 63.73626373626373, "30": 62.637362637362635, "31": 62.637362637362635, "32": 58.24175824175825, "33": 59.34065934065934, "34": 62.637362637362635, "35": 62.637362637362635, "36": 62.637362637362635, "37": 61.53846153846154, "38": 62.637362637362635, "39": 65.93406593406593, "40": 65.93406593406593, "41": 65.93406593406593, "42": 64.83516483516483, "43": 61.53846153846154, "44": 61.53846153846154, "45": 62.637362637362635, "46": 62.637362637362635, "47": 68.13186813186813, "48": 61.53846153846154, "49": 62.637362637362635, "50": 62.637362637362635, "51": 60.43956043956044, "52": 62.637362637362635, "53": 63.73626373626373, "54": 63.73626373626373, "55": 63.73626373626373, "56": 67.03296703296702, "57": 62.637362637362635, "58": 63.73626373626373, "59": 64.83516483516483, "60": 62.637362637362635, "61": 64.83516483516483, "62": 65.93406593406593, "63": 62.637362637362635, "64": 63.73626373626373, "65": 63.73626373626373, "66": 63.73626373626373, "67": 69.23076923076923, "68": 65.93406593406593, "69": 62.637362637362635, "70": 63.73626373626373, "71": 69.23076923076923, "72": 70.32967032967034, "73": 65.93406593406593, "74": 67.03296703296702, "75": 68.13186813186813, "76": 71.42857142857143, "77": 67.03296703296702, "78": 67.03296703296702, "79": 68.13186813186813, "80": 67.03296703296702, "81": 67.03296703296702, "82": 68.13186813186813, "83": 69.23076923076923, "84": 69.23076923076923, "85": 69.23076923076923, "86": 69.23076923076923, "87": 69.23076923076923, "88": 69.23076923076923, "89": 68.13186813186813, "90": 68.13186813186813, "91": 65.93406593406593, "92": 67.03296703296702, "93": 65.93406593406593, "94": 70.32967032967034, "95": 69.23076923076923, "96": 69.23076923076923, "97": 70.32967032967034, "98": 63.73626373626373, "99": 65.93406593406593, "100": 67.03296703296702}