{"1": 37.34177215189873, "2": 38.607594936708864, "3": 41.139240506329116, "4": 41.77215189873418, "5": 46.20253164556962, "6": 46.835443037974684, "7": 48.734177215189874, "8": 50.0, "9": 45.56962025316456, "10": 45.56962025316456, "11": 44.936708860759495, "12": 45.56962025316456, "13": 42.405063291139236, "14": 46.20253164556962, "15": 47.46835443037975, "16": 42.405063291139236, "17": 42.405063291139236, "18": 38.607594936708864, "19": 42.405063291139236, "20": 43.67088607594937, "21": 41.139240506329116, "22": 43.037974683544306, "23": 42.405063291139236, "24": 40.50632911392405, "25": 39.87341772151899, "26": 40.50632911392405, "27": 41.77215189873418, "28": 44.303797468354425, "29": 44.303797468354425, "30": 44.303797468354425, "31": 44.936708860759495, "32": 47.46835443037975, "33": 44.936708860759495, "34": 45.56962025316456, "35": 44.303797468354425, "36": 46.20253164556962, "37": 45.56962025316456, "38": 44.936708860759495, "39": 43.67088607594937, "40": 46.20253164556962, "41": 44.303797468354425, "42": 44.303797468354425, "43": 46.20253164556962, "44": 46.835443037974684, "45": 44.936708860759495, "46": 46.20253164556962, "47": 44.936708860759495, "48": 46.20253164556962, "49": 46.835443037974684, "50": 46.20253164556962, "51": 43.67088607594937, "52": 46.20253164556962, "53": 42.405063291139236, "54": 45.56962025316456, "55": 43.67088607594937, "56": 45.56962025316456, "57": 43.67088607594937, "58": 44.303797468354425, "59": 43.037974683544306, "60": 44.936708860759495, "61": 44.303797468354425, "62": 45.56962025316456, "63": 43.67088607594937, "64": 43.037974683544306, "65": 44.936708860759495, "66": 46.20253164556962, "67": 47.46835443037975, "68": 45.56962025316456, "69": 46.835443037974684, "70": 45.56962025316456, "71": 46.20253164556962, "72": 43.67088607594937, "73": 46.20253164556962, "74": 46.835443037974684, "75": 48.10126582278481, "76": 48.734177215189874, "77": 48.10126582278481, "78": 46.835443037974684, "79": 44.936708860759495, "80": 48.10126582278481, "81": 46.20253164556962, "82": 46.835443037974684, "83": 46.835443037974684, "84": 48.734177215189874, "85": 49.36708860759494, "86": 48.10126582278481, "87": 48.734177215189874, "88": 47.46835443037975, "89": 48.10126582278481, "90": 48.10126582278481, "91": 46.835443037974684, "92": 46.835443037974684, "93": 48.734177215189874, "94": 51.26582278481012, "95": 50.0, "96": 50.0, "97": 47.46835443037975, "98": 46.20253164556962, "99": 48.10126582278481, "100": 45.56962025316456}