{"1": 37.5, "2": 41.34615384615385, "3": 44.230769230769226, "4": 41.34615384615385, "5": 46.15384615384615, "6": 46.15384615384615, "7": 46.15384615384615, "8": 48.07692307692308, "9": 47.11538461538461, "10": 48.07692307692308, "11": 49.03846153846153, "12": 48.07692307692308, "13": 48.07692307692308, "14": 48.07692307692308, "15": 49.03846153846153, "16": 46.15384615384615, "17": 47.11538461538461, "18": 43.269230769230774, "19": 48.07692307692308, "20": 47.11538461538461, "21": 45.19230769230769, "22": 44.230769230769226, "23": 48.07692307692308, "24": 42.30769230769231, "25": 44.230769230769226, "26": 45.19230769230769, "27": 46.15384615384615, "28": 43.269230769230774, "29": 46.15384615384615, "30": 46.15384615384615, "31": 45.19230769230769, "32": 48.07692307692308, "33": 44.230769230769226, "34": 43.269230769230774, "35": 43.269230769230774, "36": 45.19230769230769, "37": 46.15384615384615, "38": 46.15384615384615, "39": 45.19230769230769, "40": 45.19230769230769, "41": 43.269230769230774, "42": 44.230769230769226, "43": 47.11538461538461, "44": 46.15384615384615, "45": 45.19230769230769, "46": 45.19230769230769, "47": 45.19230769230769, "48": 47.11538461538461, "49": 47.11538461538461, "50": 45.19230769230769, "51": 44.230769230769226, "52": 46.15384615384615, "53": 42.30769230769231, "54": 43.269230769230774, "55": 41.34615384615385, "56": 44.230769230769226, "57": 44.230769230769226, "58": 43.269230769230774, "59": 41.34615384615385, "60": 41.34615384615385, "61": 41.34615384615385, "62": 41.34615384615385, "63": 43.269230769230774, "64": 42.30769230769231, "65": 43.269230769230774, "66": 43.269230769230774, "67": 45.19230769230769, "68": 43.269230769230774, "69": 44.230769230769226, "70": 45.19230769230769, "71": 45.19230769230769, "72": 42.30769230769231, "73": 44.230769230769226, "74": 45.19230769230769, "75": 45.19230769230769, "76": 46.15384615384615, "77": 47.11538461538461, "78": 48.07692307692308, "79": 44.230769230769226, "80": 47.11538461538461, "81": 43.269230769230774, "82": 43.269230769230774, "83": 47.11538461538461, "84": 46.15384615384615, "85": 45.19230769230769, "86": 44.230769230769226, "87": 46.15384615384615, "88": 47.11538461538461, "89": 47.11538461538461, "90": 49.03846153846153, "91": 48.07692307692308, "92": 48.07692307692308, "93": 48.07692307692308, "94": 49.03846153846153, "95": 49.03846153846153, "96": 47.11538461538461, "97": 46.15384615384615, "98": 44.230769230769226, "99": 47.11538461538461, "100": 44.230769230769226}