{"1": 37.65432098765432, "2": 41.358024691358025, "3": 45.06172839506173, "4": 44.44444444444444, "5": 46.2962962962963, "6": 43.82716049382716, "7": 42.592592592592595, "8": 46.913580246913575, "9": 46.2962962962963, "10": 44.44444444444444, "11": 44.44444444444444, "12": 47.53086419753087, "13": 49.382716049382715, "14": 46.913580246913575, "15": 45.06172839506173, "16": 46.913580246913575, "17": 46.2962962962963, "18": 46.2962962962963, "19": 46.2962962962963, "20": 45.67901234567901, "21": 48.148148148148145, "22": 46.2962962962963, "23": 46.913580246913575, "24": 46.913580246913575, "25": 46.2962962962963, "26": 45.06172839506173, "27": 46.2962962962963, "28": 44.44444444444444, "29": 47.53086419753087, "30": 47.53086419753087, "31": 48.76543209876543, "32": 45.67901234567901, "33": 46.913580246913575, "34": 46.913580246913575, "35": 48.76543209876543, "36": 46.2962962962963, "37": 44.44444444444444, "38": 47.53086419753087, "39": 45.67901234567901, "40": 45.67901234567901, "41": 46.913580246913575, "42": 46.913580246913575, "43": 47.53086419753087, "44": 46.913580246913575, "45": 50.617283950617285, "46": 48.148148148148145, "47": 50.0, "48": 48.76543209876543, "49": 48.148148148148145, "50": 50.0, "51": 47.53086419753087, "52": 45.67901234567901, "53": 46.913580246913575, "54": 48.148148148148145, "55": 48.148148148148145, "56": 48.148148148148145, "57": 48.148148148148145, "58": 48.76543209876543, "59": 46.913580246913575, "60": 47.53086419753087, "61": 48.76543209876543, "62": 48.148148148148145, "63": 49.382716049382715, "64": 50.0, "65": 49.382716049382715, "66": 47.53086419753087, "67": 48.76543209876543, "68": 46.913580246913575, "69": 48.76543209876543, "70": 47.53086419753087, "71": 47.53086419753087, "72": 48.148148148148145, "73": 47.53086419753087, "74": 47.53086419753087, "75": 48.148148148148145, "76": 48.76543209876543, "77": 50.0, "78": 50.0, "79": 50.617283950617285, "80": 50.0, "81": 49.382716049382715, "82": 50.617283950617285, "83": 51.23456790123457, "84": 50.617283950617285, "85": 51.23456790123457, "86": 50.617283950617285, "87": 50.0, "88": 50.0, "89": 51.23456790123457, "90": 51.85185185185185, "91": 51.85185185185185, "92": 52.46913580246913, "93": 52.46913580246913, "94": 51.85185185185185, "95": 53.086419753086425, "96": 52.46913580246913, "97": 52.46913580246913, "98": 52.46913580246913, "99": 51.85185185185185, "100": 52.46913580246913}