{"1": 43.75, "2": 43.75, "3": 41.66666666666667, "4": 41.66666666666667, "5": 47.91666666666667, "6": 52.083333333333336, "7": 47.91666666666667, "8": 50.0, "9": 45.83333333333333, "10": 45.83333333333333, "11": 47.91666666666667, "12": 54.166666666666664, "13": 52.083333333333336, "14": 47.91666666666667, "15": 52.083333333333336, "16": 54.166666666666664, "17": 52.083333333333336, "18": 45.83333333333333, "19": 50.0, "20": 47.91666666666667, "21": 45.83333333333333, "22": 50.0, "23": 45.83333333333333, "24": 47.91666666666667, "25": 47.91666666666667, "26": 50.0, "27": 50.0, "28": 47.91666666666667, "29": 52.083333333333336, "30": 52.083333333333336, "31": 54.166666666666664, "32": 50.0, "33": 50.0, "34": 50.0, "35": 52.083333333333336, "36": 50.0, "37": 47.91666666666667, "38": 50.0, "39": 45.83333333333333, "40": 52.083333333333336, "41": 52.083333333333336, "42": 52.083333333333336, "43": 50.0, "44": 52.083333333333336, "45": 54.166666666666664, "46": 52.083333333333336, "47": 54.166666666666664, "48": 52.083333333333336, "49": 52.083333333333336, "50": 52.083333333333336, "51": 52.083333333333336, "52": 52.083333333333336, "53": 50.0, "54": 52.083333333333336, "55": 50.0, "56": 50.0, "57": 52.083333333333336, "58": 52.083333333333336, "59": 52.083333333333336, "60": 50.0, "61": 52.083333333333336, "62": 50.0, "63": 50.0, "64": 50.0, "65": 54.166666666666664, "66": 50.0, "67": 52.083333333333336, "68": 47.91666666666667, "69": 50.0, "70": 47.91666666666667, "71": 50.0, "72": 47.91666666666667, "73": 54.166666666666664, "74": 52.083333333333336, "75": 56.25, "76": 54.166666666666664, "77": 54.166666666666664, "78": 50.0, "79": 47.91666666666667, "80": 52.083333333333336, "81": 52.083333333333336, "82": 47.91666666666667, "83": 47.91666666666667, "84": 52.083333333333336, "85": 50.0, "86": 52.083333333333336, "87": 52.083333333333336, "88": 52.083333333333336, "89": 52.083333333333336, "90": 52.083333333333336, "91": 52.083333333333336, "92": 54.166666666666664, "93": 52.083333333333336, "94": 54.166666666666664, "95": 54.166666666666664, "96": 52.083333333333336, "97": 50.0, "98": 54.166666666666664, "99": 54.166666666666664, "100": 54.166666666666664}