{"1": 13.513513513513514, "2": 21.62162162162162, "3": 24.324324324324326, "4": 32.432432432432435, "5": 18.91891891891892, "6": 18.91891891891892, "7": 21.62162162162162, "8": 21.62162162162162, "9": 18.91891891891892, "10": 21.62162162162162, "11": 24.324324324324326, "12": 29.72972972972973, "13": 27.027027027027028, "14": 32.432432432432435, "15": 35.13513513513514, "16": 35.13513513513514, "17": 35.13513513513514, "18": 32.432432432432435, "19": 32.432432432432435, "20": 32.432432432432435, "21": 37.83783783783784, "22": 40.54054054054054, "23": 35.13513513513514, "24": 35.13513513513514, "25": 35.13513513513514, "26": 37.83783783783784, "27": 35.13513513513514, "28": 35.13513513513514, "29": 32.432432432432435, "30": 37.83783783783784, "31": 37.83783783783784, "32": 37.83783783783784, "33": 37.83783783783784, "34": 37.83783783783784, "35": 43.24324324324324, "36": 40.54054054054054, "37": 40.54054054054054, "38": 43.24324324324324, "39": 45.94594594594595, "40": 45.94594594594595, "41": 45.94594594594595, "42": 48.64864864864865, "43": 48.64864864864865, "44": 43.24324324324324, "45": 43.24324324324324, "46": 45.94594594594595, "47": 54.054054054054056, "48": 48.64864864864865, "49": 51.35135135135135, "50": 48.64864864864865, "51": 51.35135135135135, "52": 45.94594594594595, "53": 48.64864864864865, "54": 48.64864864864865, "55": 48.64864864864865, "56": 48.64864864864865, "57": 48.64864864864865, "58": 48.64864864864865, "59": 51.35135135135135, "60": 48.64864864864865, "61": 48.64864864864865, "62": 51.35135135135135, "63": 51.35135135135135, "64": 51.35135135135135, "65": 54.054054054054056, "66": 54.054054054054056, "67": 54.054054054054056, "68": 54.054054054054056, "69": 56.75675675675676, "70": 56.75675675675676, "71": 56.75675675675676, "72": 59.45945945945946, "73": 56.75675675675676, "74": 56.75675675675676, "75": 56.75675675675676, "76": 56.75675675675676, "77": 59.45945945945946, "78": 59.45945945945946, "79": 59.45945945945946, "80": 59.45945945945946, "81": 59.45945945945946, "82": 56.75675675675676, "83": 59.45945945945946, "84": 59.45945945945946, "85": 56.75675675675676, "86": 59.45945945945946, "87": 59.45945945945946, "88": 59.45945945945946, "89": 59.45945945945946, "90": 59.45945945945946, "91": 59.45945945945946, "92": 59.45945945945946, "93": 59.45945945945946, "94": 56.75675675675676, "95": 54.054054054054056, "96": 54.054054054054056, "97": 45.94594594594595, "98": 43.24324324324324, "99": 43.24324324324324, "100": 45.94594594594595}