{"1": 45.83333333333333, "2": 56.25, "3": 47.91666666666667, "4": 43.75, "5": 52.083333333333336, "6": 50.0, "7": 52.083333333333336, "8": 45.83333333333333, "9": 52.083333333333336, "10": 47.91666666666667, "11": 52.083333333333336, "12": 43.75, "13": 43.75, "14": 47.91666666666667, "15": 47.91666666666667, "16": 52.083333333333336, "17": 47.91666666666667, "18": 54.166666666666664, "19": 41.66666666666667, "20": 45.83333333333333, "21": 45.83333333333333, "22": 39.58333333333333, "23": 54.166666666666664, "24": 43.75, "25": 43.75, "26": 50.0, "27": 50.0, "28": 47.91666666666667, "29": 47.91666666666667, "30": 50.0, "31": 50.0, "32": 50.0, "33": 52.083333333333336, "34": 47.91666666666667, "35": 50.0, "36": 50.0, "37": 45.83333333333333, "38": 43.75, "39": 45.83333333333333, "40": 45.83333333333333, "41": 47.91666666666667, "42": 50.0, "43": 45.83333333333333, "44": 45.83333333333333, "45": 45.83333333333333, "46": 45.83333333333333, "47": 47.91666666666667, "48": 45.83333333333333, "49": 41.66666666666667, "50": 47.91666666666667, "51": 45.83333333333333, "52": 43.75, "53": 41.66666666666667, "54": 43.75, "55": 43.75, "56": 45.83333333333333, "57": 43.75, "58": 41.66666666666667, "59": 41.66666666666667, "60": 43.75, "61": 41.66666666666667, "62": 43.75, "63": 50.0, "64": 45.83333333333333, "65": 47.91666666666667, "66": 47.91666666666667, "67": 45.83333333333333, "68": 41.66666666666667, "69": 45.83333333333333, "70": 45.83333333333333, "71": 41.66666666666667, "72": 39.58333333333333, "73": 41.66666666666667, "74": 43.75, "75": 41.66666666666667, "76": 43.75, "77": 43.75, "78": 45.83333333333333, "79": 45.83333333333333, "80": 45.83333333333333, "81": 43.75, "82": 43.75, "83": 45.83333333333333, "84": 45.83333333333333, "85": 43.75, "86": 45.83333333333333, "87": 45.83333333333333, "88": 47.91666666666667, "89": 45.83333333333333, "90": 45.83333333333333, "91": 43.75, "92": 47.91666666666667, "93": 47.91666666666667, "94": 47.91666666666667, "95": 45.83333333333333, "96": 45.83333333333333, "97": 47.91666666666667, "98": 47.91666666666667, "99": 47.91666666666667, "100": 45.83333333333333}