{"1": 50.0, "2": 52.083333333333336, "3": 54.166666666666664, "4": 52.083333333333336, "5": 54.166666666666664, "6": 54.166666666666664, "7": 54.166666666666664, "8": 54.166666666666664, "9": 54.166666666666664, "10": 56.25, "11": 54.166666666666664, "12": 56.25, "13": 58.333333333333336, "14": 60.416666666666664, "15": 60.416666666666664, "16": 58.333333333333336, "17": 56.25, "18": 56.25, "19": 54.166666666666664, "20": 52.083333333333336, "21": 54.166666666666664, "22": 54.166666666666664, "23": 54.166666666666664, "24": 54.166666666666664, "25": 54.166666666666664, "26": 54.166666666666664, "27": 52.083333333333336, "28": 56.25, "29": 52.083333333333336, "30": 54.166666666666664, "31": 54.166666666666664, "32": 52.083333333333336, "33": 56.25, "34": 52.083333333333336, "35": 54.166666666666664, "36": 56.25, "37": 54.166666666666664, "38": 56.25, "39": 56.25, "40": 58.333333333333336, "41": 54.166666666666664, "42": 56.25, "43": 56.25, "44": 54.166666666666664, "45": 54.166666666666664, "46": 54.166666666666664, "47": 54.166666666666664, "48": 54.166666666666664, "49": 52.083333333333336, "50": 54.166666666666664, "51": 54.166666666666664, "52": 52.083333333333336, "53": 54.166666666666664, "54": 56.25, "55": 52.083333333333336, "56": 54.166666666666664, "57": 54.166666666666664, "58": 54.166666666666664, "59": 56.25, "60": 54.166666666666664, "61": 54.166666666666664, "62": 54.166666666666664, "63": 54.166666666666664, "64": 56.25, "65": 54.166666666666664, "66": 56.25, "67": 56.25, "68": 58.333333333333336, "69": 56.25, "70": 56.25, "71": 56.25, "72": 54.166666666666664, "73": 56.25, "74": 56.25, "75": 54.166666666666664, "76": 54.166666666666664, "77": 54.166666666666664, "78": 56.25, "79": 56.25, "80": 56.25, "81": 58.333333333333336, "82": 58.333333333333336, "83": 56.25, "84": 56.25, "85": 54.166666666666664, "86": 54.166666666666664, "87": 56.25, "88": 54.166666666666664, "89": 56.25, "90": 54.166666666666664, "91": 54.166666666666664, "92": 54.166666666666664, "93": 54.166666666666664, "94": 58.333333333333336, "95": 56.25, "96": 56.25, "97": 56.25, "98": 56.25, "99": 56.25, "100": 56.25}