{"1": 40.54054054054054, "2": 21.62162162162162, "3": 27.027027027027028, "4": 32.432432432432435, "5": 40.54054054054054, "6": 29.72972972972973, "7": 29.72972972972973, "8": 32.432432432432435, "9": 29.72972972972973, "10": 27.027027027027028, "11": 24.324324324324326, "12": 21.62162162162162, "13": 24.324324324324326, "14": 27.027027027027028, "15": 21.62162162162162, "16": 21.62162162162162, "17": 24.324324324324326, "18": 27.027027027027028, "19": 24.324324324324326, "20": 18.91891891891892, "21": 18.91891891891892, "22": 21.62162162162162, "23": 24.324324324324326, "24": 21.62162162162162, "25": 24.324324324324326, "26": 18.91891891891892, "27": 27.027027027027028, "28": 21.62162162162162, "29": 29.72972972972973, "30": 27.027027027027028, "31": 29.72972972972973, "32": 18.91891891891892, "33": 21.62162162162162, "34": 29.72972972972973, "35": 24.324324324324326, "36": 24.324324324324326, "37": 32.432432432432435, "38": 43.24324324324324, "39": 40.54054054054054, "40": 29.72972972972973, "41": 27.027027027027028, "42": 21.62162162162162, "43": 35.13513513513514, "44": 32.432432432432435, "45": 40.54054054054054, "46": 29.72972972972973, "47": 29.72972972972973, "48": 37.83783783783784, "49": 37.83783783783784, "50": 40.54054054054054, "51": 29.72972972972973, "52": 37.83783783783784, "53": 40.54054054054054, "54": 43.24324324324324, "55": 35.13513513513514, "56": 37.83783783783784, "57": 24.324324324324326, "58": 29.72972972972973, "59": 29.72972972972973, "60": 27.027027027027028, "61": 32.432432432432435, "62": 29.72972972972973, "63": 21.62162162162162, "64": 29.72972972972973, "65": 27.027027027027028, "66": 35.13513513513514, "67": 35.13513513513514, "68": 40.54054054054054, "69": 29.72972972972973, "70": 40.54054054054054, "71": 40.54054054054054, "72": 40.54054054054054, "73": 37.83783783783784, "74": 37.83783783783784, "75": 43.24324324324324, "76": 37.83783783783784, "77": 40.54054054054054, "78": 40.54054054054054, "79": 37.83783783783784, "80": 40.54054054054054, "81": 40.54054054054054, "82": 43.24324324324324, "83": 35.13513513513514, "84": 37.83783783783784, "85": 29.72972972972973, "86": 40.54054054054054, "87": 27.027027027027028, "88": 40.54054054054054, "89": 35.13513513513514, "90": 40.54054054054054, "91": 27.027027027027028, "92": 27.027027027027028, "93": 21.62162162162162, "94": 21.62162162162162, "95": 27.027027027027028, "96": 24.324324324324326, "97": 35.13513513513514, "98": 24.324324324324326, "99": 21.62162162162162, "100": 29.72972972972973}