{"1": 0.14483423901079423, "2": 0.14175195066412147, "3": 0.13108230723325465, "4": 0.12293014490291762, "5": 0.12582802444148228, "6": 0.1300747142504399, "7": 0.1315793898680272, "8": 0.136343444383711, "9": 0.13954563989111762, "10": 0.1356217686988494, "11": 0.13284106211559088, "12": 0.1498404027131362, "13": 0.13898886630138685, "14": 0.13831359286513614, "15": 0.14022296004376078, "16": 0.1479208927930194, "17": 0.13818916894888986, "18": 0.1402037136303808, "19": 0.1379877345571966, "20": 0.13962688007383808, "21": 0.136453790169057, "22": 0.12937887667625575, "23": 0.127913431883803, "24": 0.12540474694413603, "25": 0.12656533224107286, "26": 0.12360090268994012, "27": 0.12312390787016295, "28": 0.12013503341553283, "29": 0.12626618790744776, "30": 0.12856171983524817, "31": 0.12248820343877374, "32": 0.11896145707954564, "33": 0.12277597298174055, "34": 0.11954699968092716, "35": 0.12250871258115124, "36": 0.12414746800912352, "37": 0.1335753747254984, "38": 0.1303035756040855, "39": 0.12313732260080516, "40": 0.1311902463246975, "41": 0.12244331869266374, "42": 0.12775468116092192, "43": 0.13220554186443556, "44": 0.13579818265179938, "45": 0.1375905943442025, "46": 0.12556668098421053, "47": 0.1243255340368908, "48": 0.12780797450184586, "49": 0.12757907227573265, "50": 0.12767253303214876, "51": 0.13648198956072405, "52": 0.12776689995511994, "53": 0.13025486081860177, "54": 0.12375275617223522, "55": 0.13118364004332328, "56": 0.13513096171825095, "57": 0.13246118523161163, "58": 0.13463314693493003, "59": 0.13455092478029826, "60": 0.13084453499457277, "61": 0.13705260805722744, "62": 0.12577986421388715, "63": 0.1355633939294713, "64": 0.13100428499736927, "65": 0.13163471319006323, "66": 0.12454519257374308, "67": 0.12327789276617934, "68": 0.12644231750790275, "69": 0.11997745855118458, "70": 0.12114193435797041, "71": 0.1218764830929498, "72": 0.1198504021815609, "73": 0.12070624047397477, "74": 0.12221264010206856, "75": 0.12324911808119124, "76": 0.12195691913858925, "77": 0.12220288024377904, "78": 0.12221925533080413, "79": 0.12187360622973405, "80": 0.12285465691589395, "81": 0.12441217539825931, "82": 0.12528267728557152, "83": 0.12230758474627325, "84": 0.12230486291945081, "85": 0.12482451833910403, "86": 0.12346524277788325, "87": 0.12216272228344272, "88": 0.12149106607678763, "89": 0.1232253292046833, "90": 0.1217231341109454, "91": 0.12379352853993913, "92": 0.12374726339135579, "93": 0.12242420192968573, "94": 0.12621352162143373, "95": 0.13479785873853628, "96": 0.12946629190380718, "97": 0.12597137345521284, "98": 0.12449028612280502, "99": 0.125336412118838, "100": 0.12384466256792359}