{"1": 0.29396098587583047, "2": 0.26626778019390684, "3": 0.2600099761736634, "4": 0.2511175508044595, "5": 0.24783599044227397, "6": 0.2508487669354644, "7": 0.24415236933915907, "8": 0.2435076796169694, "9": 0.24574326048420658, "10": 0.2428389564382921, "11": 0.24198876861631433, "12": 0.24025910405993187, "13": 0.24064026614486908, "14": 0.24341582624707564, "15": 0.23927609199397326, "16": 0.23763108663879312, "17": 0.23993962067525956, "18": 0.23990557627659642, "19": 0.23772400172347347, "20": 0.23785978381006495, "21": 0.23500618399544423, "22": 0.23616848209561775, "23": 0.23363805163091464, "24": 0.23169322523644045, "25": 0.23294646658406984, "26": 0.2363688564982893, "27": 0.23495188740193598, "28": 0.23724714179873993, "29": 0.23367903854717992, "30": 0.23500199506775074, "31": 0.23334540081405708, "32": 0.23542575018158546, "33": 0.23390457683462115, "34": 0.23427442071834234, "35": 0.23576001781257958, "36": 0.23662051463805653, "37": 0.23581777128717524, "38": 0.23372747112966114, "39": 0.23490938936050493, "40": 0.23718799282405797, "41": 0.23555795854439499, "42": 0.23683811962178478, "43": 0.2339012796811275, "44": 0.2332327950598136, "45": 0.23182516668406894, "46": 0.2323553473738242, "47": 0.23176045417826113, "48": 0.22941442143831825, "49": 0.23155696154744337, "50": 0.2307575152576849, "51": 0.230932256707885, "52": 0.23211394276090952, "53": 0.23160655788301834, "54": 0.2313177580618002, "55": 0.23194448767559986, "56": 0.23149943332870504, "57": 0.23140367306079423, "58": 0.231143476527042, "59": 0.23374468251370634, "60": 0.23185826612521485, "61": 0.23281262323559937, "62": 0.233289827461187, "63": 0.22894018582372735, "64": 0.23071426834778028, "65": 0.23121022481327283, "66": 0.23242318674097323, "67": 0.23130569202927884, "68": 0.23120144825506303, "69": 0.23137642033836045, "70": 0.23172143954337399, "71": 0.23126059158823192, "72": 0.23146594827893663, "73": 0.231305706771072, "74": 0.2311514064662121, "75": 0.23068947787122618, "76": 0.22920665469618023, "77": 0.22888845731070542, "78": 0.22942512292988324, "79": 0.2295768171307078, "80": 0.23058121881892804, "81": 0.22996807190253654, "82": 0.22896880051990645, "83": 0.22872073509862478, "84": 0.229574593469112, "85": 0.2288381664751255, "86": 0.23005582298633012, "87": 0.23018754466532912, "88": 0.22967699050576584, "89": 0.22976467159594405, "90": 0.22857144426731363, "91": 0.22847292576719208, "92": 0.22795053042859223, "93": 0.2280738804665218, "94": 0.2284130625266736, "95": 0.22785810234317583, "96": 0.22749393509562535, "97": 0.22753906765769963, "98": 0.22854777371152715, "99": 0.22919100730477088, "100": 0.22952253882202509}