{"1": 0.30954326901438717, "2": 0.25883627567250167, "3": 0.2222425098816482, "4": 0.216760690042132, "5": 0.21240561438131397, "6": 0.217089795559142, "7": 0.22703028176451273, "8": 0.22000513806657188, "9": 0.2104000574050455, "10": 0.2057095446190284, "11": 0.20309091938310103, "12": 0.1962312204854793, "13": 0.19733599358916337, "14": 0.1927289401467763, "15": 0.19113958471275425, "16": 0.19017052934010037, "17": 0.187951444670529, "18": 0.18854109943515196, "19": 0.18788475352472292, "20": 0.18832104362005805, "21": 0.18633195013508116, "22": 0.18486101432812305, "23": 0.18505353117069176, "24": 0.18546703489977653, "25": 0.18115820261953147, "26": 0.178943545916746, "27": 0.17893430490282083, "28": 0.17671868967209797, "29": 0.17950076032859302, "30": 0.17852259355430986, "31": 0.17443614590125314, "32": 0.17330318469474218, "33": 0.17469682888897684, "34": 0.17352736165675253, "35": 0.17154955237725683, "36": 0.173995344562943, "37": 0.1731363936773304, "38": 0.17356143222691894, "39": 0.17272629437864234, "40": 0.16977375545617945, "41": 0.16892954149712297, "42": 0.16874304865827142, "43": 0.17023680706021593, "44": 0.1714859523720676, "45": 0.1703732499306491, "46": 0.16838158520254806, "47": 0.16645830415580715, "48": 0.16870070710343543, "49": 0.1669918699332876, "50": 0.16859433402046395, "51": 0.1663929429445774, "52": 0.16734608316817987, "53": 0.16856994538742584, "54": 0.16761581594613476, "55": 0.1684049371480703, "56": 0.16874983819042882, "57": 0.16922668339017516, "58": 0.16958243277905366, "59": 0.16941816843415014, "60": 0.1721427919190959, "61": 0.17193306413471235, "62": 0.16991938113699845, "63": 0.16869250750508427, "64": 0.16757009203437262, "65": 0.16595346176899078, "66": 0.16635088999497505, "67": 0.1654451074929418, "68": 0.16672286099663086, "69": 0.16556037753010108, "70": 0.1663535900775892, "71": 0.1648402626250635, "72": 0.16387236053457258, "73": 0.16439698337527558, "74": 0.16395063238052923, "75": 0.16330681425261853, "76": 0.16260548413814654, "77": 0.1627663207345213, "78": 0.16188165998893111, "79": 0.16214704554690113, "80": 0.16170054251363658, "81": 0.16187059065360754, "82": 0.16043721077598183, "83": 0.1607538917639102, "84": 0.15954824499781495, "85": 0.15877067415135707, "86": 0.1589382718174118, "87": 0.1591667921352397, "88": 0.1574614618554534, "89": 0.15703640032413366, "90": 0.1563539013686281, "91": 0.15701796714457616, "92": 0.15758342333618994, "93": 0.15727269965759047, "94": 0.15758952211316019, "95": 0.15807113404467996, "96": 0.15881378035221047, "97": 0.1599535947764716, "98": 0.16210393658898503, "99": 0.16235572755744168, "100": 0.16519512425027552}