{"1": 59.154929577464785, "2": 57.74647887323944, "3": 54.929577464788736, "4": 58.45070422535211, "5": 59.859154929577464, "6": 64.08450704225352, "7": 61.97183098591549, "8": 61.97183098591549, "9": 61.267605633802816, "10": 60.56338028169014, "11": 61.97183098591549, "12": 62.676056338028175, "13": 61.267605633802816, "14": 64.08450704225352, "15": 61.267605633802816, "16": 61.267605633802816, "17": 60.56338028169014, "18": 60.56338028169014, "19": 61.267605633802816, "20": 62.676056338028175, "21": 60.56338028169014, "22": 60.56338028169014, "23": 59.859154929577464, "24": 59.859154929577464, "25": 59.154929577464785, "26": 62.676056338028175, "27": 59.859154929577464, "28": 61.267605633802816, "29": 60.56338028169014, "30": 61.267605633802816, "31": 60.56338028169014, "32": 62.676056338028175, "33": 61.97183098591549, "34": 62.676056338028175, "35": 61.267605633802816, "36": 61.267605633802816, "37": 63.38028169014085, "38": 64.08450704225352, "39": 64.08450704225352, "40": 63.38028169014085, "41": 63.38028169014085, "42": 62.676056338028175, "43": 61.97183098591549, "44": 64.08450704225352, "45": 63.38028169014085, "46": 63.38028169014085, "47": 63.38028169014085, "48": 63.38028169014085, "49": 61.267605633802816, "50": 61.267605633802816, "51": 63.38028169014085, "52": 63.38028169014085, "53": 64.08450704225352, "54": 63.38028169014085, "55": 61.97183098591549, "56": 61.267605633802816, "57": 59.859154929577464, "58": 59.859154929577464, "59": 59.859154929577464, "60": 60.56338028169014, "61": 60.56338028169014, "62": 61.97183098591549, "63": 62.676056338028175, "64": 62.676056338028175, "65": 61.97183098591549, "66": 59.859154929577464, "67": 61.267605633802816, "68": 60.56338028169014, "69": 61.267605633802816, "70": 60.56338028169014, "71": 62.676056338028175, "72": 62.676056338028175, "73": 61.267605633802816, "74": 61.267605633802816, "75": 60.56338028169014, "76": 61.267605633802816, "77": 60.56338028169014, "78": 61.267605633802816, "79": 60.56338028169014, "80": 59.859154929577464, "81": 59.154929577464785, "82": 60.56338028169014, "83": 60.56338028169014, "84": 59.859154929577464, "85": 59.859154929577464, "86": 59.859154929577464, "87": 61.267605633802816, "88": 60.56338028169014, "89": 61.267605633802816, "90": 60.56338028169014, "91": 60.56338028169014, "92": 61.267605633802816, "93": 61.97183098591549, "94": 61.97183098591549, "95": 61.97183098591549, "96": 61.267605633802816, "97": 61.267605633802816, "98": 60.56338028169014, "99": 59.859154929577464, "100": 56.33802816901409}