{"1": 0.22179474428258386, "2": 0.20245243246520617, "3": 0.2050620092100249, "4": 0.2428666487842287, "5": 0.18575626909972318, "6": 0.18741920284563401, "7": 0.18851343038970883, "8": 0.18830151302766307, "9": 0.18627517736181426, "10": 0.1868381915298417, "11": 0.1845782142352142, "12": 0.18633275707593147, "13": 0.18336803804533044, "14": 0.18175010711073253, "15": 0.1856315240501706, "16": 0.18442940602758492, "17": 0.18255769204985725, "18": 0.1833595305176569, "19": 0.1835076301410808, "20": 0.18341866280222088, "21": 0.18343969766520632, "22": 0.18232743114437375, "23": 0.18177615854179457, "24": 0.1820935110315249, "25": 0.18359053234872286, "26": 0.1829304499003765, "27": 0.18430890531951605, "28": 0.18377450657482167, "29": 0.18528449714048587, "30": 0.1849652469727281, "31": 0.18436394143629056, "32": 0.18372467258763003, "33": 0.1842503876695749, "34": 0.18549627318776524, "35": 0.18519925770185963, "36": 0.18626126838865564, "37": 0.18583438762057494, "38": 0.18688767413797014, "39": 0.18594077770648573, "40": 0.18563799653917418, "41": 0.18585911273581449, "42": 0.18488534318937988, "43": 0.18479125813497363, "44": 0.18500199496182454, "45": 0.185346690654512, "46": 0.18583226592128102, "47": 0.1855881111332499, "48": 0.1864185546131668, "49": 0.18616047041749428, "50": 0.18653425222229197, "51": 0.18618718238717802, "52": 0.18681008443009392, "53": 0.1870071123251791, "54": 0.18772988092109577, "55": 0.18806757134216417, "56": 0.18785901945005543, "57": 0.18842648755736355, "58": 0.1889589838039922, "59": 0.1882284387801568, "60": 0.1872579896285138, "61": 0.18664799598698484, "62": 0.1866477898351898, "63": 0.18657071290009822, "64": 0.1872096614107768, "65": 0.18702946479011884, "66": 0.18690124235567943, "67": 0.18755952937906356, "68": 0.18726493183488882, "69": 0.18704609369049072, "70": 0.18658955264156002, "71": 0.1865336828272692, "72": 0.18678631193194087, "73": 0.1873705862713418, "74": 0.1876586173626273, "75": 0.18792703394995755, "76": 0.18850363754927396, "77": 0.1881515306361723, "78": 0.18865880863517875, "79": 0.18848694327513976, "80": 0.1886432085423799, "81": 0.18866322981775788, "82": 0.1896030771706092, "83": 0.1893203660511548, "84": 0.18945960348524907, "85": 0.1890375209447043, "86": 0.18823223004277298, "87": 0.18825547407058973, "88": 0.188164173502531, "89": 0.18790690689994238, "90": 0.1883295424461754, "91": 0.18855979572761333, "92": 0.18957125211468057, "93": 0.19009947822061965, "94": 0.19077190606215558, "95": 0.1918815567848733, "96": 0.19339175639992984, "97": 0.19514625204135233, "98": 0.1970688475913281, "99": 0.19854887128249177, "100": 0.20056042879364305}