{"1": 54.166666666666664, "2": 43.75, "3": 52.083333333333336, "4": 47.91666666666667, "5": 47.91666666666667, "6": 50.0, "7": 52.083333333333336, "8": 54.166666666666664, "9": 54.166666666666664, "10": 56.25, "11": 52.083333333333336, "12": 56.25, "13": 54.166666666666664, "14": 56.25, "15": 54.166666666666664, "16": 50.0, "17": 50.0, "18": 52.083333333333336, "19": 54.166666666666664, "20": 47.91666666666667, "21": 50.0, "22": 52.083333333333336, "23": 54.166666666666664, "24": 50.0, "25": 45.83333333333333, "26": 47.91666666666667, "27": 52.083333333333336, "28": 47.91666666666667, "29": 52.083333333333336, "30": 52.083333333333336, "31": 56.25, "32": 52.083333333333336, "33": 52.083333333333336, "34": 52.083333333333336, "35": 45.83333333333333, "36": 52.083333333333336, "37": 52.083333333333336, "38": 52.083333333333336, "39": 56.25, "40": 52.083333333333336, "41": 50.0, "42": 54.166666666666664, "43": 52.083333333333336, "44": 52.083333333333336, "45": 52.083333333333336, "46": 52.083333333333336, "47": 52.083333333333336, "48": 52.083333333333336, "49": 50.0, "50": 52.083333333333336, "51": 52.083333333333336, "52": 50.0, "53": 52.083333333333336, "54": 52.083333333333336, "55": 54.166666666666664, "56": 52.083333333333336, "57": 50.0, "58": 52.083333333333336, "59": 47.91666666666667, "60": 50.0, "61": 52.083333333333336, "62": 52.083333333333336, "63": 54.166666666666664, "64": 52.083333333333336, "65": 54.166666666666664, "66": 52.083333333333336, "67": 52.083333333333336, "68": 54.166666666666664, "69": 52.083333333333336, "70": 54.166666666666664, "71": 50.0, "72": 52.083333333333336, "73": 54.166666666666664, "74": 52.083333333333336, "75": 52.083333333333336, "76": 50.0, "77": 52.083333333333336, "78": 54.166666666666664, "79": 52.083333333333336, "80": 52.083333333333336, "81": 52.083333333333336, "82": 52.083333333333336, "83": 50.0, "84": 52.083333333333336, "85": 50.0, "86": 50.0, "87": 50.0, "88": 50.0, "89": 50.0, "90": 45.83333333333333, "91": 50.0, "92": 50.0, "93": 50.0, "94": 41.66666666666667, "95": 47.91666666666667, "96": 50.0, "97": 52.083333333333336, "98": 52.083333333333336, "99": 50.0, "100": 50.0}