{"1": 0.11931778261096146, "2": 0.14030136253872674, "3": 0.1732939734624181, "4": 0.23723669049401044, "5": 0.2247735790383548, "6": 0.1930489517363654, "7": 0.20422604908642983, "8": 0.22335335426768133, "9": 0.19013647660226451, "10": 0.21943860374176313, "11": 0.2080326833074028, "12": 0.22995384286966536, "13": 0.1967027850343518, "14": 0.19907260736073065, "15": 0.20577099069115085, "16": 0.18531537093094724, "17": 0.17796866833065317, "18": 0.18360251359158045, "19": 0.1898712675576606, "20": 0.18886550935793683, "21": 0.17497922759848766, "22": 0.1663719469637373, "23": 0.16049308403865453, "24": 0.15918851352801303, "25": 0.16063574363774039, "26": 0.1509902505418163, "27": 0.15598022686605947, "28": 0.15286956139931873, "29": 0.1577961924485547, "30": 0.15927575459044196, "31": 0.15490173312836658, "32": 0.15499565694788223, "33": 0.16147633132069789, "34": 0.17398389260300728, "35": 0.16491197389065404, "36": 0.16284086275975657, "37": 0.16211320393594159, "38": 0.16973338741601124, "39": 0.1614479635256512, "40": 0.1591108006291186, "41": 0.15750534204577765, "42": 0.1500620570544427, "43": 0.1609511571895973, "44": 0.16909850834788948, "45": 0.16438620720221714, "46": 0.15943798493579328, "47": 0.15871955305352287, "48": 0.16712151553255877, "49": 0.16116340617086058, "50": 0.15582564519736108, "51": 0.15561848344783985, "52": 0.15351472149642884, "53": 0.14982395751942265, "54": 0.14509332432252098, "55": 0.137874001530248, "56": 0.14130243537420348, "57": 0.13872693616003334, "58": 0.14276383713359475, "59": 0.13799278694669181, "60": 0.13669861610938597, "61": 0.12995894419094034, "62": 0.12832552597543295, "63": 0.12852462746906781, "64": 0.13036060026765905, "65": 0.12441154402068451, "66": 0.11825209779160817, "67": 0.12427161639862712, "68": 0.12190918170182038, "69": 0.11822680187115359, "70": 0.1147980796899585, "71": 0.11121486315155557, "72": 0.10794925988605357, "73": 0.10569407785250418, "74": 0.1033991470582937, "75": 0.10886083832305776, "76": 0.11036827598516519, "77": 0.10902042082516213, "78": 0.1128734730872901, "79": 0.11019621086699277, "80": 0.1064207460454914, "81": 0.10821018843961683, "82": 0.11119461111150555, "83": 0.11139442812262969, "84": 0.11455770523710018, "85": 0.11720319990783559, "86": 0.11722321142811598, "87": 0.11685797211422785, "88": 0.11521499644563939, "89": 0.11331573049724808, "90": 0.11218292886247361, "91": 0.11008779364852939, "92": 0.10982730789133656, "93": 0.11267018695978295, "94": 0.11065755726136844, "95": 0.11775747336672235, "96": 0.11957453386985278, "97": 0.12232147904823709, "98": 0.12804168065427318, "99": 0.1331521250738288, "100": 0.14475591670381863}