{"1": 0.06945413481324267, "2": 0.25997907561028905, "3": 0.3804855901474305, "4": 0.3196966303836569, "5": 0.22113622022749999, "6": 0.21347619640791168, "7": 0.2516608252178149, "8": 0.2275126908851389, "9": 0.24947626629201528, "10": 0.3022986651455529, "11": 0.2940534754068083, "12": 0.3452782964252239, "13": 0.34089011927265167, "14": 0.3230549245943716, "15": 0.3854387394359854, "16": 0.41967968121957744, "17": 0.4077778284513161, "18": 0.4165330813875262, "19": 0.40929213529290176, "20": 0.4120205649857498, "21": 0.4505464460416441, "22": 0.4402939034968599, "23": 0.45749151917830816, "24": 0.46461016809168976, "25": 0.4697584483187768, "26": 0.41500969868833437, "27": 0.42405651355014196, "28": 0.42386932398701516, "29": 0.4238920136310305, "30": 0.451133880925202, "31": 0.43657053291393794, "32": 0.41653920759141033, "33": 0.38501943481458134, "34": 0.452436039595244, "35": 0.4534137363558662, "36": 0.4501148890124718, "37": 0.46042234049577324, "38": 0.4673535729495879, "39": 0.4628871165251627, "40": 0.49047137054752604, "41": 0.48352720499662266, "42": 0.4733123272609039, "43": 0.5142158561131687, "44": 0.5242510318682857, "45": 0.5220760025929725, "46": 0.4977449897295326, "47": 0.4829862838832963, "48": 0.4383589306552293, "49": 0.46504127132798173, "50": 0.4247208663269119, "51": 0.46209819760274834, "52": 0.47899336032947176, "53": 0.44551206782751424, "54": 0.44606751031301045, "55": 0.44316845449716685, "56": 0.4288993911687821, "57": 0.4338945162987654, "58": 0.4427545953903265, "59": 0.4691099782928176, "60": 0.4703644887104273, "61": 0.47631099061397497, "62": 0.446202740591342, "63": 0.460097197897033, "64": 0.4451676390313609, "65": 0.4129501597010594, "66": 0.4298194562336053, "67": 0.43841973890119046, "68": 0.4879714255699128, "69": 0.46165484195868806, "70": 0.46624586452875766, "71": 0.4590040108483726, "72": 0.4373390311567385, "73": 0.44189715374298577, "74": 0.45445337584465034, "75": 0.43329687107540066, "76": 0.42180116293501435, "77": 0.4605950086867302, "78": 0.4405162620082105, "79": 0.4478171087630355, "80": 0.470981193234765, "81": 0.46854024133159167, "82": 0.4634014907549911, "83": 0.4619030666642162, "84": 0.47680426347486904, "85": 0.46588963711771636, "86": 0.4522098238444108, "87": 0.46166459850561464, "88": 0.4582010243466687, "89": 0.46088543613012695, "90": 0.44864460008027596, "91": 0.46217375411731954, "92": 0.4839117944626831, "93": 0.4913651156252914, "94": 0.49292502865134796, "95": 0.5147418020614449, "96": 0.5272998393346308, "97": 0.5548446133764073, "98": 0.5486008771362584, "99": 0.5443343164756085, "100": 0.5371902551609297}