{"1": 0.12322637634842101, "2": 0.1292482657401241, "3": 0.13101654425982315, "4": 0.12914750339858388, "5": 0.1351302927900288, "6": 0.13586317502922352, "7": 0.13623697348544309, "8": 0.134388559956158, "9": 0.1358610303262206, "10": 0.13753952685708987, "11": 0.13475370462266212, "12": 0.13722358256391148, "13": 0.1355947355647091, "14": 0.134327921272733, "15": 0.13722974572467747, "16": 0.13876712577205072, "17": 0.1357506162014104, "18": 0.1361780103972809, "19": 0.13619037282208477, "20": 0.13637709253109448, "21": 0.13879825300384116, "22": 0.13892153336789576, "23": 0.13890978414946695, "24": 0.14099931672406157, "25": 0.1397695518779883, "26": 0.13591620334263765, "27": 0.1385103987137374, "28": 0.1362899648310136, "29": 0.13660656553730816, "30": 0.13587628751357023, "31": 0.13543181344642502, "32": 0.13393132432595736, "33": 0.1354275951791599, "34": 0.13567986990139344, "35": 0.1359871732055396, "36": 0.13515548795674245, "37": 0.13684226768282232, "38": 0.13764315913189865, "39": 0.13505723481775866, "40": 0.13536317249595756, "41": 0.13553669125516166, "42": 0.1339663963631104, "43": 0.13599343362207264, "44": 0.13721881430042587, "45": 0.13863749139701276, "46": 0.13628669536551588, "47": 0.13671705981003704, "48": 0.13742455016961197, "49": 0.13689734197717057, "50": 0.13671642354242883, "51": 0.13605184543059343, "52": 0.13716547798516926, "53": 0.1362734182457566, "54": 0.135658669854625, "55": 0.13497743771344597, "56": 0.1343405118076757, "57": 0.13417497561549313, "58": 0.13525483129389526, "59": 0.1325897710976578, "60": 0.13231293473462674, "61": 0.13261775552243765, "62": 0.13248891590943762, "63": 0.13232386272126853, "64": 0.13056138579517484, "65": 0.12903816472624338, "66": 0.12876646819573917, "67": 0.12933298926800146, "68": 0.12901787596195508, "69": 0.12829154399236814, "70": 0.127693502370447, "71": 0.12717852748359276, "72": 0.12655013246997213, "73": 0.12669026172497294, "74": 0.12715925021498345, "75": 0.12737675470982276, "76": 0.12741172675477788, "77": 0.12790468546540953, "78": 0.12781128975539915, "79": 0.1282201422413552, "80": 0.12819597834093827, "81": 0.1281988681648328, "82": 0.1282646796597264, "83": 0.12808190296427213, "84": 0.12826524017720595, "85": 0.1287718462377494, "86": 0.12843914839576479, "87": 0.12889055019847045, "88": 0.12920071759578572, "89": 0.1301777840316523, "90": 0.13016371265890508, "91": 0.13064009089202408, "92": 0.1307509548113937, "93": 0.13331489496688798, "94": 0.13326180052091954, "95": 0.1307383746503955, "96": 0.13001481621477556, "97": 0.13151901599625435, "98": 0.13077183305441623, "99": 0.12841630874547033, "100": 0.12566267913847057}