{"1": 50.54945054945055, "2": 51.64835164835166, "3": 52.74725274725275, "4": 52.74725274725275, "5": 48.35164835164835, "6": 53.84615384615385, "7": 50.54945054945055, "8": 51.64835164835166, "9": 52.74725274725275, "10": 52.74725274725275, "11": 51.64835164835166, "12": 49.45054945054945, "13": 52.74725274725275, "14": 50.54945054945055, "15": 50.54945054945055, "16": 53.84615384615385, "17": 52.74725274725275, "18": 54.94505494505495, "19": 53.84615384615385, "20": 50.54945054945055, "21": 52.74725274725275, "22": 53.84615384615385, "23": 54.94505494505495, "24": 54.94505494505495, "25": 54.94505494505495, "26": 56.043956043956044, "27": 54.94505494505495, "28": 54.94505494505495, "29": 53.84615384615385, "30": 53.84615384615385, "31": 52.74725274725275, "32": 54.94505494505495, "33": 52.74725274725275, "34": 53.84615384615385, "35": 53.84615384615385, "36": 51.64835164835166, "37": 53.84615384615385, "38": 50.54945054945055, "39": 51.64835164835166, "40": 52.74725274725275, "41": 52.74725274725275, "42": 53.84615384615385, "43": 52.74725274725275, "44": 53.84615384615385, "45": 53.84615384615385, "46": 51.64835164835166, "47": 52.74725274725275, "48": 51.64835164835166, "49": 51.64835164835166, "50": 50.54945054945055, "51": 51.64835164835166, "52": 50.54945054945055, "53": 51.64835164835166, "54": 50.54945054945055, "55": 51.64835164835166, "56": 51.64835164835166, "57": 50.54945054945055, "58": 48.35164835164835, "59": 49.45054945054945, "60": 50.54945054945055, "61": 52.74725274725275, "62": 52.74725274725275, "63": 52.74725274725275, "64": 50.54945054945055, "65": 50.54945054945055, "66": 50.54945054945055, "67": 50.54945054945055, "68": 51.64835164835166, "69": 50.54945054945055, "70": 52.74725274725275, "71": 52.74725274725275, "72": 51.64835164835166, "73": 50.54945054945055, "74": 51.64835164835166, "75": 49.45054945054945, "76": 49.45054945054945, "77": 49.45054945054945, "78": 48.35164835164835, "79": 49.45054945054945, "80": 49.45054945054945, "81": 49.45054945054945, "82": 48.35164835164835, "83": 49.45054945054945, "84": 47.25274725274725, "85": 49.45054945054945, "86": 49.45054945054945, "87": 51.64835164835166, "88": 51.64835164835166, "89": 51.64835164835166, "90": 49.45054945054945, "91": 51.64835164835166, "92": 51.64835164835166, "93": 51.64835164835166, "94": 52.74725274725275, "95": 51.64835164835166, "96": 52.74725274725275, "97": 52.74725274725275, "98": 51.64835164835166, "99": 53.84615384615385, "100": 51.64835164835166}