{"1": 53.16455696202531, "2": 56.9620253164557, "3": 57.59493670886076, "4": 55.69620253164557, "5": 53.79746835443038, "6": 56.9620253164557, "7": 56.32911392405063, "8": 56.32911392405063, "9": 56.9620253164557, "10": 57.59493670886076, "11": 58.22784810126582, "12": 55.69620253164557, "13": 58.86075949367089, "14": 58.86075949367089, "15": 58.86075949367089, "16": 60.12658227848101, "17": 59.49367088607595, "18": 61.39240506329114, "19": 61.39240506329114, "20": 60.75949367088608, "21": 62.0253164556962, "22": 63.29113924050633, "23": 63.92405063291139, "24": 63.92405063291139, "25": 63.92405063291139, "26": 64.55696202531645, "27": 64.55696202531645, "28": 64.55696202531645, "29": 63.92405063291139, "30": 63.29113924050633, "31": 63.29113924050633, "32": 64.55696202531645, "33": 63.29113924050633, "34": 63.92405063291139, "35": 63.92405063291139, "36": 62.65822784810127, "37": 63.92405063291139, "38": 62.0253164556962, "39": 62.65822784810127, "40": 62.65822784810127, "41": 62.65822784810127, "42": 63.29113924050633, "43": 62.65822784810127, "44": 63.92405063291139, "45": 63.29113924050633, "46": 62.0253164556962, "47": 62.0253164556962, "48": 60.75949367088608, "49": 60.75949367088608, "50": 60.75949367088608, "51": 61.39240506329114, "52": 61.39240506329114, "53": 61.39240506329114, "54": 62.0253164556962, "55": 62.0253164556962, "56": 62.0253164556962, "57": 61.39240506329114, "58": 60.75949367088608, "59": 60.75949367088608, "60": 61.39240506329114, "61": 62.65822784810127, "62": 62.65822784810127, "63": 62.65822784810127, "64": 61.39240506329114, "65": 61.39240506329114, "66": 61.39240506329114, "67": 61.39240506329114, "68": 62.65822784810127, "69": 62.0253164556962, "70": 63.29113924050633, "71": 63.92405063291139, "72": 63.29113924050633, "73": 62.65822784810127, "74": 63.29113924050633, "75": 62.0253164556962, "76": 62.0253164556962, "77": 62.0253164556962, "78": 61.39240506329114, "79": 62.0253164556962, "80": 62.0253164556962, "81": 62.0253164556962, "82": 61.39240506329114, "83": 61.39240506329114, "84": 60.12658227848101, "85": 61.39240506329114, "86": 61.39240506329114, "87": 62.0253164556962, "88": 62.65822784810127, "89": 63.29113924050633, "90": 62.0253164556962, "91": 62.65822784810127, "92": 62.65822784810127, "93": 62.65822784810127, "94": 63.29113924050633, "95": 62.65822784810127, "96": 63.29113924050633, "97": 63.29113924050633, "98": 62.0253164556962, "99": 62.65822784810127, "100": 60.12658227848101}