{"1": 60.49382716049383, "2": 56.17283950617284, "3": 59.876543209876544, "4": 59.876543209876544, "5": 59.876543209876544, "6": 59.876543209876544, "7": 59.876543209876544, "8": 59.25925925925925, "9": 59.25925925925925, "10": 59.876543209876544, "11": 59.25925925925925, "12": 60.49382716049383, "13": 59.876543209876544, "14": 59.876543209876544, "15": 58.64197530864198, "16": 59.876543209876544, "17": 59.876543209876544, "18": 59.876543209876544, "19": 59.876543209876544, "20": 61.111111111111114, "21": 60.49382716049383, "22": 61.111111111111114, "23": 59.876543209876544, "24": 59.876543209876544, "25": 59.876543209876544, "26": 60.49382716049383, "27": 60.49382716049383, "28": 60.49382716049383, "29": 60.49382716049383, "30": 60.49382716049383, "31": 60.49382716049383, "32": 60.49382716049383, "33": 61.72839506172839, "34": 61.111111111111114, "35": 61.111111111111114, "36": 60.49382716049383, "37": 60.49382716049383, "38": 60.49382716049383, "39": 60.49382716049383, "40": 60.49382716049383, "41": 61.111111111111114, "42": 60.49382716049383, "43": 61.111111111111114, "44": 60.49382716049383, "45": 60.49382716049383, "46": 60.49382716049383, "47": 61.111111111111114, "48": 61.111111111111114, "49": 61.72839506172839, "50": 61.111111111111114, "51": 60.49382716049383, "52": 60.49382716049383, "53": 60.49382716049383, "54": 59.876543209876544, "55": 59.876543209876544, "56": 59.25925925925925, "57": 59.876543209876544, "58": 59.25925925925925, "59": 59.876543209876544, "60": 60.49382716049383, "61": 60.49382716049383, "62": 59.25925925925925, "63": 59.25925925925925, "64": 61.111111111111114, "65": 60.49382716049383, "66": 60.49382716049383, "67": 61.111111111111114, "68": 60.49382716049383, "69": 61.111111111111114, "70": 60.49382716049383, "71": 60.49382716049383, "72": 59.876543209876544, "73": 61.111111111111114, "74": 61.111111111111114, "75": 61.111111111111114, "76": 61.111111111111114, "77": 61.111111111111114, "78": 60.49382716049383, "79": 61.111111111111114, "80": 61.111111111111114, "81": 60.49382716049383, "82": 61.111111111111114, "83": 61.72839506172839, "84": 61.111111111111114, "85": 61.111111111111114, "86": 61.72839506172839, "87": 62.34567901234568, "88": 62.34567901234568, "89": 63.580246913580254, "90": 62.34567901234568, "91": 62.34567901234568, "92": 61.111111111111114, "93": 62.34567901234568, "94": 62.96296296296296, "95": 61.111111111111114, "96": 61.111111111111114, "97": 62.34567901234568, "98": 61.72839506172839, "99": 61.111111111111114, "100": 61.111111111111114}