{"1": 33.65384615384615, "2": 41.34615384615385, "3": 41.34615384615385, "4": 37.5, "5": 46.15384615384615, "6": 50.0, "7": 47.11538461538461, "8": 47.11538461538461, "9": 42.30769230769231, "10": 39.42307692307692, "11": 44.230769230769226, "12": 43.269230769230774, "13": 42.30769230769231, "14": 43.269230769230774, "15": 33.65384615384615, "16": 39.42307692307692, "17": 37.5, "18": 37.5, "19": 38.46153846153847, "20": 34.61538461538461, "21": 31.73076923076923, "22": 31.73076923076923, "23": 38.46153846153847, "24": 37.5, "25": 35.57692307692308, "26": 34.61538461538461, "27": 37.5, "28": 37.5, "29": 35.57692307692308, "30": 35.57692307692308, "31": 33.65384615384615, "32": 37.5, "33": 36.53846153846153, "34": 40.38461538461539, "35": 37.5, "36": 37.5, "37": 38.46153846153847, "38": 37.5, "39": 40.38461538461539, "40": 38.46153846153847, "41": 33.65384615384615, "42": 36.53846153846153, "43": 38.46153846153847, "44": 41.34615384615385, "45": 39.42307692307692, "46": 41.34615384615385, "47": 42.30769230769231, "48": 38.46153846153847, "49": 41.34615384615385, "50": 40.38461538461539, "51": 39.42307692307692, "52": 44.230769230769226, "53": 44.230769230769226, "54": 45.19230769230769, "55": 40.38461538461539, "56": 36.53846153846153, "57": 40.38461538461539, "58": 38.46153846153847, "59": 39.42307692307692, "60": 39.42307692307692, "61": 37.5, "62": 37.5, "63": 35.57692307692308, "64": 40.38461538461539, "65": 37.5, "66": 37.5, "67": 36.53846153846153, "68": 39.42307692307692, "69": 37.5, "70": 38.46153846153847, "71": 38.46153846153847, "72": 40.38461538461539, "73": 37.5, "74": 40.38461538461539, "75": 37.5, "76": 40.38461538461539, "77": 40.38461538461539, "78": 40.38461538461539, "79": 39.42307692307692, "80": 40.38461538461539, "81": 40.38461538461539, "82": 43.269230769230774, "83": 40.38461538461539, "84": 43.269230769230774, "85": 40.38461538461539, "86": 40.38461538461539, "87": 38.46153846153847, "88": 39.42307692307692, "89": 40.38461538461539, "90": 41.34615384615385, "91": 40.38461538461539, "92": 40.38461538461539, "93": 39.42307692307692, "94": 42.30769230769231, "95": 39.42307692307692, "96": 37.5, "97": 39.42307692307692, "98": 39.42307692307692, "99": 39.42307692307692, "100": 39.42307692307692}