{"1": 55.633802816901415, "2": 59.859154929577464, "3": 59.154929577464785, "4": 58.45070422535211, "5": 55.633802816901415, "6": 58.45070422535211, "7": 57.74647887323944, "8": 57.74647887323944, "9": 59.154929577464785, "10": 59.154929577464785, "11": 59.859154929577464, "12": 57.74647887323944, "13": 59.859154929577464, "14": 59.859154929577464, "15": 59.859154929577464, "16": 59.859154929577464, "17": 59.154929577464785, "18": 60.56338028169014, "19": 61.267605633802816, "20": 61.267605633802816, "21": 61.267605633802816, "22": 62.676056338028175, "23": 62.676056338028175, "24": 63.38028169014085, "25": 62.676056338028175, "26": 63.38028169014085, "27": 63.38028169014085, "28": 63.38028169014085, "29": 61.97183098591549, "30": 61.267605633802816, "31": 61.267605633802816, "32": 62.676056338028175, "33": 61.267605633802816, "34": 61.97183098591549, "35": 61.97183098591549, "36": 60.56338028169014, "37": 61.97183098591549, "38": 59.859154929577464, "39": 60.56338028169014, "40": 60.56338028169014, "41": 60.56338028169014, "42": 61.267605633802816, "43": 60.56338028169014, "44": 61.97183098591549, "45": 61.267605633802816, "46": 59.859154929577464, "47": 59.859154929577464, "48": 58.45070422535211, "49": 58.45070422535211, "50": 58.45070422535211, "51": 59.154929577464785, "52": 59.154929577464785, "53": 59.154929577464785, "54": 59.859154929577464, "55": 59.859154929577464, "56": 59.859154929577464, "57": 59.154929577464785, "58": 58.45070422535211, "59": 58.45070422535211, "60": 59.154929577464785, "61": 60.56338028169014, "62": 60.56338028169014, "63": 60.56338028169014, "64": 59.154929577464785, "65": 59.154929577464785, "66": 59.154929577464785, "67": 59.154929577464785, "68": 60.56338028169014, "69": 59.859154929577464, "70": 61.267605633802816, "71": 61.97183098591549, "72": 61.267605633802816, "73": 60.56338028169014, "74": 61.267605633802816, "75": 59.859154929577464, "76": 59.859154929577464, "77": 59.859154929577464, "78": 59.154929577464785, "79": 59.859154929577464, "80": 59.859154929577464, "81": 59.859154929577464, "82": 59.154929577464785, "83": 59.154929577464785, "84": 57.74647887323944, "85": 59.154929577464785, "86": 59.154929577464785, "87": 59.859154929577464, "88": 60.56338028169014, "89": 61.267605633802816, "90": 59.859154929577464, "91": 60.56338028169014, "92": 60.56338028169014, "93": 60.56338028169014, "94": 61.267605633802816, "95": 60.56338028169014, "96": 61.267605633802816, "97": 61.267605633802816, "98": 59.859154929577464, "99": 60.56338028169014, "100": 57.74647887323944}