{"1": 56.9620253164557, "2": 58.86075949367089, "3": 58.22784810126582, "4": 59.49367088607595, "5": 65.18987341772153, "6": 64.55696202531645, "7": 66.45569620253164, "8": 65.82278481012658, "9": 65.18987341772153, "10": 63.29113924050633, "11": 64.55696202531645, "12": 64.55696202531645, "13": 64.55696202531645, "14": 63.92405063291139, "15": 63.92405063291139, "16": 63.92405063291139, "17": 63.92405063291139, "18": 63.92405063291139, "19": 63.29113924050633, "20": 63.29113924050633, "21": 62.0253164556962, "22": 62.0253164556962, "23": 63.29113924050633, "24": 62.0253164556962, "25": 62.65822784810127, "26": 62.0253164556962, "27": 62.65822784810127, "28": 62.65822784810127, "29": 61.39240506329114, "30": 62.65822784810127, "31": 62.65822784810127, "32": 63.29113924050633, "33": 63.29113924050633, "34": 63.29113924050633, "35": 63.92405063291139, "36": 64.55696202531645, "37": 64.55696202531645, "38": 63.92405063291139, "39": 64.55696202531645, "40": 63.92405063291139, "41": 63.92405063291139, "42": 63.92405063291139, "43": 64.55696202531645, "44": 62.65822784810127, "45": 63.29113924050633, "46": 63.29113924050633, "47": 63.29113924050633, "48": 63.92405063291139, "49": 63.29113924050633, "50": 61.39240506329114, "51": 62.0253164556962, "52": 62.0253164556962, "53": 61.39240506329114, "54": 60.75949367088608, "55": 62.0253164556962, "56": 62.0253164556962, "57": 62.65822784810127, "58": 62.0253164556962, "59": 63.29113924050633, "60": 62.65822784810127, "61": 63.29113924050633, "62": 62.65822784810127, "63": 64.55696202531645, "64": 63.92405063291139, "65": 62.65822784810127, "66": 62.65822784810127, "67": 62.65822784810127, "68": 62.0253164556962, "69": 62.65822784810127, "70": 62.65822784810127, "71": 62.0253164556962, "72": 62.65822784810127, "73": 62.0253164556962, "74": 62.65822784810127, "75": 62.0253164556962, "76": 62.0253164556962, "77": 60.75949367088608, "78": 60.75949367088608, "79": 60.75949367088608, "80": 60.75949367088608, "81": 62.0253164556962, "82": 61.39240506329114, "83": 62.0253164556962, "84": 62.65822784810127, "85": 62.0253164556962, "86": 62.0253164556962, "87": 62.0253164556962, "88": 61.39240506329114, "89": 62.0253164556962, "90": 60.75949367088608, "91": 61.39240506329114, "92": 60.75949367088608, "93": 62.0253164556962, "94": 60.75949367088608, "95": 58.86075949367089, "96": 58.86075949367089, "97": 60.12658227848101, "98": 58.86075949367089, "99": 60.12658227848101, "100": 60.12658227848101}