{"1": 40.54054054054054, "2": 37.83783783783784, "3": 37.83783783783784, "4": 43.24324324324324, "5": 45.94594594594595, "6": 48.64864864864865, "7": 54.054054054054056, "8": 56.75675675675676, "9": 37.83783783783784, "10": 35.13513513513514, "11": 32.432432432432435, "12": 40.54054054054054, "13": 27.027027027027028, "14": 37.83783783783784, "15": 43.24324324324324, "16": 35.13513513513514, "17": 29.72972972972973, "18": 27.027027027027028, "19": 29.72972972972973, "20": 37.83783783783784, "21": 29.72972972972973, "22": 40.54054054054054, "23": 27.027027027027028, "24": 35.13513513513514, "25": 27.027027027027028, "26": 27.027027027027028, "27": 29.72972972972973, "28": 45.94594594594595, "29": 40.54054054054054, "30": 40.54054054054054, "31": 45.94594594594595, "32": 45.94594594594595, "33": 48.64864864864865, "34": 48.64864864864865, "35": 48.64864864864865, "36": 48.64864864864865, "37": 45.94594594594595, "38": 45.94594594594595, "39": 40.54054054054054, "40": 51.35135135135135, "41": 48.64864864864865, "42": 45.94594594594595, "43": 45.94594594594595, "44": 51.35135135135135, "45": 48.64864864864865, "46": 51.35135135135135, "47": 48.64864864864865, "48": 48.64864864864865, "49": 48.64864864864865, "50": 51.35135135135135, "51": 43.24324324324324, "52": 48.64864864864865, "53": 43.24324324324324, "54": 51.35135135135135, "55": 51.35135135135135, "56": 51.35135135135135, "57": 45.94594594594595, "58": 48.64864864864865, "59": 45.94594594594595, "60": 54.054054054054056, "61": 51.35135135135135, "62": 56.75675675675676, "63": 45.94594594594595, "64": 45.94594594594595, "65": 48.64864864864865, "66": 54.054054054054056, "67": 54.054054054054056, "68": 51.35135135135135, "69": 54.054054054054056, "70": 45.94594594594595, "71": 45.94594594594595, "72": 43.24324324324324, "73": 45.94594594594595, "74": 51.35135135135135, "75": 56.75675675675676, "76": 54.054054054054056, "77": 56.75675675675676, "78": 45.94594594594595, "79": 51.35135135135135, "80": 54.054054054054056, "81": 56.75675675675676, "82": 56.75675675675676, "83": 45.94594594594595, "84": 56.75675675675676, "85": 62.16216216216216, "86": 59.45945945945946, "87": 56.75675675675676, "88": 48.64864864864865, "89": 51.35135135135135, "90": 45.94594594594595, "91": 45.94594594594595, "92": 45.94594594594595, "93": 51.35135135135135, "94": 59.45945945945946, "95": 54.054054054054056, "96": 59.45945945945946, "97": 51.35135135135135, "98": 51.35135135135135, "99": 51.35135135135135, "100": 48.64864864864865}