{"1": 39.21568627450981, "2": 50.98039215686274, "3": 52.94117647058824, "4": 52.94117647058824, "5": 56.86274509803921, "6": 58.82352941176471, "7": 54.90196078431373, "8": 58.82352941176471, "9": 56.86274509803921, "10": 54.90196078431373, "11": 56.86274509803921, "12": 54.90196078431373, "13": 58.82352941176471, "14": 54.90196078431373, "15": 45.09803921568628, "16": 50.98039215686274, "17": 50.98039215686274, "18": 47.05882352941176, "19": 49.01960784313725, "20": 45.09803921568628, "21": 45.09803921568628, "22": 41.17647058823529, "23": 49.01960784313725, "24": 50.98039215686274, "25": 43.13725490196079, "26": 41.17647058823529, "27": 45.09803921568628, "28": 43.13725490196079, "29": 43.13725490196079, "30": 43.13725490196079, "31": 41.17647058823529, "32": 45.09803921568628, "33": 43.13725490196079, "34": 47.05882352941176, "35": 43.13725490196079, "36": 45.09803921568628, "37": 45.09803921568628, "38": 43.13725490196079, "39": 47.05882352941176, "40": 45.09803921568628, "41": 39.21568627450981, "42": 43.13725490196079, "43": 45.09803921568628, "44": 49.01960784313725, "45": 45.09803921568628, "46": 50.98039215686274, "47": 50.98039215686274, "48": 47.05882352941176, "49": 47.05882352941176, "50": 49.01960784313725, "51": 47.05882352941176, "52": 52.94117647058824, "53": 50.98039215686274, "54": 52.94117647058824, "55": 43.13725490196079, "56": 41.17647058823529, "57": 45.09803921568628, "58": 45.09803921568628, "59": 49.01960784313725, "60": 45.09803921568628, "61": 45.09803921568628, "62": 43.13725490196079, "63": 41.17647058823529, "64": 50.98039215686274, "65": 49.01960784313725, "66": 45.09803921568628, "67": 43.13725490196079, "68": 45.09803921568628, "69": 43.13725490196079, "70": 43.13725490196079, "71": 43.13725490196079, "72": 43.13725490196079, "73": 39.21568627450981, "74": 45.09803921568628, "75": 43.13725490196079, "76": 43.13725490196079, "77": 47.05882352941176, "78": 45.09803921568628, "79": 43.13725490196079, "80": 45.09803921568628, "81": 43.13725490196079, "82": 45.09803921568628, "83": 43.13725490196079, "84": 47.05882352941176, "85": 47.05882352941176, "86": 45.09803921568628, "87": 43.13725490196079, "88": 43.13725490196079, "89": 45.09803921568628, "90": 45.09803921568628, "91": 45.09803921568628, "92": 49.01960784313725, "93": 47.05882352941176, "94": 49.01960784313725, "95": 47.05882352941176, "96": 43.13725490196079, "97": 47.05882352941176, "98": 47.05882352941176, "99": 43.13725490196079, "100": 43.13725490196079}