{"1": 0.1653996429819385, "2": 0.17840256676594748, "3": 0.11353656454556567, "4": 0.10694543274360821, "5": 0.09263050277067436, "6": 0.08128604068414788, "7": 0.0774488465867925, "8": 0.09499106395289761, "9": 0.05845196076539025, "10": 0.12387249345156806, "11": 0.07133292003792147, "12": 0.1024255564853023, "13": 0.11190602097994085, "14": 0.09604449426803383, "15": 0.11871655224274208, "16": 0.10769784078511377, "17": 0.14414551851032992, "18": 0.16351508452174024, "19": 0.13531525527825652, "20": 0.12705065586073563, "21": 0.11349715566838756, "22": 0.08288192697105692, "23": 0.10821687668880293, "24": 0.08096233657663748, "25": 0.0985668195640368, "26": 0.10629785470125293, "27": 0.09478496708994852, "28": 0.17861587824805192, "29": 0.12055479448691868, "30": 0.11761752193075156, "31": 0.11603753434306557, "32": 0.12596750959977732, "33": 0.10761111163447484, "34": 0.11750979346406111, "35": 0.16458630261870733, "36": 0.11878445963784846, "37": 0.14288668426709045, "38": 0.14960351335482377, "39": 0.1339314406390893, "40": 0.20395796451465675, "41": 0.21342213845933422, "42": 0.18319383256323146, "43": 0.1409422745218829, "44": 0.16540698049541547, "45": 0.13712979332189487, "46": 0.13770150632606593, "47": 0.12425866399764193, "48": 0.12055419863048014, "49": 0.1258115867912426, "50": 0.10677655470668365, "51": 0.11560768345469773, "52": 0.13814212706702972, "53": 0.1560678539886033, "54": 0.12296844272244659, "55": 0.1607431881594818, "56": 0.11631651235200588, "57": 0.15165286778524625, "58": 0.13692121002362895, "59": 0.17549642560054907, "60": 0.16035961398921572, "61": 0.14515282023029072, "62": 0.15143149693784652, "63": 0.17765763940528445, "64": 0.18427389688929102, "65": 0.1929797667936763, "66": 0.18265554707502218, "67": 0.1791465374677323, "68": 0.1646234278143248, "69": 0.18093102068625722, "70": 0.13964073162352963, "71": 0.13652698871771718, "72": 0.13702973341649308, "73": 0.160734389168885, "74": 0.15584429390060112, "75": 0.14064556088896152, "76": 0.1540020156810452, "77": 0.15592733260266292, "78": 0.1763066994253721, "79": 0.14187986450203263, "80": 0.14429352195950443, "81": 0.15006566176430092, "82": 0.16730725186492273, "83": 0.1618971868141904, "84": 0.19381535662322968, "85": 0.2302857844597519, "86": 0.1904757788553642, "87": 0.22090147761320977, "88": 0.20698655275604372, "89": 0.22871817709246944, "90": 0.22547396676678688, "91": 0.2387324682533016, "92": 0.22166791679135284, "93": 0.2143996965018286, "94": 0.27106012503205823, "95": 0.23605108946617281, "96": 0.19505233145362727, "97": 0.19139439020525056, "98": 0.20194044792433022, "99": 0.18981982607479458, "100": 0.13274205596444788}