{"1": 38.607594936708864, "2": 41.139240506329116, "3": 41.139240506329116, "4": 41.77215189873418, "5": 43.67088607594937, "6": 43.037974683544306, "7": 40.50632911392405, "8": 41.139240506329116, "9": 45.56962025316456, "10": 47.46835443037975, "11": 44.936708860759495, "12": 47.46835443037975, "13": 47.46835443037975, "14": 48.734177215189874, "15": 49.36708860759494, "16": 47.46835443037975, "17": 49.36708860759494, "18": 48.10126582278481, "19": 48.10126582278481, "20": 46.835443037974684, "21": 46.20253164556962, "22": 48.10126582278481, "23": 46.20253164556962, "24": 46.20253164556962, "25": 46.835443037974684, "26": 45.56962025316456, "27": 47.46835443037975, "28": 48.10126582278481, "29": 46.835443037974684, "30": 45.56962025316456, "31": 47.46835443037975, "32": 48.734177215189874, "33": 46.20253164556962, "34": 44.303797468354425, "35": 45.56962025316456, "36": 46.20253164556962, "37": 47.46835443037975, "38": 45.56962025316456, "39": 44.936708860759495, "40": 46.20253164556962, "41": 46.20253164556962, "42": 46.20253164556962, "43": 46.20253164556962, "44": 47.46835443037975, "45": 47.46835443037975, "46": 44.303797468354425, "47": 44.303797468354425, "48": 44.303797468354425, "49": 43.67088607594937, "50": 43.037974683544306, "51": 43.67088607594937, "52": 43.037974683544306, "53": 43.67088607594937, "54": 43.037974683544306, "55": 43.67088607594937, "56": 43.037974683544306, "57": 43.037974683544306, "58": 43.037974683544306, "59": 43.037974683544306, "60": 43.037974683544306, "61": 43.037974683544306, "62": 43.037974683544306, "63": 43.037974683544306, "64": 43.037974683544306, "65": 42.405063291139236, "66": 44.303797468354425, "67": 43.67088607594937, "68": 43.67088607594937, "69": 44.303797468354425, "70": 42.405063291139236, "71": 43.67088607594937, "72": 43.67088607594937, "73": 43.67088607594937, "74": 43.67088607594937, "75": 43.67088607594937, "76": 43.037974683544306, "77": 43.67088607594937, "78": 43.037974683544306, "79": 43.67088607594937, "80": 43.67088607594937, "81": 43.67088607594937, "82": 44.303797468354425, "83": 44.303797468354425, "84": 43.67088607594937, "85": 43.67088607594937, "86": 43.67088607594937, "87": 43.037974683544306, "88": 42.405063291139236, "89": 42.405063291139236, "90": 41.77215189873418, "91": 43.67088607594937, "92": 43.67088607594937, "93": 45.56962025316456, "94": 44.936708860759495, "95": 44.936708860759495, "96": 44.303797468354425, "97": 44.936708860759495, "98": 44.936708860759495, "99": 44.936708860759495, "100": 44.303797468354425}