{"1": 0.5544026515764063, "2": 0.30489302068032437, "3": 0.23749706002118356, "4": 0.2784389316599916, "5": 0.2725144207992531, "6": 0.19932606200516673, "7": 0.2739499312481182, "8": 0.25977397399461644, "9": 0.23262425413639004, "10": 0.27390654079125704, "11": 0.24560138046356433, "12": 0.2667948009738333, "13": 0.24636539530000992, "14": 0.23167651719494614, "15": 0.21485093490932528, "16": 0.2508623675153415, "17": 0.22641264910250664, "18": 0.20289076449815088, "19": 0.20441157214925054, "20": 0.25498952597121366, "21": 0.2178897528289289, "22": 0.23730324290764004, "23": 0.2638627378260269, "24": 0.1961201418395715, "25": 0.1899942057938624, "26": 0.23730195546712246, "27": 0.21830525963002173, "28": 0.16234863629935206, "29": 0.2001830570948589, "30": 0.13099030129802308, "31": 0.14149101826196916, "32": 0.1263525968735819, "33": 0.13912146322507646, "34": 0.15191493168978148, "35": 0.14465673194899603, "36": 0.15882210585464157, "37": 0.16778523084206282, "38": 0.13027097496023002, "39": 0.20335431314140723, "40": 0.12281478491842557, "41": 0.14329262321869515, "42": 0.1321377746728084, "43": 0.11790809820378656, "44": 0.14056434063901854, "45": 0.1482281920613103, "46": 0.146216415732258, "47": 0.12333165371684093, "48": 0.16086118870017985, "49": 0.14322726987414575, "50": 0.15249978946400616, "51": 0.14199174727010613, "52": 0.13815020509282636, "53": 0.17573428983313683, "54": 0.14049121659383174, "55": 0.18713881119862302, "56": 0.1483708686000368, "57": 0.13411017856936783, "58": 0.14044894120657106, "59": 0.14741967832630026, "60": 0.1666979777174333, "61": 0.1571861263944784, "62": 0.14865301834157035, "63": 0.15794842072543486, "64": 0.14371974240565163, "65": 0.157480768682493, "66": 0.14963829313911847, "67": 0.1495399342037485, "68": 0.1387095461086977, "69": 0.16208274631701708, "70": 0.14755567477726697, "71": 0.15754501103897883, "72": 0.17919864285012593, "73": 0.1941594675339115, "74": 0.18919068726306204, "75": 0.15631403499533975, "76": 0.14884617323030605, "77": 0.1803643147856846, "78": 0.14179339919645317, "79": 0.1467421831180467, "80": 0.14842900826255026, "81": 0.14102624698700225, "82": 0.14126232105363473, "83": 0.1469317669955002, "84": 0.1474674801518709, "85": 0.15026390042631016, "86": 0.14607888614763676, "87": 0.16182347255892227, "88": 0.17191971186861138, "89": 0.16090356499515088, "90": 0.16325458382827898, "91": 0.1706252819828175, "92": 0.15903946680033, "93": 0.17702186047448626, "94": 0.16140033251050193, "95": 0.1635449930053855, "96": 0.17215878857709369, "97": 0.1808012361055863, "98": 0.20395049098198248, "99": 0.19561394307432473, "100": 0.20922064767384096}