{"1": 62.5, "2": 61.53846153846154, "3": 58.65384615384615, "4": 61.53846153846154, "5": 66.34615384615384, "6": 66.34615384615384, "7": 69.23076923076923, "8": 67.3076923076923, "9": 67.3076923076923, "10": 64.42307692307693, "11": 65.38461538461539, "12": 65.38461538461539, "13": 65.38461538461539, "14": 64.42307692307693, "15": 64.42307692307693, "16": 64.42307692307693, "17": 62.5, "18": 62.5, "19": 61.53846153846154, "20": 61.53846153846154, "21": 61.53846153846154, "22": 61.53846153846154, "23": 63.46153846153846, "24": 61.53846153846154, "25": 63.46153846153846, "26": 62.5, "27": 62.5, "28": 63.46153846153846, "29": 62.5, "30": 62.5, "31": 62.5, "32": 64.42307692307693, "33": 64.42307692307693, "34": 64.42307692307693, "35": 64.42307692307693, "36": 65.38461538461539, "37": 65.38461538461539, "38": 64.42307692307693, "39": 64.42307692307693, "40": 63.46153846153846, "41": 63.46153846153846, "42": 63.46153846153846, "43": 64.42307692307693, "44": 64.42307692307693, "45": 63.46153846153846, "46": 63.46153846153846, "47": 63.46153846153846, "48": 64.42307692307693, "49": 64.42307692307693, "50": 62.5, "51": 62.5, "52": 62.5, "53": 61.53846153846154, "54": 60.57692307692307, "55": 62.5, "56": 61.53846153846154, "57": 61.53846153846154, "58": 61.53846153846154, "59": 61.53846153846154, "60": 61.53846153846154, "61": 62.5, "62": 62.5, "63": 65.38461538461539, "64": 63.46153846153846, "65": 61.53846153846154, "66": 61.53846153846154, "67": 61.53846153846154, "68": 60.57692307692307, "69": 61.53846153846154, "70": 61.53846153846154, "71": 60.57692307692307, "72": 61.53846153846154, "73": 60.57692307692307, "74": 61.53846153846154, "75": 60.57692307692307, "76": 60.57692307692307, "77": 59.61538461538461, "78": 59.61538461538461, "79": 59.61538461538461, "80": 59.61538461538461, "81": 60.57692307692307, "82": 60.57692307692307, "83": 60.57692307692307, "84": 62.5, "85": 62.5, "86": 61.53846153846154, "87": 62.5, "88": 61.53846153846154, "89": 61.53846153846154, "90": 60.57692307692307, "91": 61.53846153846154, "92": 60.57692307692307, "93": 62.5, "94": 60.57692307692307, "95": 58.65384615384615, "96": 58.65384615384615, "97": 60.57692307692307, "98": 58.65384615384615, "99": 59.61538461538461, "100": 58.65384615384615}