{"1": 0.21148791993274454, "2": 0.21400892231867763, "3": 0.21278754450484144, "4": 0.21173216972277853, "5": 0.20038896046366086, "6": 0.19919417663060962, "7": 0.19969558404598498, "8": 0.20121293694300146, "9": 0.20189965416685984, "10": 0.20409057801615707, "11": 0.20025115055784096, "12": 0.20653884160790498, "13": 0.2057702356924334, "14": 0.20596170486703544, "15": 0.2079557228249356, "16": 0.2118707989778395, "17": 0.2084940696372601, "18": 0.20657277138586083, "19": 0.20680795951914854, "20": 0.20771463813882024, "21": 0.21149155622003887, "22": 0.2110217570909307, "23": 0.211335333009543, "24": 0.21378754024349436, "25": 0.2109570625617498, "26": 0.20818854791694277, "27": 0.21095386763752005, "28": 0.21081445893544778, "29": 0.21143860251109314, "30": 0.2130073801043595, "31": 0.21153755777962874, "32": 0.20932758127903903, "33": 0.2095522786349294, "34": 0.21064149408624194, "35": 0.21148067377446692, "36": 0.21179146692735867, "37": 0.21043780294971606, "38": 0.2121862009330204, "39": 0.21066352579326647, "40": 0.21043275982986984, "41": 0.21049713775298293, "42": 0.20980483270166006, "43": 0.21076418442453962, "44": 0.2113089490344436, "45": 0.211621164376254, "46": 0.21281019213004423, "47": 0.21209634430381782, "48": 0.2124115371023125, "49": 0.21202549618557875, "50": 0.212239432810623, "51": 0.2123642262715269, "52": 0.21425873578211152, "53": 0.21294835148920124, "54": 0.2139149459270629, "55": 0.21358617368577837, "56": 0.21289649343439987, "57": 0.2145141426908033, "58": 0.21569729212104324, "59": 0.2142758210560857, "60": 0.21280955710772004, "61": 0.21251323402192646, "62": 0.21145651002119795, "63": 0.2108490956498159, "64": 0.2107414969642653, "65": 0.21023272242359378, "66": 0.21122113740748996, "67": 0.21201784517702754, "68": 0.21252352287587145, "69": 0.2117768154775202, "70": 0.21148014434891138, "71": 0.2123888780694786, "72": 0.21235840978610437, "73": 0.21277354509211488, "74": 0.21282716983840305, "75": 0.21207982852305296, "76": 0.21222585214808865, "77": 0.21301276210792414, "78": 0.21184329616441208, "79": 0.21223956784916007, "80": 0.2129412203457137, "81": 0.21343229789252527, "82": 0.21443195025008904, "83": 0.2147341361130989, "84": 0.21491489940683808, "85": 0.21491723581221642, "86": 0.21293283955879327, "87": 0.21273644741507733, "88": 0.21156219619919964, "89": 0.21152575289374143, "90": 0.21172122753139264, "91": 0.21165746010079947, "92": 0.21201711980044433, "93": 0.21208269019808942, "94": 0.2120785843325355, "95": 0.2130320644736708, "96": 0.21238153550803826, "97": 0.21207538811714705, "98": 0.21277507919743102, "99": 0.21332998689742633, "100": 0.21617619790277037}