{"1": 68.62745098039215, "2": 64.70588235294117, "3": 62.745098039215684, "4": 64.70588235294117, "5": 66.66666666666666, "6": 74.50980392156863, "7": 70.58823529411765, "8": 74.50980392156863, "9": 72.54901960784314, "10": 70.58823529411765, "11": 74.50980392156863, "12": 74.50980392156863, "13": 72.54901960784314, "14": 72.54901960784314, "15": 74.50980392156863, "16": 76.47058823529412, "17": 72.54901960784314, "18": 72.54901960784314, "19": 70.58823529411765, "20": 74.50980392156863, "21": 72.54901960784314, "22": 72.54901960784314, "23": 70.58823529411765, "24": 72.54901960784314, "25": 72.54901960784314, "26": 74.50980392156863, "27": 74.50980392156863, "28": 72.54901960784314, "29": 74.50980392156863, "30": 74.50980392156863, "31": 72.54901960784314, "32": 72.54901960784314, "33": 72.54901960784314, "34": 74.50980392156863, "35": 74.50980392156863, "36": 74.50980392156863, "37": 74.50980392156863, "38": 74.50980392156863, "39": 72.54901960784314, "40": 72.54901960784314, "41": 72.54901960784314, "42": 70.58823529411765, "43": 72.54901960784314, "44": 72.54901960784314, "45": 74.50980392156863, "46": 72.54901960784314, "47": 72.54901960784314, "48": 74.50980392156863, "49": 72.54901960784314, "50": 72.54901960784314, "51": 72.54901960784314, "52": 72.54901960784314, "53": 72.54901960784314, "54": 74.50980392156863, "55": 74.50980392156863, "56": 72.54901960784314, "57": 72.54901960784314, "58": 70.58823529411765, "59": 72.54901960784314, "60": 72.54901960784314, "61": 72.54901960784314, "62": 72.54901960784314, "63": 74.50980392156863, "64": 74.50980392156863, "65": 74.50980392156863, "66": 72.54901960784314, "67": 74.50980392156863, "68": 72.54901960784314, "69": 72.54901960784314, "70": 72.54901960784314, "71": 74.50980392156863, "72": 74.50980392156863, "73": 74.50980392156863, "74": 74.50980392156863, "75": 74.50980392156863, "76": 74.50980392156863, "77": 74.50980392156863, "78": 74.50980392156863, "79": 74.50980392156863, "80": 74.50980392156863, "81": 72.54901960784314, "82": 72.54901960784314, "83": 72.54901960784314, "84": 72.54901960784314, "85": 72.54901960784314, "86": 70.58823529411765, "87": 74.50980392156863, "88": 72.54901960784314, "89": 74.50980392156863, "90": 74.50980392156863, "91": 74.50980392156863, "92": 74.50980392156863, "93": 74.50980392156863, "94": 74.50980392156863, "95": 74.50980392156863, "96": 72.54901960784314, "97": 72.54901960784314, "98": 72.54901960784314, "99": 72.54901960784314, "100": 72.54901960784314}