{"1": 0.2515854020344581, "2": 0.23788626602866417, "3": 0.22373241692462414, "4": 0.22241541771959578, "5": 0.2089577990093115, "6": 0.20897702575344182, "7": 0.20271989507828336, "8": 0.2052974519649137, "9": 0.20310186934560567, "10": 0.20501073491756855, "11": 0.20022937363862073, "12": 0.20030414053000128, "13": 0.2013532906077184, "14": 0.20467759431881938, "15": 0.21342605491810948, "16": 0.20731672715977323, "17": 0.21375127996556356, "18": 0.21002681818308552, "19": 0.2173600780811667, "20": 0.21647243570565194, "21": 0.21289307558555806, "22": 0.21486663271985765, "23": 0.20670112094150722, "24": 0.2147642787331126, "25": 0.21103613018126458, "26": 0.20706852612371304, "27": 0.20175857608397987, "28": 0.21105901126817284, "29": 0.2056950243563792, "30": 0.21474715816027126, "31": 0.21661957955679215, "32": 0.20890027439935802, "33": 0.20921493296874258, "34": 0.20429705970539083, "35": 0.2040257769480082, "36": 0.20584560711686287, "37": 0.19718008883405017, "38": 0.20156755387700762, "39": 0.19768271006943638, "40": 0.20442374587870552, "41": 0.2032623558145942, "42": 0.19897007532602534, "43": 0.2034042731440161, "44": 0.19777647683218444, "45": 0.19769750934390765, "46": 0.19568844492122, "47": 0.20026512708428634, "48": 0.19931098444768938, "49": 0.20324995626555123, "50": 0.2045885923891242, "51": 0.20535507308385276, "52": 0.19871981123108862, "53": 0.19716550405053726, "54": 0.19969251291205875, "55": 0.20534600588835558, "56": 0.20490949677707068, "57": 0.20359544487551984, "58": 0.20503417282056732, "59": 0.20612000158303906, "60": 0.20232335249518563, "61": 0.20743492558682475, "62": 0.19949596458410432, "63": 0.20728776169116966, "64": 0.20711230080474757, "65": 0.20436810451881965, "66": 0.2058495666693867, "67": 0.20833346923032703, "68": 0.21044887402473486, "69": 0.2054124702615765, "70": 0.20458348932549447, "71": 0.203694855297629, "72": 0.20198765280136965, "73": 0.20411192404403256, "74": 0.20197791358533346, "75": 0.20472390043669875, "76": 0.20141891347800758, "77": 0.20140680731975855, "78": 0.19690128837429158, "79": 0.1932890720806452, "80": 0.2020595946520254, "81": 0.19774677827249018, "82": 0.19202676406841715, "83": 0.19367956401165662, "84": 0.1983821826255473, "85": 0.19715045471538697, "86": 0.19963462528662407, "87": 0.1989960344725193, "88": 0.20010707972268296, "89": 0.198436939777431, "90": 0.19159874354654385, "91": 0.19926378564944466, "92": 0.19576310193211102, "93": 0.19975604953218043, "94": 0.19373025251500542, "95": 0.19607304191094513, "96": 0.1972059184536854, "97": 0.19803556768425423, "98": 0.1996651515630481, "99": 0.1982330509152585, "100": 0.20039713669766143}