{"1": 0.24696987322352243, "2": 0.2410038698297352, "3": 0.24231819310220237, "4": 0.24541305976296993, "5": 0.24281419914045793, "6": 0.24024342630367232, "7": 0.23926601349648868, "8": 0.23804656243028538, "9": 0.23752276751402385, "10": 0.2370984237324644, "11": 0.23754658644355756, "12": 0.2378551491025144, "13": 0.2366511313364035, "14": 0.23662748873961878, "15": 0.23501079673904704, "16": 0.23488598937491045, "17": 0.23612311478302891, "18": 0.23595680979971417, "19": 0.23742085475798283, "20": 0.23632005391311206, "21": 0.2357194804365485, "22": 0.23530242484207686, "23": 0.23494965058233816, "24": 0.23477934053028965, "25": 0.23718334413252634, "26": 0.2324655292778685, "27": 0.2327579809681657, "28": 0.23263935870292488, "29": 0.23218452318927374, "30": 0.23151643276952844, "31": 0.23207904458744433, "32": 0.2309528815237968, "33": 0.2313916003754346, "34": 0.23026415545173146, "35": 0.23034137972195648, "36": 0.23080276425803514, "37": 0.2295136704436685, "38": 0.23009845249520386, "39": 0.2299504065993959, "40": 0.2298648469217466, "41": 0.23016937463385417, "42": 0.23041419017629183, "43": 0.2306708013139882, "44": 0.2308455104056856, "45": 0.23099381108795078, "46": 0.23047495817830663, "47": 0.23110965495421043, "48": 0.23103464905309143, "49": 0.2311053337170155, "50": 0.23229900329313605, "51": 0.23102030201281204, "52": 0.23060052100232842, "53": 0.23055942369554064, "54": 0.23170387889099847, "55": 0.23087211008224545, "56": 0.22990592292884604, "57": 0.2299524874953887, "58": 0.22975977152317564, "59": 0.22966231495051923, "60": 0.2291396291044427, "61": 0.22914948023468962, "62": 0.2310118923804919, "63": 0.2305065857443395, "64": 0.23043670093446328, "65": 0.22986874624971895, "66": 0.23083177797210322, "67": 0.23045191259260608, "68": 0.23090912722631718, "69": 0.23111945134350437, "70": 0.22966543529234487, "71": 0.2300020547386087, "72": 0.2295498903131863, "73": 0.2294352558962818, "74": 0.22896879423946587, "75": 0.2289517722049336, "76": 0.22791765833597707, "77": 0.22961440152284793, "78": 0.22791047061855005, "79": 0.229410965555713, "80": 0.22879691545307906, "81": 0.22890133261893267, "82": 0.22961662288366527, "83": 0.22725078662566237, "84": 0.22812866339456178, "85": 0.22872837649524708, "86": 0.22883139152555815, "87": 0.2297871855697114, "88": 0.22815577948778826, "89": 0.22766199791641853, "90": 0.22816057148842106, "91": 0.22916666708811545, "92": 0.22911943541770946, "93": 0.22908159095240693, "94": 0.22815799274011933, "95": 0.22859856769953735, "96": 0.2276706447430779, "97": 0.2268080536323024, "98": 0.22756706159473197, "99": 0.22763399486011354, "100": 0.22678199761747142}