{"1": 0.13605714074516348, "2": 0.135612982972166, "3": 0.1302314696750833, "4": 0.128082896891694, "5": 0.12593285311800712, "6": 0.12788018632775203, "7": 0.12212542919422856, "8": 0.13744161633022778, "9": 0.13346703701769227, "10": 0.1317584112078472, "11": 0.13125449885086843, "12": 0.1410626797773647, "13": 0.12771884030953093, "14": 0.14942023984455677, "15": 0.12993380019712375, "16": 0.12831071557659374, "17": 0.12793062391696147, "18": 0.12072885913478082, "19": 0.11930982996921351, "20": 0.11898244002206763, "21": 0.12237918144978539, "22": 0.1210113797343785, "23": 0.10974164379817855, "24": 0.11001216827182365, "25": 0.11170533118873205, "26": 0.10626037709122427, "27": 0.10363146785702063, "28": 0.11014724874124537, "29": 0.10641704687722568, "30": 0.10856161205866673, "31": 0.10567906130887587, "32": 0.10644072208790818, "33": 0.10090871940012083, "34": 0.10136141967534576, "35": 0.10436436857974314, "36": 0.10408205656834808, "37": 0.10099024752357373, "38": 0.10174040814085046, "39": 0.09776485294513552, "40": 0.10376419922264002, "41": 0.09911748977073279, "42": 0.09753262583887332, "43": 0.10257221835239831, "44": 0.11051877547201294, "45": 0.10539989035497258, "46": 0.1084770032982457, "47": 0.10917653746711604, "48": 0.10668826402778002, "49": 0.1416916348529689, "50": 0.1309029176866804, "51": 0.17053181123321065, "52": 0.16084237939045487, "53": 0.13326787968690545, "54": 0.13837125769701758, "55": 0.16566796722873162, "56": 0.14274471186472332, "57": 0.15403774676544216, "58": 0.13559499498123176, "59": 0.14936636346241203, "60": 0.1542283111703065, "61": 0.12133107865647388, "62": 0.1184380218078623, "63": 0.1170473886794581, "64": 0.1340348233398073, "65": 0.11320614688896564, "66": 0.11963310396660538, "67": 0.12682313435855058, "68": 0.12354679622122422, "69": 0.12123964207958118, "70": 0.11076555700992755, "71": 0.14565291305194777, "72": 0.12975364092194064, "73": 0.14455408260825636, "74": 0.16376512902822773, "75": 0.1692580018474225, "76": 0.13596037229276753, "77": 0.1571005476319835, "78": 0.1312881508030094, "79": 0.1230027139614001, "80": 0.14488174074533064, "81": 0.12775168906959267, "82": 0.11529496982297141, "83": 0.11676815901946122, "84": 0.14049648201215711, "85": 0.10984307088916308, "86": 0.129406549567997, "87": 0.139530662945854, "88": 0.13374444103316918, "89": 0.12627013842679488, "90": 0.11531783966286904, "91": 0.13930217815039853, "92": 0.11640229394523534, "93": 0.15478886369005496, "94": 0.11418084951016556, "95": 0.10728152123828436, "96": 0.10790161654284125, "97": 0.12297737303073353, "98": 0.13169904602324242, "99": 0.13090868465201905, "100": 0.12924906355261984}