{"1": 0.21318429350701915, "2": 0.2024929342656595, "3": 0.19715404957678237, "4": 0.2000136974857179, "5": 0.1945755051656026, "6": 0.19571208566386294, "7": 0.1870537973485552, "8": 0.18815002593044655, "9": 0.18942799624942835, "10": 0.18332125445204145, "11": 0.1842605288848791, "12": 0.1829079898017967, "13": 0.18746786120673747, "14": 0.18701198438537242, "15": 0.1878107124426385, "16": 0.18767516357206346, "17": 0.18345649341969986, "18": 0.18623713783131846, "19": 0.1882058977730569, "20": 0.18867217731505875, "21": 0.1908498295904778, "22": 0.19263687772414848, "23": 0.19031855830835168, "24": 0.1953696176629318, "25": 0.19782961511400737, "26": 0.19412956766678538, "27": 0.19017723703636605, "28": 0.187637025254054, "29": 0.19101052763940826, "30": 0.18860315769229932, "31": 0.18811072163059575, "32": 0.18779040695539398, "33": 0.19321842268339662, "34": 0.18973561757800061, "35": 0.18784829391691948, "36": 0.19160807626363255, "37": 0.18822890825539845, "38": 0.1864031073147245, "39": 0.1867900375442668, "40": 0.1843796404131892, "41": 0.1849862049085256, "42": 0.18389331612503834, "43": 0.1859158160506668, "44": 0.18949641913186427, "45": 0.1876934959618309, "46": 0.18693067419686557, "47": 0.18748086581973578, "48": 0.1873472203651459, "49": 0.19093257242616196, "50": 0.18700733147839863, "51": 0.19133360035932348, "52": 0.19039390093149341, "53": 0.19001209117813317, "54": 0.1900040267354301, "55": 0.18944256935752277, "56": 0.18935504326761293, "57": 0.18902930609534524, "58": 0.18907814786160188, "59": 0.18901042836213966, "60": 0.18963548888173795, "61": 0.18882281443892276, "62": 0.1907717444776555, "63": 0.1879668496840131, "64": 0.18853248251515803, "65": 0.18934627262246317, "66": 0.18930559510856235, "67": 0.18929242585629671, "68": 0.19089813475417622, "69": 0.19056377835434832, "70": 0.19163419910168822, "71": 0.19307116135785346, "72": 0.19142245346205652, "73": 0.1938899862880961, "74": 0.19272593385664052, "75": 0.1925180314307773, "76": 0.1894390104243041, "77": 0.18987273345567457, "78": 0.19289371022140442, "79": 0.19323637874083843, "80": 0.1920095407439845, "81": 0.19362295619551992, "82": 0.19297739485711768, "83": 0.19333449239773778, "84": 0.19357194196396468, "85": 0.19400181120127843, "86": 0.1928237930681396, "87": 0.19225828907706896, "88": 0.19196400851879158, "89": 0.19257965683262696, "90": 0.19483819740107503, "91": 0.1949423856739381, "92": 0.1941047247619235, "93": 0.19197909213624514, "94": 0.1957060619943853, "95": 0.1961622719162393, "96": 0.19663185663491795, "97": 0.19556154530449604, "98": 0.1937333047629433, "99": 0.19335744057057042, "100": 0.19265604946139683}