{"1": 3.87893497515351, "2": 3.880576944859627, "3": 3.870541265874973, "4": 3.851921117426185, "5": 3.8608646375799838, "6": 3.913307369696728, "7": 3.995570615992934, "8": 4.048658036573432, "9": 3.9408029963039004, "10": 4.011744649933007, "11": 3.920094465971446, "12": 3.851790865803429, "13": 3.7783225656871555, "14": 3.785153717968961, "15": 3.7016671448280354, "16": 3.66590956699475, "17": 3.676145462479906, "18": 3.5936538028730842, "19": 3.622208413170725, "20": 3.6787020922224998, "21": 3.768452040642945, "22": 3.774862658206283, "23": 3.727566561630176, "24": 3.7002546656298234, "25": 3.824581401110895, "26": 3.7168452141651755, "27": 3.7525223410469444, "28": 3.7571627543045025, "29": 3.7856548534090493, "30": 3.8030350435987943, "31": 3.8001337668804207, "32": 3.8687881618549333, "33": 3.812720333940068, "34": 3.8251312903245496, "35": 3.888552822851251, "36": 3.88039561587847, "37": 3.863163368048199, "38": 3.9212903185767187, "39": 3.8605423094297686, "40": 3.881735191694775, "41": 3.8461777167071087, "42": 3.733652039396593, "43": 3.8621435706464524, "44": 3.817171401989479, "45": 3.763667335289145, "46": 3.684509458406608, "47": 3.5661067397025352, "48": 3.497942956339891, "49": 3.5047980106805037, "50": 3.4822746843208474, "51": 3.4536989638986055, "52": 3.3860573459350922, "53": 3.366438878638708, "54": 3.37279727491829, "55": 3.356645435932436, "56": 3.3384345118785568, "57": 3.334475102610152, "58": 3.3466921551194684, "59": 3.3657005834475773, "60": 3.306610566677559, "61": 3.267562914699485, "62": 3.2700577848611347, "63": 3.2608772525181386, "64": 3.2736506769911697, "65": 3.2227144487874977, "66": 3.171733549161467, "67": 3.274010981737254, "68": 3.305197486180231, "69": 3.3038630417845223, "70": 3.322300096597088, "71": 3.262504021313065, "72": 3.324501499055402, "73": 3.239594454712263, "74": 3.1960092840020966, "75": 3.2280080861361586, "76": 3.287468349987834, "77": 3.2864485781768384, "78": 3.3524366078888233, "79": 3.3235473183851125, "80": 3.4348860234254315, "81": 3.4296836306191465, "82": 3.5308779788380438, "83": 3.5690382198183936, "84": 3.5005789321577736, "85": 3.454502001705462, "86": 3.455138003910385, "87": 3.4557759533250367, "88": 3.508070691430964, "89": 3.4888415950924236, "90": 3.4975858846630663, "91": 3.5079138298908865, "92": 3.462735345771528, "93": 3.485890670250206, "94": 3.573592910440212, "95": 3.630651727467674, "96": 3.6121089308741015, "97": 3.5588958236441948, "98": 3.6514425353006192, "99": 3.6989007508856817, "100": 3.722362596209087}