{"1": 0.06559167671250656, "2": 0.48469050304529054, "3": 0.5788266595148909, "4": 0.5779472089128552, "5": 0.5451461519384784, "6": 0.5615938748852187, "7": 0.497575724985178, "8": 0.4413079036879067, "9": 0.45749061159254756, "10": 0.47439144673027484, "11": 0.5061558138695894, "12": 0.511260529980167, "13": 0.47814635591837806, "14": 0.5238485175834531, "15": 0.4879886696993645, "16": 0.5288772233865792, "17": 0.568787399623851, "18": 0.542507119443051, "19": 0.5505440182497344, "20": 0.5651736200215234, "21": 0.7144558217882753, "22": 0.592366931477502, "23": 0.5499034895991807, "24": 0.6399060467220612, "25": 0.6865373493095654, "26": 0.5407275706629256, "27": 0.5122411763945112, "28": 0.47056393068132235, "29": 0.502329659199278, "30": 0.5600600549497798, "31": 0.48888241477712985, "32": 0.4739503600506161, "33": 0.5213823801754227, "34": 0.46662977330549765, "35": 0.5345283061250468, "36": 0.5244119014443547, "37": 0.5618450492444689, "38": 0.5500187529907787, "39": 0.4937997144281404, "40": 0.5604053913316938, "41": 0.5756566893495038, "42": 0.5834244889781651, "43": 0.511806896608057, "44": 0.5862082814024105, "45": 0.5918008248593185, "46": 0.5343036786492946, "47": 0.5572231687585384, "48": 0.5853605963019964, "49": 0.5410919663458124, "50": 0.5146957420840937, "51": 0.6255718641153524, "52": 0.5684509122031032, "53": 0.5217631124020006, "54": 0.6402740727479904, "55": 0.6293099829668842, "56": 0.5361549267045085, "57": 0.590617333027477, "58": 0.6150565754928701, "59": 0.662363575679152, "60": 0.649952794195626, "61": 0.6678878233075738, "62": 0.6057027697475346, "63": 0.6746917668584622, "64": 0.6248607706719107, "65": 0.6287261784263688, "66": 0.5753506060517365, "67": 0.5425524987310817, "68": 0.504043861804639, "69": 0.5183485478741279, "70": 0.5462123383107605, "71": 0.5413597041451937, "72": 0.5347733542804127, "73": 0.4942349018003552, "74": 0.4509251362002606, "75": 0.5463305513560807, "76": 0.4964662013928265, "77": 0.5759144437055184, "78": 0.5125064183330509, "79": 0.48788928905857715, "80": 0.5614772501149797, "81": 0.5896652755645921, "82": 0.5285071552926884, "83": 0.5112031251808081, "84": 0.5770187486797463, "85": 0.5931417828206268, "86": 0.5857020754444278, "87": 0.5797848431816599, "88": 0.5572796659721366, "89": 0.6076797184305937, "90": 0.5912692065000384, "91": 0.5173490690552509, "92": 0.5099787919897388, "93": 0.5310406809434445, "94": 0.5458213957443757, "95": 0.5987495283390251, "96": 0.5795327612366491, "97": 0.5263750094445643, "98": 0.5078979247370894, "99": 0.46429818548647844, "100": 0.43899083724105725}