{"1": 6.329113924050633, "2": 6.962025316455696, "3": 6.329113924050633, "4": 6.962025316455696, "5": 9.49367088607595, "6": 7.59493670886076, "7": 8.227848101265822, "8": 7.59493670886076, "9": 9.49367088607595, "10": 12.658227848101266, "11": 12.658227848101266, "12": 10.759493670886076, "13": 9.49367088607595, "14": 8.860759493670885, "15": 10.759493670886076, "16": 8.227848101265822, "17": 8.227848101265822, "18": 6.962025316455696, "19": 6.962025316455696, "20": 6.962025316455696, "21": 7.59493670886076, "22": 7.59493670886076, "23": 12.658227848101266, "24": 12.658227848101266, "25": 15.822784810126583, "26": 18.354430379746837, "27": 15.822784810126583, "28": 15.822784810126583, "29": 18.9873417721519, "30": 18.354430379746837, "31": 20.88607594936709, "32": 20.253164556962027, "33": 22.78481012658228, "34": 22.151898734177212, "35": 22.78481012658228, "36": 20.88607594936709, "37": 18.354430379746837, "38": 17.72151898734177, "39": 20.253164556962027, "40": 18.9873417721519, "41": 18.9873417721519, "42": 13.924050632911392, "43": 17.72151898734177, "44": 15.822784810126583, "45": 16.455696202531644, "46": 13.291139240506327, "47": 13.291139240506327, "48": 14.556962025316455, "49": 15.18987341772152, "50": 13.924050632911392, "51": 15.18987341772152, "52": 15.822784810126583, "53": 16.455696202531644, "54": 14.556962025316455, "55": 15.822784810126583, "56": 15.822784810126583, "57": 13.291139240506327, "58": 15.822784810126583, "59": 18.354430379746837, "60": 17.72151898734177, "61": 17.088607594936708, "62": 17.72151898734177, "63": 17.72151898734177, "64": 17.72151898734177, "65": 16.455696202531644, "66": 12.658227848101266, "67": 13.924050632911392, "68": 13.924050632911392, "69": 12.658227848101266, "70": 12.025316455696203, "71": 13.924050632911392, "72": 10.126582278481013, "73": 8.860759493670885, "74": 10.126582278481013, "75": 8.227848101265822, "76": 6.329113924050633, "77": 8.227848101265822, "78": 7.59493670886076, "79": 7.59493670886076, "80": 8.227848101265822, "81": 8.227848101265822, "82": 8.227848101265822, "83": 6.962025316455696, "84": 10.126582278481013, "85": 8.860759493670885, "86": 9.49367088607595, "87": 8.860759493670885, "88": 8.860759493670885, "89": 8.227848101265822, "90": 8.227848101265822, "91": 8.860759493670885, "92": 9.49367088607595, "93": 13.291139240506327, "94": 15.18987341772152, "95": 9.49367088607595, "96": 15.822784810126583, "97": 10.126582278481013, "98": 10.126582278481013, "99": 17.72151898734177, "100": 11.39240506329114}