{"1": 0.3255381201299449, "2": 0.27671723990433195, "3": 0.23525899645389814, "4": 0.2243555268855955, "5": 0.21505503283827254, "6": 0.21113760757684788, "7": 0.2224926521737461, "8": 0.20452312898385325, "9": 0.1881504914718652, "10": 0.1786803485067331, "11": 0.17815252797964923, "12": 0.16212958411427136, "13": 0.16205549249054907, "14": 0.15395458425872569, "15": 0.1480026368261093, "16": 0.1440315313302521, "17": 0.14165160019685719, "18": 0.13871781352908175, "19": 0.1358966296089735, "20": 0.13634862042098692, "21": 0.1356481179461183, "22": 0.1356767342453966, "23": 0.13511267362534918, "24": 0.1391531223287401, "25": 0.12553298465853713, "26": 0.12479094725808176, "27": 0.12411428360040352, "28": 0.1213816857865096, "29": 0.12484502615619246, "30": 0.12183350559881938, "31": 0.11425556141288087, "32": 0.11170027175373189, "33": 0.11259332760323608, "34": 0.11005341368234922, "35": 0.10807060027725392, "36": 0.10935810501750458, "37": 0.10702123441696565, "38": 0.10773883143069012, "39": 0.10503615735326999, "40": 0.09994435901787416, "41": 0.09909972053870292, "42": 0.09915766981269977, "43": 0.10280728716504203, "44": 0.10894820257001706, "45": 0.10517477489579573, "46": 0.10138904138317834, "47": 0.09754687954009775, "48": 0.09895683035900804, "49": 0.09534923074736996, "50": 0.09700894137146787, "51": 0.09433221071908379, "52": 0.09465878401818739, "53": 0.09446530662542542, "54": 0.09209860142752117, "55": 0.09232148191150157, "56": 0.09469499171397083, "57": 0.09384670202872142, "58": 0.09499040875156976, "59": 0.09791620485440784, "60": 0.10354318787334355, "61": 0.10523716295690591, "62": 0.10097315384409464, "63": 0.09813434064129133, "64": 0.09550925708529659, "65": 0.09366718370668735, "66": 0.09642371581117332, "67": 0.09309009211823843, "68": 0.09637950755440025, "69": 0.09677924229093966, "70": 0.10029795064858965, "71": 0.09966497419671602, "72": 0.09744487731366828, "73": 0.0965103688862643, "74": 0.09694678493886023, "75": 0.09547542952317961, "76": 0.09517009862501219, "77": 0.09924788944026962, "78": 0.09611603883190066, "79": 0.0963045881824069, "80": 0.09618628004718514, "81": 0.09647055981918565, "82": 0.09068647625124944, "83": 0.09074383872679756, "84": 0.08862249262958619, "85": 0.08855567829182089, "86": 0.08949910383996915, "87": 0.09148837546113459, "88": 0.08893241830149612, "89": 0.08924134272709773, "90": 0.08757496097520648, "91": 0.087823067332305, "92": 0.0870368826309816, "93": 0.08612639181979655, "94": 0.08576453526980249, "95": 0.0849996918029908, "96": 0.08550202961682188, "97": 0.08661470254720104, "98": 0.08862011227006542, "99": 0.0915783778196045, "100": 0.10187771014255337}