{"1": 0.2731547344900457, "2": 0.16677586631002533, "3": 0.09391458852492257, "4": 0.07671610910410542, "5": 0.0657083476322901, "6": 0.06508984152253655, "7": 0.041730205785214934, "8": 0.05695732987211126, "9": 0.05361314541994166, "10": 0.041102889719664575, "11": 0.05161322062469739, "12": 0.10327648296483176, "13": 0.10098639173887765, "14": 0.045768386356075136, "15": 0.07203474027880422, "16": 0.09855344405872607, "17": 0.14270048461481416, "18": 0.20228255538143874, "19": 0.1702438585594333, "20": 0.1358371525776096, "21": 0.18083765540114546, "22": 0.1322000446218591, "23": 0.192132093441596, "24": 0.15155577400625805, "25": 0.17033498861040444, "26": 0.16268158266694016, "27": 0.1250530729770088, "28": 0.1404957191122958, "29": 0.0939503002605738, "30": 0.1147350407007833, "31": 0.07615189780747628, "32": 0.10153668460758905, "33": 0.11868619699619795, "34": 0.10911502529480543, "35": 0.1141249300971499, "36": 0.11939036850833346, "37": 0.10830979244367575, "38": 0.08540342835858196, "39": 0.12768107185067096, "40": 0.08954666542750747, "41": 0.10207285340816742, "42": 0.16499544662371168, "43": 0.11717896711533313, "44": 0.10196395339087846, "45": 0.1748827544261847, "46": 0.10152477162753562, "47": 0.0865662882368907, "48": 0.12834948490161047, "49": 0.12422577163491597, "50": 0.11831178145203325, "51": 0.11093289134756068, "52": 0.1032637751586018, "53": 0.11488799444431987, "54": 0.14420978302416695, "55": 0.17531134024718337, "56": 0.09897348834258829, "57": 0.13148025020943452, "58": 0.1535899123677145, "59": 0.16181993045659682, "60": 0.169771265378338, "61": 0.15003074985210377, "62": 0.1479180401151836, "63": 0.12005763900892802, "64": 0.12085551768221098, "65": 0.12434238864747829, "66": 0.12229721858778023, "67": 0.08701260639791975, "68": 0.09357701801849254, "69": 0.1304298618301999, "70": 0.11456541154840924, "71": 0.0817741754810565, "72": 0.06876963485600879, "73": 0.05572533882113419, "74": 0.0897130858634426, "75": 0.09234534544034606, "76": 0.07647529026794062, "77": 0.09233547183886512, "78": 0.10891758500288955, "79": 0.11624614322586141, "80": 0.10100780912470637, "81": 0.11783117838225673, "82": 0.1122382107388496, "83": 0.1451726288296965, "84": 0.1270574543233221, "85": 0.10695352161442834, "86": 0.14850131155229127, "87": 0.14339297556541375, "88": 0.1184708432322289, "89": 0.1582589679100305, "90": 0.1308162646460731, "91": 0.1301438738680706, "92": 0.1529461565970124, "93": 0.1614624575756688, "94": 0.160258381344631, "95": 0.17022545344696724, "96": 0.1561995006042136, "97": 0.10317021290900304, "98": 0.1005390372812155, "99": 0.11226618923932524, "100": 0.08307481145139001}