{"1": 0.3714563069717569, "2": 0.23546125729611894, "3": 0.20123964558779145, "4": 0.2142270114652362, "5": 0.28926320414648027, "6": 0.25952071467076265, "7": 0.2770196226970231, "8": 0.32731406719610534, "9": 0.3307236076448544, "10": 0.34029071867871674, "11": 0.34851472999360256, "12": 0.3488845597417377, "13": 0.32303649482835906, "14": 0.2915954414763555, "15": 0.2973322713187963, "16": 0.2857596072818636, "17": 0.2903619263126248, "18": 0.2507723167631856, "19": 0.28753156140243386, "20": 0.30088068905536736, "21": 0.29429393556130184, "22": 0.2876823715565761, "23": 0.25341475786360335, "24": 0.25710604667039316, "25": 0.2675664056592726, "26": 0.2823788498758529, "27": 0.27901461733111166, "28": 0.25088743610620756, "29": 0.23983253766300283, "30": 0.20657838026732084, "31": 0.19818597720049613, "32": 0.21590934035212922, "33": 0.22373077518134768, "34": 0.22527136050363777, "35": 0.2092719922586895, "36": 0.21426089108763907, "37": 0.19493083018833982, "38": 0.1834456845833122, "39": 0.21661012939946253, "40": 0.20148202510655708, "41": 0.19185455662074777, "42": 0.2095746790660365, "43": 0.21534228209467873, "44": 0.207989165481773, "45": 0.20455570198770695, "46": 0.2070178775690033, "47": 0.20256912042873587, "48": 0.19885579333844441, "49": 0.1805931669318423, "50": 0.18640304339697006, "51": 0.20596382767824392, "52": 0.20419897294934075, "53": 0.2006004322080881, "54": 0.1829632354695078, "55": 0.18324008526447627, "56": 0.20181829997107364, "57": 0.19877986811860535, "58": 0.1879206640054286, "59": 0.2106920222142934, "60": 0.21220531000281567, "61": 0.19527668794862563, "62": 0.19982670112223228, "63": 0.21362052793747094, "64": 0.1906017618720385, "65": 0.20382915571494903, "66": 0.18323096723649396, "67": 0.1819949649327162, "68": 0.1843675190682656, "69": 0.17891486837197193, "70": 0.16361113617191392, "71": 0.15959655282117102, "72": 0.18053088586595764, "73": 0.1613399706510598, "74": 0.1838440312855199, "75": 0.21442979988318606, "76": 0.1888603779859063, "77": 0.17574425201571958, "78": 0.16900504077648298, "79": 0.17940791262006855, "80": 0.18596987753209043, "81": 0.18125234080147606, "82": 0.17143666198192062, "83": 0.18069853502373578, "84": 0.18521377936767777, "85": 0.2011366975911857, "86": 0.1957957148104268, "87": 0.20475113954122995, "88": 0.18915763614693196, "89": 0.18958372224858888, "90": 0.1736345822223619, "91": 0.20190833867011948, "92": 0.19839764811846944, "93": 0.19083772157754922, "94": 0.20607916312700286, "95": 0.19520219822498047, "96": 0.20838598348195628, "97": 0.21259376370767563, "98": 0.20286871705483453, "99": 0.2179760921693572, "100": 0.22051744421563405}