{"1": 56.33802816901409, "2": 60.56338028169014, "3": 61.267605633802816, "4": 59.859154929577464, "5": 59.859154929577464, "6": 59.859154929577464, "7": 62.676056338028175, "8": 57.04225352112676, "9": 59.859154929577464, "10": 56.33802816901409, "11": 58.45070422535211, "12": 54.22535211267606, "13": 55.633802816901415, "14": 54.929577464788736, "15": 57.04225352112676, "16": 59.154929577464785, "17": 57.74647887323944, "18": 62.676056338028175, "19": 57.04225352112676, "20": 57.74647887323944, "21": 58.45070422535211, "22": 54.929577464788736, "23": 61.97183098591549, "24": 57.04225352112676, "25": 56.33802816901409, "26": 60.56338028169014, "27": 61.97183098591549, "28": 55.633802816901415, "29": 59.154929577464785, "30": 59.154929577464785, "31": 57.04225352112676, "32": 59.154929577464785, "33": 59.154929577464785, "34": 60.56338028169014, "35": 58.45070422535211, "36": 57.74647887323944, "37": 57.74647887323944, "38": 54.22535211267606, "39": 59.859154929577464, "40": 54.929577464788736, "41": 57.74647887323944, "42": 59.859154929577464, "43": 58.45070422535211, "44": 57.04225352112676, "45": 60.56338028169014, "46": 57.04225352112676, "47": 58.45070422535211, "48": 60.56338028169014, "49": 54.929577464788736, "50": 57.04225352112676, "51": 54.22535211267606, "52": 55.633802816901415, "53": 55.633802816901415, "54": 54.929577464788736, "55": 53.52112676056338, "56": 56.33802816901409, "57": 55.633802816901415, "58": 52.816901408450704, "59": 52.816901408450704, "60": 54.929577464788736, "61": 52.112676056338024, "62": 55.633802816901415, "63": 56.33802816901409, "64": 54.929577464788736, "65": 57.04225352112676, "66": 54.22535211267606, "67": 54.22535211267606, "68": 53.52112676056338, "69": 56.33802816901409, "70": 55.633802816901415, "71": 54.929577464788736, "72": 53.52112676056338, "73": 53.52112676056338, "74": 53.52112676056338, "75": 52.112676056338024, "76": 53.52112676056338, "77": 52.112676056338024, "78": 53.52112676056338, "79": 56.33802816901409, "80": 53.52112676056338, "81": 53.52112676056338, "82": 54.22535211267606, "83": 55.633802816901415, "84": 53.52112676056338, "85": 54.929577464788736, "86": 55.633802816901415, "87": 54.929577464788736, "88": 55.633802816901415, "89": 55.633802816901415, "90": 55.633802816901415, "91": 54.22535211267606, "92": 57.04225352112676, "93": 55.633802816901415, "94": 57.74647887323944, "95": 57.04225352112676, "96": 57.74647887323944, "97": 57.74647887323944, "98": 57.74647887323944, "99": 57.04225352112676, "100": 57.74647887323944}