{"1": 0.194333914033609, "2": 0.1900452091540011, "3": 0.1871602594656418, "4": 0.18616834142227173, "5": 0.17292761911909205, "6": 0.17108406654622443, "7": 0.17112586225714665, "8": 0.1721561921634352, "9": 0.17321818215732504, "10": 0.17370080365540705, "11": 0.17167188007729414, "12": 0.17459530896195233, "13": 0.1737506464420539, "14": 0.17380670566315448, "15": 0.17514744574606828, "16": 0.1778931342872732, "17": 0.17700528717577532, "18": 0.17631075298390916, "19": 0.17668891144617985, "20": 0.17740251184575545, "21": 0.17960435604979702, "22": 0.17919624728496292, "23": 0.1788477890723148, "24": 0.1800469880864863, "25": 0.1789455543041173, "26": 0.17685082607937924, "27": 0.179043619219383, "28": 0.17827368535042926, "29": 0.1786162638736301, "30": 0.1793490280583341, "31": 0.17870174289753185, "32": 0.1773293567335475, "33": 0.17756401035569966, "34": 0.17831002551369204, "35": 0.17892042757098678, "36": 0.1792792547217755, "37": 0.17878190303930713, "38": 0.17995244024087512, "39": 0.17923298503112844, "40": 0.17914698123508657, "41": 0.1792566128117112, "42": 0.17932026439094806, "43": 0.1798072129559789, "44": 0.17985571300340458, "45": 0.18051191603127417, "46": 0.18177936277468487, "47": 0.18110768758446352, "48": 0.18085041794510143, "49": 0.18091328236265783, "50": 0.18120684826297745, "51": 0.18126396661400765, "52": 0.1823236442401822, "53": 0.18143190187099464, "54": 0.1820514261390078, "55": 0.18207169059783393, "56": 0.18146353072727392, "57": 0.18229893062842623, "58": 0.1830649223540428, "59": 0.18212692635263653, "60": 0.18137407513197365, "61": 0.18131430307273003, "62": 0.18048039794564522, "63": 0.18046736679609446, "64": 0.1803744636292745, "65": 0.18002053677585028, "66": 0.1807217682205459, "67": 0.18140476770677694, "68": 0.18199446864202717, "69": 0.18172201662714838, "70": 0.18150432989242918, "71": 0.18207166151377827, "72": 0.1821101733673619, "73": 0.18253651494061654, "74": 0.18240230520299572, "75": 0.1820031006370948, "76": 0.18184049325494386, "77": 0.18224687719758031, "78": 0.18175541847161986, "79": 0.18202133689620703, "80": 0.182751263187906, "81": 0.18315290372705217, "82": 0.18406592764324273, "83": 0.18445101148376078, "84": 0.18461666475091043, "85": 0.18459621167637397, "86": 0.1835250775424516, "87": 0.18330784489530016, "88": 0.18243816313264524, "89": 0.18250117952449935, "90": 0.1824796586073504, "91": 0.18229420253956077, "92": 0.18239665934771673, "93": 0.1822170052230796, "94": 0.18238787423623026, "95": 0.18300340006878368, "96": 0.1824062499105867, "97": 0.18243163789804062, "98": 0.18302892028084233, "99": 0.18331845952884204, "100": 0.18473219996634457}