{"1": 0.6145294950623931, "2": 0.9081033113947166, "3": 0.7734051052152827, "4": 0.04340937313732204, "5": 0.8054462860115849, "6": 0.7298450728416986, "7": 0.6899181062678553, "8": 0.6352837124432503, "9": 0.6051731934562159, "10": 0.623851308409667, "11": 0.5857529002470222, "12": 0.600816554908825, "13": 0.5854152783440735, "14": 0.5682895888341539, "15": 0.6059786758187615, "16": 0.6199169241374022, "17": 0.5759850084984062, "18": 0.5665865041543604, "19": 0.554957834700044, "20": 0.5484828909873785, "21": 0.5854152783440735, "22": 0.5803824884050247, "23": 0.5787719774728138, "24": 0.5757705913624609, "25": 0.5835706102856241, "26": 0.5715757299768996, "27": 0.5832257276965904, "28": 0.5696112605980491, "29": 0.5555845226677485, "30": 0.5652342013710444, "31": 0.5472721715827183, "32": 0.5312344505033357, "33": 0.53254001261998, "34": 0.5277118832699498, "35": 0.5169901188869277, "36": 0.5001575795776867, "37": 0.5072356140282809, "38": 0.5091442668828536, "39": 0.4946095078230489, "40": 0.4974368643638039, "41": 0.4943517534670343, "42": 0.4963597869623944, "43": 0.5131120049318211, "44": 0.5295347692701445, "45": 0.5260362530594149, "46": 0.5170758857413058, "47": 0.5219074185379383, "48": 0.5239528899459238, "49": 0.5292139377037672, "50": 0.5336899237786789, "51": 0.5285559380273215, "52": 0.5320605804419353, "53": 0.5343889917107923, "54": 0.5403402584395832, "55": 0.5538326552533219, "56": 0.5560165334898011, "57": 0.5634653167236063, "58": 0.5590975602506479, "59": 0.560634556736249, "60": 0.5481436808093487, "61": 0.5513429206155156, "62": 0.552337180816269, "63": 0.5578124188136175, "64": 0.5572277066873415, "65": 0.5553374324444211, "66": 0.557798351234328, "67": 0.569374834507409, "68": 0.5760451360550469, "69": 0.5776275118286787, "70": 0.5746610677701094, "71": 0.5637409958983931, "72": 0.5672787651932693, "73": 0.5739415791583821, "74": 0.5794052454372828, "75": 0.5756548741779826, "76": 0.5749122421293595, "77": 0.5820342944893435, "78": 0.5865347853797918, "79": 0.5865742653603785, "80": 0.5844997512080534, "81": 0.5825513914764537, "82": 0.5887622277327804, "83": 0.585209256376414, "84": 0.5924874134872236, "85": 0.5838773742727118, "86": 0.5793900433757925, "87": 0.58071511858629, "88": 0.5771194906991746, "89": 0.573750986148653, "90": 0.5679801020897843, "91": 0.5663271615232647, "92": 0.5596325820565303, "93": 0.5586809783865258, "94": 0.5541838909426798, "95": 0.5512233461915546, "96": 0.5441065124496942, "97": 0.5348527680344665, "98": 0.5117930559252076, "99": 0.4870613439484564, "100": 0.4437540742092035}