{"1": 0.2418539501627621, "2": 0.283829131527129, "3": 0.22046077245526235, "4": 0.18800519380391417, "5": 0.2320553868509814, "6": 0.23429372829877146, "7": 0.24838565275181965, "8": 0.27380671822677116, "9": 0.26319502502159775, "10": 0.26447775302859095, "11": 0.26048507425304435, "12": 0.26345525970479083, "13": 0.2479518726928375, "14": 0.23546092397417107, "15": 0.25099025058287383, "16": 0.24725559505254308, "17": 0.23811620970245706, "18": 0.21657223346176818, "19": 0.23111020794702258, "20": 0.24622963636792922, "21": 0.24375182850275567, "22": 0.23385374693932842, "23": 0.2173309341839856, "24": 0.22141949828853497, "25": 0.23075955363538994, "26": 0.22871084371092634, "27": 0.22978500840895305, "28": 0.2047120972734619, "29": 0.18906243111445462, "30": 0.17294994420337523, "31": 0.1672542617228932, "32": 0.17730943659423126, "33": 0.18409769858488906, "34": 0.18406478970549714, "35": 0.1894328772349262, "36": 0.17864260332498605, "37": 0.15600446539204862, "38": 0.14582892092320007, "39": 0.1620772227844277, "40": 0.15621507335426427, "41": 0.15802216239317451, "42": 0.15473655888985613, "43": 0.15986171616400824, "44": 0.16077416463507643, "45": 0.15767871330409344, "46": 0.16379263379172332, "47": 0.1556297258526499, "48": 0.1505881042333935, "49": 0.14336647509084116, "50": 0.14177107240119902, "51": 0.16683449035131148, "52": 0.15726710875550606, "53": 0.1486486517363813, "54": 0.13640207110421282, "55": 0.14241053147795807, "56": 0.14918436087242604, "57": 0.15567367204082977, "58": 0.15308142386832607, "59": 0.18100292631288295, "60": 0.17698463913433052, "61": 0.1569330340344561, "62": 0.15254066646623204, "63": 0.1742062431798779, "64": 0.15293305799609605, "65": 0.16004608257857583, "66": 0.1412930003655449, "67": 0.14606950132678834, "68": 0.14297680050540718, "69": 0.14989763266687647, "70": 0.12910272464536177, "71": 0.12340409817445304, "72": 0.135336249949149, "73": 0.12544962922850852, "74": 0.1300979723912084, "75": 0.14618409756033574, "76": 0.1396838377109101, "77": 0.1290863066861744, "78": 0.12540268150784473, "79": 0.1348389401147781, "80": 0.13774551590169146, "81": 0.12908822166738843, "82": 0.12349470044975536, "83": 0.13724514323380566, "84": 0.147689520391567, "85": 0.15130510887653714, "86": 0.13928761731275136, "87": 0.16951644356447854, "88": 0.13505726248477332, "89": 0.1436681062063685, "90": 0.13111197094990512, "91": 0.14995816849645716, "92": 0.15202840044688082, "93": 0.15430022001312155, "94": 0.16639146517131553, "95": 0.15721758181004075, "96": 0.17038970175512383, "97": 0.16670902571835655, "98": 0.16265469427524368, "99": 0.174098682460037, "100": 0.18195274720526153}