{"1": 0.21427112551355823, "2": 0.22060782223623523, "3": 0.19849613050117684, "4": 0.19376107916525212, "5": 0.1911784576050346, "6": 0.1915139882858542, "7": 0.18758200031083877, "8": 0.19178229713521133, "9": 0.19102883616915162, "10": 0.191691640358421, "11": 0.19010471634849482, "12": 0.19207955357392978, "13": 0.19254535205826204, "14": 0.18840968921434448, "15": 0.1949295255776582, "16": 0.19098497307608128, "17": 0.18794549586481069, "18": 0.1896941502910384, "19": 0.19279281692626435, "20": 0.19394176914600772, "21": 0.19650798124403787, "22": 0.19169101123377444, "23": 0.18923782069361442, "24": 0.1919589933047361, "25": 0.1944100885400989, "26": 0.1916829335560576, "27": 0.18797963718023142, "28": 0.18610076299207415, "29": 0.18470722112361582, "30": 0.1827714783089284, "31": 0.1812391448576567, "32": 0.18287156837129484, "33": 0.184905271393571, "34": 0.18279636096541488, "35": 0.18817759305237614, "36": 0.18707417695982737, "37": 0.1824729827551958, "38": 0.1806389094352325, "39": 0.1797426938022189, "40": 0.18310329841965228, "41": 0.18370768079799393, "42": 0.1831243063767897, "43": 0.18156559193530142, "44": 0.1841012824622835, "45": 0.18146024280785533, "46": 0.1817374978426773, "47": 0.18165191614884732, "48": 0.17894556480473847, "49": 0.18327203787743446, "50": 0.1787865484687006, "51": 0.1874455282027648, "52": 0.18342869778707235, "53": 0.182598518119226, "54": 0.18070057906227915, "55": 0.18366670559171316, "56": 0.18340882745423365, "57": 0.1856355258952788, "58": 0.184419868647091, "59": 0.190839566013908, "60": 0.19172323592622628, "61": 0.18650962964709336, "62": 0.18773253774106238, "63": 0.18917075925383017, "64": 0.18524146410729447, "65": 0.18835270632996529, "66": 0.18430600729057545, "67": 0.1854614071057235, "68": 0.1827782861810163, "69": 0.18654074154167638, "70": 0.18091885956005746, "71": 0.18070266223316162, "72": 0.18146681794593492, "73": 0.18300656152172012, "74": 0.18249060421779317, "75": 0.18204165323176047, "76": 0.18136286161394588, "77": 0.1798388078514231, "78": 0.18299458511656935, "79": 0.1830819015217245, "80": 0.18310516388210293, "81": 0.18315347695663173, "82": 0.18282565521078917, "83": 0.1858165973861448, "84": 0.18929703675041393, "85": 0.19173077242318892, "86": 0.1877016340528361, "87": 0.19302990912525497, "88": 0.18701160733831934, "89": 0.190254388563562, "90": 0.18929582070878176, "91": 0.19256146569052834, "92": 0.19167990814247593, "93": 0.19065045546790538, "94": 0.19663699261933354, "95": 0.19513171344877664, "96": 0.1955578971895191, "97": 0.1909704827155362, "98": 0.19153871344569456, "99": 0.19206678414223535, "100": 0.1887699324778568}