{"1": 0.15726440769991068, "2": 0.1541802952936464, "3": 0.15435723784530803, "4": 0.15287576506099923, "5": 0.15399324197214495, "6": 0.15343725744233386, "7": 0.15229089646299918, "8": 0.15211556537148793, "9": 0.15195541709354005, "10": 0.15067535157187328, "11": 0.15180714056803363, "12": 0.1521701768939928, "13": 0.15182942048212553, "14": 0.14980310153841317, "15": 0.14993997800957043, "16": 0.14880919439875584, "17": 0.14855658089489568, "18": 0.14972500950805148, "19": 0.14980491037834306, "20": 0.15080018370604817, "21": 0.15084357172662333, "22": 0.15097842914095544, "23": 0.1489635364436176, "24": 0.15018488668679175, "25": 0.15017616026041689, "26": 0.15017691218244672, "27": 0.14867758184316932, "28": 0.14815832850176955, "29": 0.14823507058601706, "30": 0.14833561128174164, "31": 0.14837726664581738, "32": 0.1488999911226943, "33": 0.14849239578798473, "34": 0.1479408812979124, "35": 0.1473091379393284, "36": 0.1473474191602078, "37": 0.14728986579470393, "38": 0.14753187139028912, "39": 0.14683068495481955, "40": 0.14688973701342212, "41": 0.14678546355416816, "42": 0.14693352694537903, "43": 0.14744642792585222, "44": 0.14747488228884287, "45": 0.14789444064520457, "46": 0.14570582253568062, "47": 0.14627674637371282, "48": 0.14572204771843508, "49": 0.14646026782052762, "50": 0.14741824404178533, "51": 0.1456449025120684, "52": 0.1457411899355567, "53": 0.14522721533617336, "54": 0.14436152774312516, "55": 0.1446508050189605, "56": 0.14477002783259388, "57": 0.14458016200332874, "58": 0.14454136585502728, "59": 0.14470537802386116, "60": 0.14584407604013325, "61": 0.14556103916141966, "62": 0.1457687973268791, "63": 0.14479432282592122, "64": 0.14523638704861463, "65": 0.14472974158072588, "66": 0.14426313391031353, "67": 0.14459966958083817, "68": 0.14512421946628062, "69": 0.14472693607914314, "70": 0.14469101637458257, "71": 0.1442987888974133, "72": 0.14403743872184732, "73": 0.1442821198559548, "74": 0.14413339054922894, "75": 0.14367952664975625, "76": 0.1426939672163542, "77": 0.1431473283218333, "78": 0.14450834806671692, "79": 0.14420956585726158, "80": 0.14422496668119472, "81": 0.14363363427389148, "82": 0.1445679611501393, "83": 0.14401640016879577, "84": 0.14405326344635483, "85": 0.144421380304882, "86": 0.14369215798423887, "87": 0.1429756878227253, "88": 0.14312574589892274, "89": 0.14255785777694294, "90": 0.14210283348953756, "91": 0.14337597990026182, "92": 0.14279775626589197, "93": 0.14313675912488888, "94": 0.1435476525059217, "95": 0.14320697473349628, "96": 0.1425101145230815, "97": 0.14249253492473923, "98": 0.14280206793652567, "99": 0.14320081846022253, "100": 0.14411298041044782}