{"1": 19.607843137254903, "2": 19.607843137254903, "3": 19.607843137254903, "4": 21.568627450980394, "5": 19.607843137254903, "6": 17.647058823529413, "7": 15.686274509803921, "8": 15.686274509803921, "9": 15.686274509803921, "10": 15.686274509803921, "11": 17.647058823529413, "12": 19.607843137254903, "13": 21.568627450980394, "14": 19.607843137254903, "15": 19.607843137254903, "16": 19.607843137254903, "17": 21.568627450980394, "18": 13.725490196078432, "19": 13.725490196078432, "20": 13.725490196078432, "21": 13.725490196078432, "22": 13.725490196078432, "23": 13.725490196078432, "24": 13.725490196078432, "25": 15.686274509803921, "26": 15.686274509803921, "27": 15.686274509803921, "28": 17.647058823529413, "29": 17.647058823529413, "30": 17.647058823529413, "31": 17.647058823529413, "32": 15.686274509803921, "33": 15.686274509803921, "34": 21.568627450980394, "35": 21.568627450980394, "36": 21.568627450980394, "37": 21.568627450980394, "38": 21.568627450980394, "39": 23.52941176470588, "40": 23.52941176470588, "41": 19.607843137254903, "42": 21.568627450980394, "43": 21.568627450980394, "44": 19.607843137254903, "45": 21.568627450980394, "46": 17.647058823529413, "47": 21.568627450980394, "48": 21.568627450980394, "49": 23.52941176470588, "50": 21.568627450980394, "51": 23.52941176470588, "52": 21.568627450980394, "53": 17.647058823529413, "54": 19.607843137254903, "55": 19.607843137254903, "56": 21.568627450980394, "57": 21.568627450980394, "58": 21.568627450980394, "59": 21.568627450980394, "60": 19.607843137254903, "61": 21.568627450980394, "62": 21.568627450980394, "63": 19.607843137254903, "64": 19.607843137254903, "65": 21.568627450980394, "66": 21.568627450980394, "67": 21.568627450980394, "68": 19.607843137254903, "69": 17.647058823529413, "70": 21.568627450980394, "71": 17.647058823529413, "72": 19.607843137254903, "73": 21.568627450980394, "74": 19.607843137254903, "75": 19.607843137254903, "76": 19.607843137254903, "77": 19.607843137254903, "78": 19.607843137254903, "79": 17.647058823529413, "80": 19.607843137254903, "81": 19.607843137254903, "82": 19.607843137254903, "83": 19.607843137254903, "84": 19.607843137254903, "85": 19.607843137254903, "86": 19.607843137254903, "87": 17.647058823529413, "88": 21.568627450980394, "89": 21.568627450980394, "90": 19.607843137254903, "91": 19.607843137254903, "92": 19.607843137254903, "93": 19.607843137254903, "94": 17.647058823529413, "95": 21.568627450980394, "96": 19.607843137254903, "97": 17.647058823529413, "98": 17.647058823529413, "99": 17.647058823529413, "100": 13.725490196078432}