{"1": 0.25180999550821614, "2": 0.2386598123821576, "3": 0.2225223633850885, "4": 0.21889932883138244, "5": 0.2017085568614564, "6": 0.19524981215259724, "7": 0.1995842929354513, "8": 0.19745068718378075, "9": 0.19995066405370582, "10": 0.19456056685940623, "11": 0.19688739051927787, "12": 0.20289730595394567, "13": 0.20249360870850902, "14": 0.19499486097785138, "15": 0.19864027257157826, "16": 0.20447714128391625, "17": 0.20550662179723925, "18": 0.21923120378123281, "19": 0.21127921976496897, "20": 0.205025134768813, "21": 0.20997235370458517, "22": 0.2021123111451134, "23": 0.21170272692156522, "24": 0.20708294328544796, "25": 0.21017529883233418, "26": 0.21197442445893847, "27": 0.2064744728846485, "28": 0.2038132541446545, "29": 0.2040728381109807, "30": 0.20481470826983195, "31": 0.196897372763604, "32": 0.19889545340952544, "33": 0.20148858211427856, "34": 0.20075886762987322, "35": 0.19985615990423705, "36": 0.19972535541316305, "37": 0.2020438007165317, "38": 0.20452338550060545, "39": 0.20987407965427685, "40": 0.20449737618551111, "41": 0.20185590477555077, "42": 0.20971723474844012, "43": 0.20402753089725018, "44": 0.2020797275847714, "45": 0.213074668927086, "46": 0.20367232169564922, "47": 0.19959249219820277, "48": 0.20617009993827892, "49": 0.20611599965455044, "50": 0.20543960581637463, "51": 0.20595148141141367, "52": 0.20151466960863476, "53": 0.20581373235479328, "54": 0.20726347929411246, "55": 0.21295714139174518, "56": 0.20332405885042099, "57": 0.2106785408156223, "58": 0.2092917319382767, "59": 0.21311451003392112, "60": 0.20991165010077295, "61": 0.21122123347342037, "62": 0.20977368734649898, "63": 0.20808913589271455, "64": 0.20756630309759894, "65": 0.2084661445365619, "66": 0.204227127246777, "67": 0.2008770301885144, "68": 0.19950684764404708, "69": 0.20532532876121848, "70": 0.20635898269370095, "71": 0.20195067157734922, "72": 0.20161072098766813, "73": 0.19816080092436072, "74": 0.19789366568962186, "75": 0.19962077782518958, "76": 0.19691873403496668, "77": 0.19601190587135964, "78": 0.1993853461843322, "79": 0.20154166392823647, "80": 0.20180104521019507, "81": 0.2023128722412636, "82": 0.20172304330079582, "83": 0.20652546489372622, "84": 0.20165988015524916, "85": 0.20074257177001997, "86": 0.20387797485129808, "87": 0.20490051207488574, "88": 0.20264373304611918, "89": 0.20607820245866101, "90": 0.2049206734590035, "91": 0.2041185420162952, "92": 0.2062275781266052, "93": 0.20551678367161832, "94": 0.20789022606514224, "95": 0.2111419678784834, "96": 0.20619466221164864, "97": 0.20052881532615432, "98": 0.1981126780025559, "99": 0.2004168452314066, "100": 0.19414468419356617}