{"1": 0.15306485715038573, "2": 0.15365009621029013, "3": 0.15320447376206692, "4": 0.15408955938502722, "5": 0.15318112947725862, "6": 0.15321975207327979, "7": 0.15279152203286123, "8": 0.1523716841430819, "9": 0.1505953230479187, "10": 0.14895453769793995, "11": 0.14816652771573502, "12": 0.14695744945671152, "13": 0.14712671796256074, "14": 0.1470545135091302, "15": 0.14723484466707012, "16": 0.14706497259963228, "17": 0.14815896067969114, "18": 0.1486374578106303, "19": 0.14814406552306233, "20": 0.14806615004528095, "21": 0.14830634469601647, "22": 0.147562141343997, "23": 0.1478119704736907, "24": 0.14692398755002578, "25": 0.14698170653217843, "26": 0.14558732198970845, "27": 0.1460817548651934, "28": 0.147066984069238, "29": 0.14692017311489608, "30": 0.14779372301851287, "31": 0.14711158781939918, "32": 0.1480140111191825, "33": 0.14722398025032676, "34": 0.1473960967955131, "35": 0.14586653584047243, "36": 0.14697129190209932, "37": 0.14683496458855877, "38": 0.14726081888551693, "39": 0.14633191113854643, "40": 0.1454593300962664, "41": 0.1451662801570924, "42": 0.14533755746612445, "43": 0.14428046341936168, "44": 0.14418908106184739, "45": 0.1434465540487252, "46": 0.1428337329534599, "47": 0.14369959247924313, "48": 0.14277142699055811, "49": 0.14262305151993765, "50": 0.14364649020110298, "51": 0.14308566512466966, "52": 0.1425902221644134, "53": 0.1419195326126852, "54": 0.14214833563280835, "55": 0.14287967099712626, "56": 0.1432237018286585, "57": 0.144448996903177, "58": 0.14477957040911077, "59": 0.1447518672135709, "60": 0.1444420549575224, "61": 0.14539388259699784, "62": 0.14535933980798396, "63": 0.14444492306111897, "64": 0.14467402751807748, "65": 0.14304526085439329, "66": 0.1427057107053254, "67": 0.14280692566475772, "68": 0.14440260758494533, "69": 0.14494899765187694, "70": 0.14476704652701336, "71": 0.1444842489994486, "72": 0.14389714937806236, "73": 0.14300308796560343, "74": 0.1425077693820785, "75": 0.14366080026289035, "76": 0.14311172752885834, "77": 0.1429618044830179, "78": 0.14278708906941573, "79": 0.14425140964175753, "80": 0.14417901596013977, "81": 0.14445308605547647, "82": 0.14521547608808869, "83": 0.14456054582566177, "84": 0.1450460485189676, "85": 0.1456121411383337, "86": 0.14514416303534483, "87": 0.1458255752542452, "88": 0.14573796355727642, "89": 0.14572103915499468, "90": 0.14589090334635355, "91": 0.14601630343795718, "92": 0.14628320627931987, "93": 0.14653918742110297, "94": 0.14634770638971342, "95": 0.14538113881636605, "96": 0.14418939288740024, "97": 0.14483730437713835, "98": 0.14584190534000016, "99": 0.14587400000680906, "100": 0.1473495467489644}