{"1": 68.62745098039215, "2": 68.62745098039215, "3": 68.62745098039215, "4": 70.58823529411765, "5": 68.62745098039215, "6": 68.62745098039215, "7": 68.62745098039215, "8": 66.66666666666666, "9": 66.66666666666666, "10": 64.70588235294117, "11": 66.66666666666666, "12": 64.70588235294117, "13": 62.745098039215684, "14": 62.745098039215684, "15": 64.70588235294117, "16": 64.70588235294117, "17": 62.745098039215684, "18": 66.66666666666666, "19": 64.70588235294117, "20": 64.70588235294117, "21": 66.66666666666666, "22": 64.70588235294117, "23": 64.70588235294117, "24": 62.745098039215684, "25": 62.745098039215684, "26": 64.70588235294117, "27": 64.70588235294117, "28": 64.70588235294117, "29": 64.70588235294117, "30": 66.66666666666666, "31": 62.745098039215684, "32": 66.66666666666666, "33": 60.78431372549019, "34": 66.66666666666666, "35": 66.66666666666666, "36": 62.745098039215684, "37": 66.66666666666666, "38": 64.70588235294117, "39": 68.62745098039215, "40": 62.745098039215684, "41": 62.745098039215684, "42": 68.62745098039215, "43": 68.62745098039215, "44": 68.62745098039215, "45": 68.62745098039215, "46": 66.66666666666666, "47": 66.66666666666666, "48": 66.66666666666666, "49": 66.66666666666666, "50": 66.66666666666666, "51": 62.745098039215684, "52": 66.66666666666666, "53": 66.66666666666666, "54": 66.66666666666666, "55": 64.70588235294117, "56": 68.62745098039215, "57": 64.70588235294117, "58": 62.745098039215684, "59": 64.70588235294117, "60": 62.745098039215684, "61": 60.78431372549019, "62": 64.70588235294117, "63": 62.745098039215684, "64": 58.82352941176471, "65": 64.70588235294117, "66": 60.78431372549019, "67": 62.745098039215684, "68": 60.78431372549019, "69": 66.66666666666666, "70": 64.70588235294117, "71": 66.66666666666666, "72": 66.66666666666666, "73": 66.66666666666666, "74": 64.70588235294117, "75": 60.78431372549019, "76": 62.745098039215684, "77": 60.78431372549019, "78": 60.78431372549019, "79": 62.745098039215684, "80": 62.745098039215684, "81": 60.78431372549019, "82": 60.78431372549019, "83": 62.745098039215684, "84": 58.82352941176471, "85": 62.745098039215684, "86": 64.70588235294117, "87": 64.70588235294117, "88": 62.745098039215684, "89": 64.70588235294117, "90": 62.745098039215684, "91": 62.745098039215684, "92": 64.70588235294117, "93": 62.745098039215684, "94": 66.66666666666666, "95": 66.66666666666666, "96": 64.70588235294117, "97": 64.70588235294117, "98": 66.66666666666666, "99": 66.66666666666666, "100": 64.70588235294117}