{"1": 50.0, "2": 50.0, "3": 51.85185185185185, "4": 53.70370370370371, "5": 57.407407407407405, "6": 58.0246913580247, "7": 56.79012345679012, "8": 57.407407407407405, "9": 56.79012345679012, "10": 57.407407407407405, "11": 57.407407407407405, "12": 60.49382716049383, "13": 58.64197530864198, "14": 59.876543209876544, "15": 59.876543209876544, "16": 58.64197530864198, "17": 61.72839506172839, "18": 60.49382716049383, "19": 61.111111111111114, "20": 61.72839506172839, "21": 60.49382716049383, "22": 61.111111111111114, "23": 60.49382716049383, "24": 59.876543209876544, "25": 58.64197530864198, "26": 59.876543209876544, "27": 61.111111111111114, "28": 61.111111111111114, "29": 61.72839506172839, "30": 63.580246913580254, "31": 63.580246913580254, "32": 61.72839506172839, "33": 61.72839506172839, "34": 64.81481481481481, "35": 64.81481481481481, "36": 64.81481481481481, "37": 64.81481481481481, "38": 64.19753086419753, "39": 62.34567901234568, "40": 62.34567901234568, "41": 64.19753086419753, "42": 62.34567901234568, "43": 63.580246913580254, "44": 64.81481481481481, "45": 64.81481481481481, "46": 64.81481481481481, "47": 63.580246913580254, "48": 64.19753086419753, "49": 63.580246913580254, "50": 64.81481481481481, "51": 64.19753086419753, "52": 62.34567901234568, "53": 62.34567901234568, "54": 61.72839506172839, "55": 63.580246913580254, "56": 64.81481481481481, "57": 64.19753086419753, "58": 64.19753086419753, "59": 64.81481481481481, "60": 62.96296296296296, "61": 63.580246913580254, "62": 63.580246913580254, "63": 63.580246913580254, "64": 62.34567901234568, "65": 62.96296296296296, "66": 64.19753086419753, "67": 64.19753086419753, "68": 64.81481481481481, "69": 64.19753086419753, "70": 64.19753086419753, "71": 64.81481481481481, "72": 64.81481481481481, "73": 64.19753086419753, "74": 63.580246913580254, "75": 64.19753086419753, "76": 64.81481481481481, "77": 64.19753086419753, "78": 64.81481481481481, "79": 64.81481481481481, "80": 64.19753086419753, "81": 64.19753086419753, "82": 64.19753086419753, "83": 64.19753086419753, "84": 63.580246913580254, "85": 63.580246913580254, "86": 62.96296296296296, "87": 62.96296296296296, "88": 62.96296296296296, "89": 63.580246913580254, "90": 63.580246913580254, "91": 62.96296296296296, "92": 63.580246913580254, "93": 63.580246913580254, "94": 64.19753086419753, "95": 64.19753086419753, "96": 64.19753086419753, "97": 64.19753086419753, "98": 64.81481481481481, "99": 64.19753086419753, "100": 63.580246913580254}