{"1": 39.42307692307692, "2": 45.19230769230769, "3": 43.269230769230774, "4": 44.230769230769226, "5": 45.19230769230769, "6": 46.15384615384615, "7": 43.269230769230774, "8": 43.269230769230774, "9": 45.19230769230769, "10": 46.15384615384615, "11": 44.230769230769226, "12": 45.19230769230769, "13": 46.15384615384615, "14": 46.15384615384615, "15": 48.07692307692308, "16": 45.19230769230769, "17": 49.03846153846153, "18": 47.11538461538461, "19": 47.11538461538461, "20": 45.19230769230769, "21": 43.269230769230774, "22": 46.15384615384615, "23": 43.269230769230774, "24": 44.230769230769226, "25": 44.230769230769226, "26": 44.230769230769226, "27": 45.19230769230769, "28": 47.11538461538461, "29": 45.19230769230769, "30": 43.269230769230774, "31": 45.19230769230769, "32": 46.15384615384615, "33": 43.269230769230774, "34": 42.30769230769231, "35": 42.30769230769231, "36": 42.30769230769231, "37": 43.269230769230774, "38": 42.30769230769231, "39": 43.269230769230774, "40": 42.30769230769231, "41": 43.269230769230774, "42": 42.30769230769231, "43": 42.30769230769231, "44": 44.230769230769226, "45": 44.230769230769226, "46": 40.38461538461539, "47": 41.34615384615385, "48": 40.38461538461539, "49": 41.34615384615385, "50": 41.34615384615385, "51": 41.34615384615385, "52": 40.38461538461539, "53": 41.34615384615385, "54": 41.34615384615385, "55": 42.30769230769231, "56": 41.34615384615385, "57": 41.34615384615385, "58": 41.34615384615385, "59": 41.34615384615385, "60": 41.34615384615385, "61": 41.34615384615385, "62": 41.34615384615385, "63": 41.34615384615385, "64": 41.34615384615385, "65": 40.38461538461539, "66": 42.30769230769231, "67": 42.30769230769231, "68": 42.30769230769231, "69": 42.30769230769231, "70": 40.38461538461539, "71": 42.30769230769231, "72": 42.30769230769231, "73": 42.30769230769231, "74": 42.30769230769231, "75": 42.30769230769231, "76": 41.34615384615385, "77": 42.30769230769231, "78": 41.34615384615385, "79": 42.30769230769231, "80": 42.30769230769231, "81": 42.30769230769231, "82": 42.30769230769231, "83": 43.269230769230774, "84": 41.34615384615385, "85": 41.34615384615385, "86": 41.34615384615385, "87": 40.38461538461539, "88": 40.38461538461539, "89": 40.38461538461539, "90": 39.42307692307692, "91": 41.34615384615385, "92": 41.34615384615385, "93": 43.269230769230774, "94": 42.30769230769231, "95": 42.30769230769231, "96": 41.34615384615385, "97": 42.30769230769231, "98": 42.30769230769231, "99": 41.34615384615385, "100": 40.38461538461539}