{"1": 0.3187965414187144, "2": 0.3011190562637594, "3": 0.28178660238982456, "4": 0.2787448318846966, "5": 0.2543100505214464, "6": 0.23691672324962845, "7": 0.24997793103780316, "8": 0.24297139171110219, "9": 0.2439978639602128, "10": 0.23570952588306163, "11": 0.24040035151296127, "12": 0.23987300975151596, "13": 0.24024872540037687, "14": 0.23448654092315868, "15": 0.23921475339386614, "16": 0.24228123016929323, "17": 0.24146083377200486, "18": 0.25492623680997245, "19": 0.24806606063644718, "20": 0.240579411493027, "21": 0.24073581818070233, "22": 0.24079148297019018, "23": 0.2518010412222098, "24": 0.247461279286974, "25": 0.24561179299034522, "26": 0.2546879175321589, "27": 0.25019226592502575, "28": 0.2501530609680509, "29": 0.2458296903820952, "30": 0.24598417634238182, "31": 0.24238142230126694, "32": 0.24554108533768018, "33": 0.2457983967282398, "34": 0.2499674126296034, "35": 0.24568978014687512, "36": 0.24762369816843513, "37": 0.24499009141144243, "38": 0.24908552365706493, "39": 0.2579031619388725, "40": 0.2505357479118229, "41": 0.24998735076586756, "42": 0.25584693105510176, "43": 0.2500501016462107, "44": 0.2457728637807485, "45": 0.2528689538715543, "46": 0.2487807779927912, "47": 0.24634273914104302, "48": 0.25004110885183795, "49": 0.2538331739341154, "50": 0.2551963601416645, "51": 0.24942473983634836, "52": 0.24790970126097767, "53": 0.2504425181055509, "54": 0.25030071803483517, "55": 0.2556832609469857, "56": 0.2465220743815372, "57": 0.2552565424066012, "58": 0.25118328821618546, "59": 0.25509868084621273, "60": 0.25396926758718974, "61": 0.25468703558383504, "62": 0.25499209162622943, "63": 0.25083722495684607, "64": 0.25254876047890934, "65": 0.2538108021941405, "66": 0.25193524208808593, "67": 0.24929974530624166, "68": 0.2498034868246702, "69": 0.2546980896028357, "70": 0.25346502080543604, "71": 0.2507585494829993, "72": 0.24720711174860222, "73": 0.24683367798817848, "74": 0.24827826386959376, "75": 0.24596440786691773, "76": 0.24451046195126538, "77": 0.24276392182847098, "78": 0.24631864713633575, "79": 0.2524557719074521, "80": 0.24978490620687877, "81": 0.24996964902676197, "82": 0.25139047677471243, "83": 0.25529708415748026, "84": 0.249499885238566, "85": 0.250024927498354, "86": 0.25247254789382007, "87": 0.2537458886740665, "88": 0.25089719134216004, "89": 0.253102566422657, "90": 0.251427618348002, "91": 0.2522860069006662, "92": 0.25695733197417164, "93": 0.25595714593190305, "94": 0.25670277317171813, "95": 0.2567700092943957, "96": 0.25164168106390733, "97": 0.24685887002709958, "98": 0.24570971231569194, "99": 0.24854266600855177, "100": 0.2420787881026567}