{"1": 51.35135135135135, "2": 35.13513513513514, "3": 48.64864864864865, "4": 45.94594594594595, "5": 45.94594594594595, "6": 37.83783783783784, "7": 54.054054054054056, "8": 45.94594594594595, "9": 45.94594594594595, "10": 45.94594594594595, "11": 37.83783783783784, "12": 43.24324324324324, "13": 37.83783783783784, "14": 37.83783783783784, "15": 48.64864864864865, "16": 48.64864864864865, "17": 48.64864864864865, "18": 43.24324324324324, "19": 45.94594594594595, "20": 48.64864864864865, "21": 48.64864864864865, "22": 54.054054054054056, "23": 56.75675675675676, "24": 45.94594594594595, "25": 51.35135135135135, "26": 56.75675675675676, "27": 54.054054054054056, "28": 35.13513513513514, "29": 45.94594594594595, "30": 37.83783783783784, "31": 45.94594594594595, "32": 37.83783783783784, "33": 45.94594594594595, "34": 51.35135135135135, "35": 37.83783783783784, "36": 43.24324324324324, "37": 45.94594594594595, "38": 43.24324324324324, "39": 40.54054054054054, "40": 45.94594594594595, "41": 48.64864864864865, "42": 51.35135135135135, "43": 45.94594594594595, "44": 45.94594594594595, "45": 43.24324324324324, "46": 45.94594594594595, "47": 51.35135135135135, "48": 45.94594594594595, "49": 37.83783783783784, "50": 40.54054054054054, "51": 45.94594594594595, "52": 35.13513513513514, "53": 29.72972972972973, "54": 43.24324324324324, "55": 27.027027027027028, "56": 40.54054054054054, "57": 48.64864864864865, "58": 45.94594594594595, "59": 43.24324324324324, "60": 45.94594594594595, "61": 51.35135135135135, "62": 48.64864864864865, "63": 40.54054054054054, "64": 51.35135135135135, "65": 43.24324324324324, "66": 43.24324324324324, "67": 45.94594594594595, "68": 45.94594594594595, "69": 35.13513513513514, "70": 35.13513513513514, "71": 37.83783783783784, "72": 35.13513513513514, "73": 27.027027027027028, "74": 24.324324324324326, "75": 43.24324324324324, "76": 45.94594594594595, "77": 32.432432432432435, "78": 40.54054054054054, "79": 40.54054054054054, "80": 37.83783783783784, "81": 37.83783783783784, "82": 45.94594594594595, "83": 43.24324324324324, "84": 48.64864864864865, "85": 45.94594594594595, "86": 45.94594594594595, "87": 43.24324324324324, "88": 32.432432432432435, "89": 35.13513513513514, "90": 40.54054054054054, "91": 40.54054054054054, "92": 43.24324324324324, "93": 37.83783783783784, "94": 35.13513513513514, "95": 35.13513513513514, "96": 45.94594594594595, "97": 43.24324324324324, "98": 40.54054054054054, "99": 45.94594594594595, "100": 45.94594594594595}