{"1": 27.472527472527474, "2": 40.65934065934066, "3": 37.362637362637365, "4": 41.75824175824176, "5": 37.362637362637365, "6": 37.362637362637365, "7": 40.65934065934066, "8": 38.46153846153847, "9": 38.46153846153847, "10": 38.46153846153847, "11": 39.56043956043956, "12": 43.956043956043956, "13": 43.956043956043956, "14": 47.25274725274725, "15": 49.45054945054945, "16": 50.54945054945055, "17": 50.54945054945055, "18": 47.25274725274725, "19": 45.05494505494506, "20": 48.35164835164835, "21": 51.64835164835166, "22": 50.54945054945055, "23": 51.64835164835166, "24": 50.54945054945055, "25": 50.54945054945055, "26": 51.64835164835166, "27": 49.45054945054945, "28": 49.45054945054945, "29": 49.45054945054945, "30": 50.54945054945055, "31": 51.64835164835166, "32": 50.54945054945055, "33": 51.64835164835166, "34": 49.45054945054945, "35": 51.64835164835166, "36": 51.64835164835166, "37": 51.64835164835166, "38": 52.74725274725275, "39": 54.94505494505495, "40": 54.94505494505495, "41": 54.94505494505495, "42": 56.043956043956044, "43": 56.043956043956044, "44": 52.74725274725275, "45": 52.74725274725275, "46": 53.84615384615385, "47": 57.14285714285714, "48": 54.94505494505495, "49": 56.043956043956044, "50": 54.94505494505495, "51": 56.043956043956044, "52": 53.84615384615385, "53": 54.94505494505495, "54": 54.94505494505495, "55": 53.84615384615385, "56": 53.84615384615385, "57": 53.84615384615385, "58": 53.84615384615385, "59": 53.84615384615385, "60": 53.84615384615385, "61": 53.84615384615385, "62": 54.94505494505495, "63": 54.94505494505495, "64": 53.84615384615385, "65": 54.94505494505495, "66": 56.043956043956044, "67": 57.14285714285714, "68": 57.14285714285714, "69": 58.24175824175825, "70": 56.043956043956044, "71": 58.24175824175825, "72": 59.34065934065934, "73": 58.24175824175825, "74": 58.24175824175825, "75": 58.24175824175825, "76": 58.24175824175825, "77": 59.34065934065934, "78": 57.14285714285714, "79": 58.24175824175825, "80": 58.24175824175825, "81": 58.24175824175825, "82": 57.14285714285714, "83": 58.24175824175825, "84": 58.24175824175825, "85": 57.14285714285714, "86": 57.14285714285714, "87": 59.34065934065934, "88": 58.24175824175825, "89": 59.34065934065934, "90": 59.34065934065934, "91": 57.14285714285714, "92": 57.14285714285714, "93": 58.24175824175825, "94": 58.24175824175825, "95": 56.043956043956044, "96": 56.043956043956044, "97": 53.84615384615385, "98": 51.64835164835166, "99": 52.74725274725275, "100": 56.043956043956044}