{"1": 0.12919874454551467, "2": 0.14302295980909402, "3": 0.15171034508671372, "4": 0.13690780474097952, "5": 0.15267738535332823, "6": 0.15474319135777706, "7": 0.18876197606538175, "8": 0.15737870958719308, "9": 0.1365945699516661, "10": 0.1425870822417769, "11": 0.14503387979871438, "12": 0.14932606687754285, "13": 0.15973926748901707, "14": 0.13969514251239235, "15": 0.16924754906844064, "16": 0.16820286575391968, "17": 0.15033142407282546, "18": 0.17082865116671178, "19": 0.17538687947294895, "20": 0.17389964416415396, "21": 0.18006116360561825, "22": 0.16870533177454516, "23": 0.1921007333608033, "24": 0.18830712629598226, "25": 0.19851055352456953, "26": 0.1576943265999314, "27": 0.17353098848705123, "28": 0.1643672456559325, "29": 0.1778881327773901, "30": 0.17101108181433328, "31": 0.1670869571740086, "32": 0.16049199760447633, "33": 0.1624016796917915, "34": 0.15832723262578666, "35": 0.14983576037681548, "36": 0.14861732979525716, "37": 0.14885461313463227, "38": 0.1581973428069451, "39": 0.15032491137957368, "40": 0.1440209003875677, "41": 0.14891761783178442, "42": 0.14402178390133052, "43": 0.14742140083552774, "44": 0.14780796251132752, "45": 0.15905576523979587, "46": 0.1596531859655845, "47": 0.15827000424402388, "48": 0.1687669344303921, "49": 0.1540698444877738, "50": 0.1577111192155057, "51": 0.15445186381503445, "52": 0.15321103793082247, "53": 0.15078401865795907, "54": 0.1486811704571502, "55": 0.1472411340246728, "56": 0.14866545338890833, "57": 0.15019459050365822, "58": 0.14913593325440663, "59": 0.14231912529692958, "60": 0.15304983949829004, "61": 0.1476906683985455, "62": 0.1426451180657927, "63": 0.16343406133779043, "64": 0.15083889873532566, "65": 0.1494801219082845, "66": 0.1481262721179853, "67": 0.14992859334690584, "68": 0.15394534558675388, "69": 0.15079879734281948, "70": 0.15060317091218614, "71": 0.1508064616517128, "72": 0.1488606137969559, "73": 0.15034949830470717, "74": 0.1491304539610929, "75": 0.1461277399936876, "76": 0.14542112590970754, "77": 0.1459432121006869, "78": 0.1443436449109125, "79": 0.14454321488134075, "80": 0.14216616280564737, "81": 0.14398437238352357, "82": 0.14646897782798302, "83": 0.14669841324107752, "84": 0.14956656192134987, "85": 0.15539495697530384, "86": 0.15104769719821193, "87": 0.15457237586978909, "88": 0.15497058063469443, "89": 0.15387232583198285, "90": 0.1561743605943559, "91": 0.15747540485182182, "92": 0.15917141566562004, "93": 0.1592992226817384, "94": 0.15838201584432618, "95": 0.1566420823711956, "96": 0.15774603694031888, "97": 0.15926812591285486, "98": 0.15452596472601637, "99": 0.15270727834145809, "100": 0.15771432172236105}