{"1": 41.66666666666667, "2": 45.83333333333333, "3": 39.58333333333333, "4": 43.75, "5": 45.83333333333333, "6": 41.66666666666667, "7": 43.75, "8": 41.66666666666667, "9": 43.75, "10": 45.83333333333333, "11": 45.83333333333333, "12": 43.75, "13": 41.66666666666667, "14": 45.83333333333333, "15": 45.83333333333333, "16": 41.66666666666667, "17": 41.66666666666667, "18": 41.66666666666667, "19": 39.58333333333333, "20": 37.5, "21": 35.41666666666667, "22": 39.58333333333333, "23": 37.5, "24": 39.58333333333333, "25": 41.66666666666667, "26": 41.66666666666667, "27": 41.66666666666667, "28": 39.58333333333333, "29": 39.58333333333333, "30": 39.58333333333333, "31": 39.58333333333333, "32": 39.58333333333333, "33": 39.58333333333333, "34": 39.58333333333333, "35": 39.58333333333333, "36": 41.66666666666667, "37": 39.58333333333333, "38": 41.66666666666667, "39": 41.66666666666667, "40": 41.66666666666667, "41": 41.66666666666667, "42": 41.66666666666667, "43": 39.58333333333333, "44": 41.66666666666667, "45": 41.66666666666667, "46": 41.66666666666667, "47": 41.66666666666667, "48": 41.66666666666667, "49": 41.66666666666667, "50": 39.58333333333333, "51": 39.58333333333333, "52": 39.58333333333333, "53": 39.58333333333333, "54": 39.58333333333333, "55": 39.58333333333333, "56": 39.58333333333333, "57": 39.58333333333333, "58": 39.58333333333333, "59": 39.58333333333333, "60": 37.5, "61": 37.5, "62": 37.5, "63": 37.5, "64": 39.58333333333333, "65": 39.58333333333333, "66": 39.58333333333333, "67": 39.58333333333333, "68": 37.5, "69": 37.5, "70": 37.5, "71": 37.5, "72": 37.5, "73": 37.5, "74": 37.5, "75": 37.5, "76": 37.5, "77": 37.5, "78": 37.5, "79": 37.5, "80": 35.41666666666667, "81": 35.41666666666667, "82": 35.41666666666667, "83": 35.41666666666667, "84": 35.41666666666667, "85": 35.41666666666667, "86": 35.41666666666667, "87": 35.41666666666667, "88": 35.41666666666667, "89": 35.41666666666667, "90": 35.41666666666667, "91": 35.41666666666667, "92": 35.41666666666667, "93": 37.5, "94": 37.5, "95": 37.5, "96": 37.5, "97": 37.5, "98": 33.33333333333333, "99": 37.5, "100": 35.41666666666667}