{"1": 0.21197152486808943, "2": 0.19802106587124002, "3": 0.19653670816077892, "4": 0.1847935700487581, "5": 0.17904342029588924, "6": 0.17866601501681476, "7": 0.18188579861869478, "8": 0.17903969813756745, "9": 0.1764841007357569, "10": 0.1762190204161903, "11": 0.1725525919777027, "12": 0.17417225378962245, "13": 0.17363050609781916, "14": 0.17214752184839055, "15": 0.17561977799203007, "16": 0.17574896451188232, "17": 0.17626899800918075, "18": 0.1778253782247473, "19": 0.17796720700233995, "20": 0.1781489843478192, "21": 0.179456909832384, "22": 0.17862827222527733, "23": 0.18027593371201164, "24": 0.17893528624170155, "25": 0.1762317517905462, "26": 0.17698144256815582, "27": 0.17834734821583206, "28": 0.17719463196256666, "29": 0.17792045250523697, "30": 0.1782796267296981, "31": 0.1761210776593031, "32": 0.17513697269902545, "33": 0.17624340110753595, "34": 0.17733237959265577, "35": 0.1773103673132293, "36": 0.17760731545351244, "37": 0.17712857971643572, "38": 0.17905779028864552, "39": 0.1790105842997359, "40": 0.17829473623786948, "41": 0.1779274564853841, "42": 0.17914717905234784, "43": 0.17876465303301112, "44": 0.1782767821830822, "45": 0.17990475716270904, "46": 0.18011355227950707, "47": 0.18024763805751404, "48": 0.1798391162372142, "49": 0.18001422101731968, "50": 0.18065681502835654, "51": 0.18038765607005844, "52": 0.18006824242204159, "53": 0.18051232273980214, "54": 0.18103034536473137, "55": 0.1811353451541805, "56": 0.18128310892898544, "57": 0.18131588161740725, "58": 0.18150764301318184, "59": 0.1828112209196672, "60": 0.18169809482531168, "61": 0.18177868296236135, "62": 0.18215153145132215, "63": 0.18068399006741392, "64": 0.1811977773736001, "65": 0.1827694149123067, "66": 0.18303485689796128, "67": 0.1828032867760722, "68": 0.1818158651034126, "69": 0.18278181849226063, "70": 0.18287627568906833, "71": 0.18335293407028427, "72": 0.18353403872615076, "73": 0.18340396750597474, "74": 0.18347371519484626, "75": 0.1840717272483874, "76": 0.18357297222594018, "77": 0.18412092476370984, "78": 0.1830310330397671, "79": 0.1834241751853286, "80": 0.18382771676091264, "81": 0.18338658157201856, "82": 0.18321637382027886, "83": 0.18271255940419684, "84": 0.18300382288723901, "85": 0.18300341095862271, "86": 0.18274201877160276, "87": 0.18270553568768413, "88": 0.18230015761025567, "89": 0.1823673727974238, "90": 0.1826941660285662, "91": 0.181801662610327, "92": 0.18104385738392692, "93": 0.18119527338607613, "94": 0.1815273747440066, "95": 0.18144732580966458, "96": 0.1817724373229923, "97": 0.18107267766354254, "98": 0.1808832000009577, "99": 0.18165526842086097, "100": 0.18203368198204228}