{"1": 0.34979586150221326, "2": 0.2406392588079722, "3": 0.20243297776013197, "4": 0.23277752373686225, "5": 0.21910822181743417, "6": 0.1774008774238477, "7": 0.2163472222905315, "8": 0.21396330686178222, "9": 0.19300239418840592, "10": 0.19429345973917028, "11": 0.18695375934912378, "12": 0.20184437538031458, "13": 0.19015243461578923, "14": 0.1812371436384702, "15": 0.17565748838689518, "16": 0.1899553329331343, "17": 0.16796531046696772, "18": 0.16048279762383938, "19": 0.1616856583421773, "20": 0.1850579615115408, "21": 0.1699771324854634, "22": 0.18937482615022555, "23": 0.19242768789122422, "24": 0.1570718764325642, "25": 0.1538224771032098, "26": 0.18433689364940192, "27": 0.16958919887338517, "28": 0.13803904615605456, "29": 0.1629622017022655, "30": 0.1293953157796366, "31": 0.1229861352992731, "32": 0.12107615161834409, "33": 0.12962016982529062, "34": 0.13243823212817624, "35": 0.12173290766393233, "36": 0.12580822578717707, "37": 0.12631010109380786, "38": 0.11288011390071188, "39": 0.15053638804313274, "40": 0.1094515736799751, "41": 0.11995179151781049, "42": 0.10567385053857087, "43": 0.104110620609016, "44": 0.11088227903599655, "45": 0.12522546717681413, "46": 0.11795322777708671, "47": 0.10792164469311383, "48": 0.12716341612979046, "49": 0.11888588880611832, "50": 0.12178805862445505, "51": 0.11978757726978549, "52": 0.11044918786629228, "53": 0.12639448450409557, "54": 0.11273866898624058, "55": 0.14004538331389554, "56": 0.11297985982672898, "57": 0.1153122590663439, "58": 0.11199334846075187, "59": 0.11317583394652336, "60": 0.111620395370778, "61": 0.11402519404271935, "62": 0.10678351801821878, "63": 0.1170697853651001, "64": 0.11218805637017468, "65": 0.11683999885014262, "66": 0.1156297444323135, "67": 0.12049771693211307, "68": 0.1162735296409091, "69": 0.12236495048787628, "70": 0.10884419457405177, "71": 0.12441105156372362, "72": 0.1257866469101753, "73": 0.13294518405476005, "74": 0.1346678693529958, "75": 0.12259293592323423, "76": 0.11571165336775191, "77": 0.14124334300197844, "78": 0.11261427282667277, "79": 0.11715920551018541, "80": 0.11785041620401554, "81": 0.11363769626304451, "82": 0.10864575697166093, "83": 0.10799997588119384, "84": 0.11335909238286637, "85": 0.1061410882081053, "86": 0.11104526408088561, "87": 0.11704494747113389, "88": 0.12284738376858334, "89": 0.11457600914493955, "90": 0.1130801792362437, "91": 0.11663319995919152, "92": 0.11655491226724675, "93": 0.1295912645820996, "94": 0.11598170104618222, "95": 0.11886750737839194, "96": 0.12983012580071585, "97": 0.13547259830654448, "98": 0.14838004072034605, "99": 0.14702920963904426, "100": 0.1607017134456863}