{"1": 1.0506418965462536, "2": 0.5473520218469647, "3": 0.5232481472217623, "4": 0.5917016521870968, "5": 0.6754456319673972, "6": 0.5604972135768213, "7": 0.4705808275959835, "8": 0.5257397174868982, "9": 0.5550385982854679, "10": 0.5676898450489408, "11": 0.5715680355754396, "12": 0.5838053288390354, "13": 0.5608698281109341, "14": 0.5789555361252396, "15": 0.5584319617225488, "16": 0.5759450770010976, "17": 0.5873743375838895, "18": 0.5651740899999282, "19": 0.5735785333350689, "20": 0.5506906794944244, "21": 0.5288778007809826, "22": 0.5670611497759993, "23": 0.5529851662571017, "24": 0.5474767653399079, "25": 0.5261908397512389, "26": 0.5462833389904813, "27": 0.5400545650789146, "28": 0.5680730592960461, "29": 0.5750269867181567, "30": 0.5790391486882036, "31": 0.6020513785736914, "32": 0.5869536985969465, "33": 0.5828940194472749, "34": 0.5948390198641825, "35": 0.5847858330263647, "36": 0.5753658710713629, "37": 0.6165545870487517, "38": 0.615632293607674, "39": 0.6242949829661241, "40": 0.6206049155249764, "41": 0.6134533614416812, "42": 0.6003136322878042, "43": 0.5922035466941677, "44": 0.6044973690231228, "45": 0.6010895602023532, "46": 0.599359406778886, "47": 0.5991377151175409, "48": 0.5959513131344173, "49": 0.5535321416020003, "50": 0.5805179921371725, "51": 0.5544711363229695, "52": 0.5829286739857291, "53": 0.5906344758594699, "54": 0.5838417246396219, "55": 0.5653648665934659, "56": 0.5552233075322963, "57": 0.5575552702580768, "58": 0.5570896274039363, "59": 0.5561287096422212, "60": 0.5420321972512283, "61": 0.5751872914775696, "62": 0.5330731234128839, "63": 0.5676525941508006, "64": 0.5880815072804515, "65": 0.553384374984476, "66": 0.5849487705112674, "67": 0.5659282074688585, "68": 0.5750182583979871, "69": 0.5595150426391478, "70": 0.5678001057587382, "71": 0.5648695862043963, "72": 0.5506255930219086, "73": 0.5720887413934135, "74": 0.5730646768382147, "75": 0.5869447212394094, "76": 0.586225820710317, "77": 0.5934873533108281, "78": 0.58603129021675, "79": 0.6161516392370457, "80": 0.6164744488922195, "81": 0.586953315659708, "82": 0.5658776332908133, "83": 0.5634212075784589, "84": 0.5821167621657869, "85": 0.5793672452296125, "86": 0.5729154479405494, "87": 0.5573510518068469, "88": 0.5826397721641036, "89": 0.5669688499518732, "90": 0.555080227775686, "91": 0.5371873085960592, "92": 0.5352644106858178, "93": 0.5321334452486812, "94": 0.5364845612652277, "95": 0.5482271563215039, "96": 0.5196947391143739, "97": 0.5208892433762937, "98": 0.5098338207450869, "99": 0.48852588115939893, "100": 0.46841665403152233}