{"1": 52.74725274725275, "2": 53.84615384615385, "3": 57.14285714285714, "4": 51.64835164835166, "5": 54.94505494505495, "6": 57.14285714285714, "7": 59.34065934065934, "8": 52.74725274725275, "9": 57.14285714285714, "10": 57.14285714285714, "11": 57.14285714285714, "12": 51.64835164835166, "13": 52.74725274725275, "14": 53.84615384615385, "15": 53.84615384615385, "16": 57.14285714285714, "17": 56.043956043956044, "18": 60.43956043956044, "19": 52.74725274725275, "20": 53.84615384615385, "21": 54.94505494505495, "22": 49.45054945054945, "23": 60.43956043956044, "24": 53.84615384615385, "25": 52.74725274725275, "26": 58.24175824175825, "27": 60.43956043956044, "28": 54.94505494505495, "29": 56.043956043956044, "30": 57.14285714285714, "31": 54.94505494505495, "32": 56.043956043956044, "33": 58.24175824175825, "34": 57.14285714285714, "35": 57.14285714285714, "36": 57.14285714285714, "37": 56.043956043956044, "38": 52.74725274725275, "39": 56.043956043956044, "40": 56.043956043956044, "41": 57.14285714285714, "42": 58.24175824175825, "43": 54.94505494505495, "44": 56.043956043956044, "45": 56.043956043956044, "46": 54.94505494505495, "47": 56.043956043956044, "48": 57.14285714285714, "49": 51.64835164835166, "50": 54.94505494505495, "51": 53.84615384615385, "52": 53.84615384615385, "53": 52.74725274725275, "54": 52.74725274725275, "55": 50.54945054945055, "56": 53.84615384615385, "57": 52.74725274725275, "58": 50.54945054945055, "59": 49.45054945054945, "60": 53.84615384615385, "61": 51.64835164835166, "62": 53.84615384615385, "63": 56.043956043956044, "64": 56.043956043956044, "65": 56.043956043956044, "66": 54.94505494505495, "67": 54.94505494505495, "68": 53.84615384615385, "69": 53.84615384615385, "70": 56.043956043956044, "71": 52.74725274725275, "72": 51.64835164835166, "73": 50.54945054945055, "74": 51.64835164835166, "75": 51.64835164835166, "76": 51.64835164835166, "77": 51.64835164835166, "78": 53.84615384615385, "79": 54.94505494505495, "80": 52.74725274725275, "81": 52.74725274725275, "82": 53.84615384615385, "83": 54.94505494505495, "84": 54.94505494505495, "85": 53.84615384615385, "86": 54.94505494505495, "87": 53.84615384615385, "88": 54.94505494505495, "89": 53.84615384615385, "90": 53.84615384615385, "91": 53.84615384615385, "92": 56.043956043956044, "93": 54.94505494505495, "94": 56.043956043956044, "95": 53.84615384615385, "96": 56.043956043956044, "97": 57.14285714285714, "98": 54.94505494505495, "99": 53.84615384615385, "100": 53.84615384615385}