{"1": 0.28243054835615694, "2": 0.17811531560221044, "3": 0.14308533987690225, "4": 0.10969880993213371, "5": 0.16829587446236083, "6": 0.07626553952560111, "7": 0.06127012287092229, "8": 0.062401779026429655, "9": 0.032144964981172544, "10": 0.07685511922437949, "11": 0.03705316003146269, "12": 0.040495748156560187, "13": 0.034236359876132494, "14": 0.04597146886575165, "15": 0.05588980524913402, "16": 0.06391267198020184, "17": 0.056229570395299674, "18": 0.03477783990349348, "19": 0.07173502706805622, "20": 0.1164289250377089, "21": 0.05939952845442222, "22": 0.11841065637067055, "23": 0.08166826636846244, "24": 0.08616052513440442, "25": 0.11409164335205868, "26": 0.0785399749133239, "27": 0.08169764402870476, "28": 0.0734343872061967, "29": 0.09634514943972286, "30": 0.09842468906202281, "31": 0.1279622640178073, "32": 0.0645460458166594, "33": 0.08426369451205545, "34": 0.05981192657632818, "35": 0.06499750300931763, "36": 0.09442178267769968, "37": 0.054129239334097426, "38": 0.025015728903080618, "39": 0.031699054953011375, "40": 0.02470701461620093, "41": 0.07980403867659597, "42": 0.07953001337068004, "43": 0.06336155490081616, "44": 0.0350084376160659, "45": 0.026990681904475435, "46": 0.03215053660464472, "47": 0.04029857625368424, "48": 0.047943853255127324, "49": 0.02824058353443277, "50": 0.03510684480485128, "51": 0.061206261775809276, "52": 0.03794389140803826, "53": 0.04822593132199096, "54": 0.03512757301207673, "55": 0.036640342044565115, "56": 0.07562781703309322, "57": 0.055522149475452566, "58": 0.04241965572414325, "59": 0.034148602733170164, "60": 0.05074735924395674, "61": 0.052705035065503544, "62": 0.026108791708838196, "63": 0.06005368141394568, "64": 0.0881826694735748, "65": 0.06359283438876545, "66": 0.061859816444828034, "67": 0.06800118188233296, "68": 0.08984294665499645, "69": 0.06548429042363063, "70": 0.04764289668982495, "71": 0.042922204701340526, "72": 0.06367432254751416, "73": 0.06123728679142151, "74": 0.06619997489968317, "75": 0.07260854180471785, "76": 0.05573121886793428, "77": 0.044860551510218054, "78": 0.03492614853041347, "79": 0.03984104259074639, "80": 0.05229382188624374, "81": 0.02741567145201371, "82": 0.032898839603070634, "83": 0.03005549310929558, "84": 0.0378630538633746, "85": 0.028649616604690415, "86": 0.05690790900810951, "87": 0.05222252412848726, "88": 0.06414417871048562, "89": 0.040137122207760265, "90": 0.029925944929773435, "91": 0.07298465563262937, "92": 0.05609708857432882, "93": 0.06663816516841169, "94": 0.038840544651960435, "95": 0.04164234781739218, "96": 0.033728944691316175, "97": 0.04152159633092542, "98": 0.04968654507401682, "99": 0.03791888428581844, "100": 0.06469342764193249}