{"1": 0.2476968167452088, "2": 0.24305201139712831, "3": 0.24172084470685656, "4": 0.24094680196600649, "5": 0.2402366420777995, "6": 0.23931155064983795, "7": 0.23961577902221007, "8": 0.2398500465443641, "9": 0.24043054937056466, "10": 0.23950288618718754, "11": 0.23856741942309317, "12": 0.23869631293940216, "13": 0.238093590001488, "14": 0.23885959935133175, "15": 0.2383019513313073, "16": 0.23786991890730572, "17": 0.23795835594766274, "18": 0.23672070207225548, "19": 0.23676957755620584, "20": 0.23656357379595944, "21": 0.2367790328803737, "22": 0.2374948401561037, "23": 0.23771753882339441, "24": 0.2383118187573813, "25": 0.24146708310598647, "26": 0.234615659201339, "27": 0.23418551314891817, "28": 0.23395271646914775, "29": 0.23437193766133088, "30": 0.23371829561374877, "31": 0.23355379191786674, "32": 0.2333210092819628, "33": 0.23316365010266732, "34": 0.23238269086996852, "35": 0.23274709791208803, "36": 0.23313170650296255, "37": 0.23386115686622785, "38": 0.23349137633432243, "39": 0.23418286429218751, "40": 0.23390797943013855, "41": 0.23349565498516417, "42": 0.23291491309668316, "43": 0.23295996348879563, "44": 0.23296268065169223, "45": 0.2332728774694169, "46": 0.23243963428159012, "47": 0.23236217963252598, "48": 0.23205364448354532, "49": 0.23193558035837328, "50": 0.23479246710821386, "51": 0.23193230703834794, "52": 0.23208300193984108, "53": 0.23254421038726444, "54": 0.23234201629008214, "55": 0.23267229140957882, "56": 0.23251811126236338, "57": 0.23233192470638572, "58": 0.2337149571578189, "59": 0.23284039429942993, "60": 0.2326108566205738, "61": 0.23216330731447532, "62": 0.23219226550208982, "63": 0.23311756249436424, "64": 0.23218376289989479, "65": 0.23238494451769467, "66": 0.23319572569936156, "67": 0.23319635479375117, "68": 0.2324539660859377, "69": 0.23192474022144308, "70": 0.23194191343945955, "71": 0.23154656348595568, "72": 0.23206172852418855, "73": 0.23135719141219868, "74": 0.23171515102728088, "75": 0.23197618220517163, "76": 0.23204991412470272, "77": 0.23202836634568436, "78": 0.23163527034306822, "79": 0.23220970842147173, "80": 0.23209500189896282, "81": 0.23175477316130136, "82": 0.23262926981016124, "83": 0.23239404225507496, "84": 0.23159391951385908, "85": 0.23110352167149045, "86": 0.23082052389978397, "87": 0.23104698764267786, "88": 0.23150087812240838, "89": 0.23090476207464766, "90": 0.23092802089210007, "91": 0.23094062471389504, "92": 0.23060476070591987, "93": 0.23046102472778318, "94": 0.2311651620318859, "95": 0.23124229112598227, "96": 0.23230853841809473, "97": 0.23075956017782318, "98": 0.2303060007688863, "99": 0.23007768166185152, "100": 0.22998529147701857}