{"1": 53.16455696202531, "2": 51.26582278481012, "3": 52.53164556962025, "4": 51.89873417721519, "5": 52.53164556962025, "6": 54.43037974683544, "7": 53.16455696202531, "8": 53.16455696202531, "9": 53.16455696202531, "10": 53.79746835443038, "11": 52.53164556962025, "12": 52.53164556962025, "13": 51.89873417721519, "14": 55.06329113924051, "15": 55.69620253164557, "16": 55.69620253164557, "17": 53.16455696202531, "18": 53.79746835443038, "19": 51.89873417721519, "20": 52.53164556962025, "21": 52.53164556962025, "22": 52.53164556962025, "23": 52.53164556962025, "24": 53.16455696202531, "25": 53.16455696202531, "26": 53.16455696202531, "27": 53.79746835443038, "28": 53.79746835443038, "29": 53.16455696202531, "30": 52.53164556962025, "31": 53.79746835443038, "32": 53.79746835443038, "33": 51.89873417721519, "34": 52.53164556962025, "35": 51.89873417721519, "36": 53.79746835443038, "37": 52.53164556962025, "38": 52.53164556962025, "39": 53.16455696202531, "40": 53.16455696202531, "41": 53.16455696202531, "42": 53.16455696202531, "43": 53.16455696202531, "44": 51.89873417721519, "45": 53.16455696202531, "46": 52.53164556962025, "47": 51.89873417721519, "48": 51.89873417721519, "49": 52.53164556962025, "50": 51.26582278481012, "51": 52.53164556962025, "52": 51.89873417721519, "53": 51.89873417721519, "54": 52.53164556962025, "55": 53.16455696202531, "56": 52.53164556962025, "57": 52.53164556962025, "58": 52.53164556962025, "59": 51.89873417721519, "60": 52.53164556962025, "61": 51.26582278481012, "62": 51.89873417721519, "63": 51.26582278481012, "64": 51.26582278481012, "65": 52.53164556962025, "66": 51.26582278481012, "67": 52.53164556962025, "68": 51.26582278481012, "69": 51.89873417721519, "70": 51.89873417721519, "71": 51.89873417721519, "72": 51.26582278481012, "73": 51.26582278481012, "74": 50.63291139240506, "75": 50.0, "76": 51.26582278481012, "77": 50.63291139240506, "78": 51.26582278481012, "79": 51.26582278481012, "80": 50.63291139240506, "81": 50.0, "82": 50.0, "83": 50.63291139240506, "84": 51.89873417721519, "85": 51.26582278481012, "86": 50.63291139240506, "87": 50.0, "88": 50.63291139240506, "89": 50.0, "90": 50.0, "91": 50.63291139240506, "92": 50.0, "93": 50.63291139240506, "94": 51.89873417721519, "95": 50.63291139240506, "96": 50.63291139240506, "97": 51.26582278481012, "98": 51.26582278481012, "99": 51.26582278481012, "100": 52.53164556962025}