{"1": 1.289726638589141, "2": 1.0945252356914614, "3": 0.9426009595866898, "4": 0.754579409070994, "5": 0.7209689360376346, "6": 0.8222164876884536, "7": 0.8523695255987693, "8": 0.7978640423066384, "9": 0.7808641940606365, "10": 0.7765461621446768, "11": 0.7908908849753463, "12": 0.8143588400356884, "13": 0.8280698446228926, "14": 0.8437486309114729, "15": 0.8543347234330475, "16": 0.8654655874775203, "17": 0.8770426623720632, "18": 0.8855662134350287, "19": 0.8977241795893082, "20": 0.8954951156462881, "21": 0.9112519048455123, "22": 0.9109620153942258, "23": 0.9120281494077539, "24": 0.8949670701274343, "25": 0.8841428269362595, "26": 0.8715347717246257, "27": 0.8811061421475934, "28": 0.8950503425349229, "29": 0.8994162445161018, "30": 0.8978585122163906, "31": 0.889147942678058, "32": 0.8848677755641827, "33": 0.8897175107327222, "34": 0.8803254119083544, "35": 0.8883952187617628, "36": 0.8912807920254862, "37": 0.898530939581831, "38": 0.9052496547810772, "39": 0.9078169264833285, "40": 0.9121338362876737, "41": 0.9132042337009681, "42": 0.9299103116781637, "43": 0.9228262441034127, "44": 0.9181443018053376, "45": 0.9203018943260939, "46": 0.9209525853948809, "47": 0.9243738883720254, "48": 0.9237435430333663, "49": 0.9365852630444451, "50": 0.9403199976872001, "51": 0.9405045446060806, "52": 0.9358426188091046, "53": 0.9447103516333715, "54": 0.9506467738661477, "55": 0.9570916265030628, "56": 0.9540216821459354, "57": 0.9569933866334228, "58": 0.9511592291101715, "59": 0.9604391958214782, "60": 0.9568178400160511, "61": 0.9593111290143751, "62": 0.9605034356901474, "63": 0.9503964502710073, "64": 0.9529516823028609, "65": 0.9625307504831804, "66": 0.9649424667368218, "67": 0.9608772334989175, "68": 0.9614045871017127, "69": 0.9678012065400284, "70": 0.9626106058389463, "71": 0.9532075059152015, "72": 0.9521975821528446, "73": 0.953550872319788, "74": 0.9515276785120614, "75": 0.9467069699162423, "76": 0.94144288671331, "77": 0.9379995891018751, "78": 0.9429008349853669, "79": 0.9465240029547587, "80": 0.9526683085819616, "81": 0.950999577327321, "82": 0.9529657586383753, "83": 0.9569126980303865, "84": 0.9566850837781735, "85": 0.9527370567766433, "86": 0.956028637434627, "87": 0.9524638201253408, "88": 0.9509122419887779, "89": 0.948768711705653, "90": 0.9469889325437228, "91": 0.9412609835298934, "92": 0.9377613551239925, "93": 0.9294481833497779, "94": 0.920462837951135, "95": 0.9166858443154492, "96": 0.9040549637515726, "97": 0.8832261871247531, "98": 0.8645847057573067, "99": 0.8401008936365529, "100": 0.7852487927346585}