{"1": 57.14285714285714, "2": 40.65934065934066, "3": 49.45054945054945, "4": 54.94505494505495, "5": 52.74725274725275, "6": 50.54945054945055, "7": 51.64835164835166, "8": 53.84615384615385, "9": 57.14285714285714, "10": 54.94505494505495, "11": 52.74725274725275, "12": 56.043956043956044, "13": 52.74725274725275, "14": 56.043956043956044, "15": 50.54945054945055, "16": 48.35164835164835, "17": 49.45054945054945, "18": 47.25274725274725, "19": 50.54945054945055, "20": 47.25274725274725, "21": 49.45054945054945, "22": 53.84615384615385, "23": 52.74725274725275, "24": 50.54945054945055, "25": 49.45054945054945, "26": 50.54945054945055, "27": 52.74725274725275, "28": 51.64835164835166, "29": 58.24175824175825, "30": 56.043956043956044, "31": 58.24175824175825, "32": 54.94505494505495, "33": 56.043956043956044, "34": 58.24175824175825, "35": 47.25274725274725, "36": 54.94505494505495, "37": 53.84615384615385, "38": 52.74725274725275, "39": 59.34065934065934, "40": 51.64835164835166, "41": 50.54945054945055, "42": 50.54945054945055, "43": 53.84615384615385, "44": 52.74725274725275, "45": 54.94505494505495, "46": 53.84615384615385, "47": 54.94505494505495, "48": 58.24175824175825, "49": 53.84615384615385, "50": 57.14285714285714, "51": 54.94505494505495, "52": 53.84615384615385, "53": 56.043956043956044, "54": 54.94505494505495, "55": 53.84615384615385, "56": 52.74725274725275, "57": 51.64835164835166, "58": 53.84615384615385, "59": 49.45054945054945, "60": 48.35164835164835, "61": 52.74725274725275, "62": 50.54945054945055, "63": 53.84615384615385, "64": 52.74725274725275, "65": 50.54945054945055, "66": 54.94505494505495, "67": 51.64835164835166, "68": 54.94505494505495, "69": 51.64835164835166, "70": 56.043956043956044, "71": 53.84615384615385, "72": 56.043956043956044, "73": 54.94505494505495, "74": 56.043956043956044, "75": 58.24175824175825, "76": 51.64835164835166, "77": 56.043956043956044, "78": 53.84615384615385, "79": 53.84615384615385, "80": 54.94505494505495, "81": 53.84615384615385, "82": 53.84615384615385, "83": 51.64835164835166, "84": 51.64835164835166, "85": 48.35164835164835, "86": 51.64835164835166, "87": 48.35164835164835, "88": 49.45054945054945, "89": 48.35164835164835, "90": 47.25274725274725, "91": 47.25274725274725, "92": 47.25274725274725, "93": 49.45054945054945, "94": 45.05494505494506, "95": 48.35164835164835, "96": 48.35164835164835, "97": 51.64835164835166, "98": 50.54945054945055, "99": 49.45054945054945, "100": 49.45054945054945}