{"1": 0.22974599387382738, "2": 0.20010469116371202, "3": 0.18696344545280355, "4": 0.1881724018413045, "5": 0.18247407562073636, "6": 0.17265603517314942, "7": 0.17852726934519914, "8": 0.1774787818399507, "9": 0.18174847944100037, "10": 0.17788619501671968, "11": 0.17995602218695536, "12": 0.1844529444425988, "13": 0.182678645488964, "14": 0.17838094376147512, "15": 0.1797457394088645, "16": 0.18454712878684537, "17": 0.18400294272291345, "18": 0.1904038095602353, "19": 0.18890808540426005, "20": 0.1866973393544882, "21": 0.1879391783936335, "22": 0.18406131461674669, "23": 0.18789485536320977, "24": 0.18615336224914922, "25": 0.1857596937129386, "26": 0.187218777016254, "27": 0.18286727051730628, "28": 0.18058918788808112, "29": 0.18171720959368243, "30": 0.1801274268892917, "31": 0.17698539909699765, "32": 0.17870781920600917, "33": 0.17925632449262174, "34": 0.1780060911608964, "35": 0.17634503004569732, "36": 0.1749940107941114, "37": 0.1769836022449829, "38": 0.17832727289635694, "39": 0.17993108248272005, "40": 0.17802254404074613, "41": 0.1777358314781437, "42": 0.18225590595327512, "43": 0.1794659625104877, "44": 0.17699946582864848, "45": 0.18289406748210732, "46": 0.1783441081939744, "47": 0.17467352638202469, "48": 0.17950502619207426, "49": 0.18061823451854905, "50": 0.17925406161968166, "51": 0.18140131716322558, "52": 0.17742462326889616, "53": 0.179773204624239, "54": 0.17830438143321561, "55": 0.18263405847029346, "56": 0.17674942148029776, "57": 0.18239683222748118, "58": 0.18155840710388627, "59": 0.18418782413298013, "60": 0.1791480561770683, "61": 0.18242677230393992, "62": 0.17824234525065116, "63": 0.18336866094370374, "64": 0.18129124279741607, "65": 0.1805538085777166, "66": 0.1770480374350572, "67": 0.1744340056862279, "68": 0.17316451753732318, "69": 0.17704214587842693, "70": 0.17860349484877436, "71": 0.17451305776423384, "72": 0.17366004214080177, "73": 0.1723865025973416, "74": 0.17250546735334038, "75": 0.1723745224793003, "76": 0.17203726467874828, "77": 0.17144507847457835, "78": 0.1741140640108961, "79": 0.1754571852286853, "80": 0.17264677578052198, "81": 0.1726247738006701, "82": 0.17360401896220973, "83": 0.17719205584622075, "84": 0.1732765970189737, "85": 0.17189762239055031, "86": 0.1733795783781327, "87": 0.17443543813759985, "88": 0.17463039657494886, "89": 0.17612718244490666, "90": 0.17617601522254928, "91": 0.17662490111900334, "92": 0.1774129457552656, "93": 0.17619393184037058, "94": 0.1754951703432221, "95": 0.17710132277123475, "96": 0.1746401303017814, "97": 0.17141387084563312, "98": 0.17178675809436444, "99": 0.17369267440095246, "100": 0.1711633063679345}