{"1": 0.15579118115824095, "2": 0.2951376601873475, "3": 0.19316470175695027, "4": 0.18887800214859155, "5": 0.17193035269313892, "6": 0.16856508060746583, "7": 0.153155903423556, "8": 0.18582980727275625, "9": 0.1542976923902181, "10": 0.1872081519783044, "11": 0.16267256827077176, "12": 0.19451550799755443, "13": 0.1888721672567791, "14": 0.1738815096440931, "15": 0.2193382788254703, "16": 0.2034645613083911, "17": 0.1721676139891488, "18": 0.15771344177895297, "19": 0.1762204343532148, "20": 0.21448236793743267, "21": 0.24410326346802064, "22": 0.17514707772456564, "23": 0.1716595231752458, "24": 0.1701462875411483, "25": 0.17506559835251145, "26": 0.14769058710869737, "27": 0.13520531405242642, "28": 0.13655791078848828, "29": 0.135247877036459, "30": 0.14838780488006983, "31": 0.1484403684921092, "32": 0.13929927574097883, "33": 0.1273020382228939, "34": 0.12302202729042704, "35": 0.18781647468925838, "36": 0.16973646760280803, "37": 0.15573181746593043, "38": 0.15926164291630834, "39": 0.12397019830142994, "40": 0.15311288021290792, "41": 0.17240685981202813, "42": 0.1399894909963999, "43": 0.14612269771793546, "44": 0.16973300928834895, "45": 0.1546649510165785, "46": 0.15192695160258618, "47": 0.15338815722545512, "48": 0.1542257518910847, "49": 0.18311554342509956, "50": 0.15557114735233454, "51": 0.19438003544539195, "52": 0.17529956472841937, "53": 0.16822837489527412, "54": 0.16078082130544444, "55": 0.17254276467522647, "56": 0.1712987131362352, "57": 0.17812556252073647, "58": 0.17644108097697941, "59": 0.19600617471290796, "60": 0.19270636830939647, "61": 0.17106336703784358, "62": 0.1649353647268157, "63": 0.1822845032859856, "64": 0.15862686172966906, "65": 0.1845674142303752, "66": 0.1584586529541478, "67": 0.1822185359662682, "68": 0.15649508190430622, "69": 0.17297278537773067, "70": 0.15802888581337493, "71": 0.14582741295030482, "72": 0.1476878687240132, "73": 0.15149487306448414, "74": 0.15165518292982527, "75": 0.14762568202919732, "76": 0.16852342279400348, "77": 0.14394050875144798, "78": 0.1536621359933547, "79": 0.16109008002719374, "80": 0.15936431238655707, "81": 0.14518471073242384, "82": 0.14331031995436697, "83": 0.16863594087311964, "84": 0.18966092868072634, "85": 0.19645858283562637, "86": 0.17658202389619407, "87": 0.1916305759454947, "88": 0.1687092774943845, "89": 0.19857739621984255, "90": 0.19214597348530363, "91": 0.19330832139261261, "92": 0.19045262674167276, "93": 0.1921294687457961, "94": 0.21348943939487378, "95": 0.20102396468916664, "96": 0.19540199045366308, "97": 0.18117655156789803, "98": 0.1919156323307178, "99": 0.19086865861804309, "100": 0.20365907916436407}