{"1": 62.16216216216216, "2": 27.027027027027028, "3": 40.54054054054054, "4": 56.75675675675676, "5": 54.054054054054056, "6": 45.94594594594595, "7": 40.54054054054054, "8": 51.35135135135135, "9": 51.35135135135135, "10": 43.24324324324324, "11": 40.54054054054054, "12": 43.24324324324324, "13": 35.13513513513514, "14": 48.64864864864865, "15": 32.432432432432435, "16": 43.24324324324324, "17": 45.94594594594595, "18": 35.13513513513514, "19": 37.83783783783784, "20": 35.13513513513514, "21": 37.83783783783784, "22": 43.24324324324324, "23": 40.54054054054054, "24": 37.83783783783784, "25": 43.24324324324324, "26": 43.24324324324324, "27": 40.54054054054054, "28": 45.94594594594595, "29": 62.16216216216216, "30": 54.054054054054056, "31": 67.56756756756756, "32": 59.45945945945946, "33": 56.75675675675676, "34": 56.75675675675676, "35": 37.83783783783784, "36": 51.35135135135135, "37": 54.054054054054056, "38": 56.75675675675676, "39": 64.86486486486487, "40": 54.054054054054056, "41": 51.35135135135135, "42": 43.24324324324324, "43": 54.054054054054056, "44": 56.75675675675676, "45": 59.45945945945946, "46": 56.75675675675676, "47": 59.45945945945946, "48": 62.16216216216216, "49": 56.75675675675676, "50": 59.45945945945946, "51": 51.35135135135135, "52": 59.45945945945946, "53": 62.16216216216216, "54": 56.75675675675676, "55": 56.75675675675676, "56": 48.64864864864865, "57": 48.64864864864865, "58": 54.054054054054056, "59": 45.94594594594595, "60": 45.94594594594595, "61": 45.94594594594595, "62": 45.94594594594595, "63": 48.64864864864865, "64": 54.054054054054056, "65": 45.94594594594595, "66": 64.86486486486487, "67": 59.45945945945946, "68": 59.45945945945946, "69": 54.054054054054056, "70": 59.45945945945946, "71": 59.45945945945946, "72": 62.16216216216216, "73": 56.75675675675676, "74": 59.45945945945946, "75": 64.86486486486487, "76": 56.75675675675676, "77": 59.45945945945946, "78": 54.054054054054056, "79": 59.45945945945946, "80": 56.75675675675676, "81": 56.75675675675676, "82": 59.45945945945946, "83": 51.35135135135135, "84": 48.64864864864865, "85": 48.64864864864865, "86": 56.75675675675676, "87": 45.94594594594595, "88": 51.35135135135135, "89": 54.054054054054056, "90": 51.35135135135135, "91": 45.94594594594595, "92": 48.64864864864865, "93": 51.35135135135135, "94": 48.64864864864865, "95": 48.64864864864865, "96": 45.94594594594595, "97": 54.054054054054056, "98": 48.64864864864865, "99": 51.35135135135135, "100": 51.35135135135135}