{"1": 57.14285714285714, "2": 53.84615384615385, "3": 58.24175824175825, "4": 65.93406593406593, "5": 64.83516483516483, "6": 56.043956043956044, "7": 57.14285714285714, "8": 59.34065934065934, "9": 59.34065934065934, "10": 53.84615384615385, "11": 54.94505494505495, "12": 56.043956043956044, "13": 52.74725274725275, "14": 58.24175824175825, "15": 50.54945054945055, "16": 53.84615384615385, "17": 56.043956043956044, "18": 51.64835164835166, "19": 51.64835164835166, "20": 50.54945054945055, "21": 51.64835164835166, "22": 54.94505494505495, "23": 54.94505494505495, "24": 52.74725274725275, "25": 52.74725274725275, "26": 53.84615384615385, "27": 53.84615384615385, "28": 56.043956043956044, "29": 61.53846153846154, "30": 60.43956043956044, "31": 64.83516483516483, "32": 60.43956043956044, "33": 61.53846153846154, "34": 61.53846153846154, "35": 52.74725274725275, "36": 59.34065934065934, "37": 59.34065934065934, "38": 60.43956043956044, "39": 62.637362637362635, "40": 58.24175824175825, "41": 58.24175824175825, "42": 54.94505494505495, "43": 59.34065934065934, "44": 59.34065934065934, "45": 59.34065934065934, "46": 59.34065934065934, "47": 61.53846153846154, "48": 61.53846153846154, "49": 62.637362637362635, "50": 64.83516483516483, "51": 59.34065934065934, "52": 60.43956043956044, "53": 61.53846153846154, "54": 62.637362637362635, "55": 58.24175824175825, "56": 58.24175824175825, "57": 57.14285714285714, "58": 58.24175824175825, "59": 54.94505494505495, "60": 53.84615384615385, "61": 56.043956043956044, "62": 54.94505494505495, "63": 56.043956043956044, "64": 59.34065934065934, "65": 56.043956043956044, "66": 62.637362637362635, "67": 58.24175824175825, "68": 58.24175824175825, "69": 58.24175824175825, "70": 60.43956043956044, "71": 60.43956043956044, "72": 60.43956043956044, "73": 60.43956043956044, "74": 60.43956043956044, "75": 61.53846153846154, "76": 60.43956043956044, "77": 63.73626373626373, "78": 58.24175824175825, "79": 59.34065934065934, "80": 61.53846153846154, "81": 61.53846153846154, "82": 59.34065934065934, "83": 58.24175824175825, "84": 56.043956043956044, "85": 56.043956043956044, "86": 57.14285714285714, "87": 54.94505494505495, "88": 58.24175824175825, "89": 56.043956043956044, "90": 56.043956043956044, "91": 52.74725274725275, "92": 53.84615384615385, "93": 56.043956043956044, "94": 53.84615384615385, "95": 53.84615384615385, "96": 52.74725274725275, "97": 53.84615384615385, "98": 53.84615384615385, "99": 52.74725274725275, "100": 56.043956043956044}