{"1": 0.44852288073463475, "2": 0.2779346513522388, "3": 0.26129534192343357, "4": 0.18291863062425157, "5": 0.19343279107061204, "6": 0.21878876497314717, "7": 0.21907191705692514, "8": 0.17612720537559085, "9": 0.148088431929259, "10": 0.13751892816127886, "11": 0.14486950380647526, "12": 0.11514240950857328, "13": 0.11007995089209026, "14": 0.11132533861653851, "15": 0.12328567344225758, "16": 0.11786251655254709, "17": 0.126070315672899, "18": 0.1282949641570378, "19": 0.13545979117780405, "20": 0.12873539854892224, "21": 0.12190156157832673, "22": 0.11751711466782697, "23": 0.13456129820381052, "24": 0.13628845692223443, "25": 0.12142483959403749, "26": 0.14109321810498168, "27": 0.12424976558074408, "28": 0.10393219839966847, "29": 0.11157040258304363, "30": 0.10086940229165667, "31": 0.10630929606437171, "32": 0.10245480671509992, "33": 0.11334075583048195, "34": 0.10799566074159579, "35": 0.10354307132171792, "36": 0.11535869231416444, "37": 0.12392644864671964, "38": 0.1234200681178724, "39": 0.13325697801476816, "40": 0.13789636018203572, "41": 0.13706907084161488, "42": 0.15502691733587487, "43": 0.14817050538908422, "44": 0.14844100393270704, "45": 0.1578903727440971, "46": 0.1545363638653468, "47": 0.16276415779025638, "48": 0.15646908368511314, "49": 0.16483122196102423, "50": 0.17138595316978686, "51": 0.16206085626817343, "52": 0.16285977221176928, "53": 0.16997544994956137, "54": 0.16602026902756511, "55": 0.16600467416064604, "56": 0.1715100561740955, "57": 0.16320497123158667, "58": 0.16088228180980296, "59": 0.170092613125378, "60": 0.17442584836221178, "61": 0.1680947511534701, "62": 0.1771875302607942, "63": 0.15636706918362472, "64": 0.16226613452008368, "65": 0.17899753832308476, "66": 0.1827871142167037, "67": 0.1738307517637116, "68": 0.16680404577545635, "69": 0.17822366458635822, "70": 0.17908661439181403, "71": 0.18433149497111734, "72": 0.18630533128080715, "73": 0.18767355144496153, "74": 0.18739833388427127, "75": 0.19346889479557886, "76": 0.19176225303044625, "77": 0.19051476950184307, "78": 0.19642362589379225, "79": 0.1954045185765313, "80": 0.1905811234148626, "81": 0.18927074653906648, "82": 0.17993789890624565, "83": 0.1762664090274863, "84": 0.17157805855365985, "85": 0.1664661148183138, "86": 0.17726113255094675, "87": 0.17847046658718643, "88": 0.17667565624287734, "89": 0.18008218033678663, "90": 0.177726849500089, "91": 0.1688271641638815, "92": 0.16528621918066713, "93": 0.16337407805217663, "94": 0.16785429267330293, "95": 0.16148711303716767, "96": 0.16015761065720724, "97": 0.15615868907287253, "98": 0.15789877703678157, "99": 0.15089212662962814, "100": 0.1294054079381689}