{"1": 0.21657858572350558, "2": 0.1951035299276445, "3": 0.1842312247858879, "4": 0.17607759430538594, "5": 0.1674037576617813, "6": 0.16437274227698248, "7": 0.15792357759129624, "8": 0.15529048852983826, "9": 0.15055812964536375, "10": 0.1458221671579141, "11": 0.14641744783187766, "12": 0.14358871693435576, "13": 0.14440967314435182, "14": 0.14409082129282744, "15": 0.13849419026800677, "16": 0.1393675217173164, "17": 0.13872167858309672, "18": 0.13990049124066636, "19": 0.14058628092582245, "20": 0.1401552821275554, "21": 0.13959300434851873, "22": 0.13979106725150547, "23": 0.13821770552000795, "24": 0.13975090123833533, "25": 0.13547743865119963, "26": 0.13486229375638445, "27": 0.13280503095067508, "28": 0.13259081439499734, "29": 0.13201729522268352, "30": 0.13034597670166534, "31": 0.12995812427612796, "32": 0.12982412093491177, "33": 0.128522200121738, "34": 0.12855201011440306, "35": 0.1291060293826635, "36": 0.13016545748611885, "37": 0.13050238723880983, "38": 0.12933721403061535, "39": 0.12959741636874678, "40": 0.13024576586142142, "41": 0.1307241625633081, "42": 0.13079601245591105, "43": 0.1307526462173199, "44": 0.13246628946117586, "45": 0.13108940822309326, "46": 0.1311690288751194, "47": 0.1304258815066319, "48": 0.1298098228387445, "49": 0.13105867515238964, "50": 0.13160695861978572, "51": 0.13177427929404045, "52": 0.13191730952739597, "53": 0.13046361812908103, "54": 0.13035813979928207, "55": 0.13063539962812884, "56": 0.1307835288705896, "57": 0.13035639640040567, "58": 0.13187423573164306, "59": 0.13119111461791486, "60": 0.13242762984155584, "61": 0.13151627192971405, "62": 0.13220635641790002, "63": 0.13054022825366854, "64": 0.130525061155872, "65": 0.13075701700567885, "66": 0.13129844249310157, "67": 0.131163972179243, "68": 0.1303038744643573, "69": 0.1303952815656079, "70": 0.13001020465023108, "71": 0.13102160800124898, "72": 0.1311861830190073, "73": 0.13178656610205033, "74": 0.131483007220788, "75": 0.13145015619138942, "76": 0.13160892202332478, "77": 0.13115649629910403, "78": 0.13179951383736913, "79": 0.1313354660620756, "80": 0.1312548378224686, "81": 0.13168091863861014, "82": 0.13162654034234808, "83": 0.13172699211900613, "84": 0.13194814977962666, "85": 0.13204485564690985, "86": 0.13241705911884707, "87": 0.13290044242343596, "88": 0.13291287219625592, "89": 0.13340570719142367, "90": 0.13366262135768725, "91": 0.1336878029142419, "92": 0.13332146363707148, "93": 0.1331915942395922, "94": 0.1331165227932786, "95": 0.13303273071665878, "96": 0.13229383012347323, "97": 0.13133606470345321, "98": 0.13019731813780064, "99": 0.12965363446813477, "100": 0.13037172578184647}