{"1": 32.432432432432435, "2": 37.83783783783784, "3": 48.64864864864865, "4": 45.94594594594595, "5": 37.83783783783784, "6": 45.94594594594595, "7": 43.24324324324324, "8": 43.24324324324324, "9": 45.94594594594595, "10": 48.64864864864865, "11": 48.64864864864865, "12": 45.94594594594595, "13": 54.054054054054056, "14": 54.054054054054056, "15": 54.054054054054056, "16": 59.45945945945946, "17": 59.45945945945946, "18": 62.16216216216216, "19": 59.45945945945946, "20": 56.75675675675676, "21": 62.16216216216216, "22": 62.16216216216216, "23": 64.86486486486487, "24": 64.86486486486487, "25": 67.56756756756756, "26": 67.56756756756756, "27": 67.56756756756756, "28": 67.56756756756756, "29": 67.56756756756756, "30": 67.56756756756756, "31": 67.56756756756756, "32": 70.27027027027027, "33": 67.56756756756756, "34": 67.56756756756756, "35": 67.56756756756756, "36": 67.56756756756756, "37": 67.56756756756756, "38": 67.56756756756756, "39": 64.86486486486487, "40": 67.56756756756756, "41": 67.56756756756756, "42": 67.56756756756756, "43": 67.56756756756756, "44": 72.97297297297297, "45": 70.27027027027027, "46": 67.56756756756756, "47": 67.56756756756756, "48": 64.86486486486487, "49": 64.86486486486487, "50": 64.86486486486487, "51": 67.56756756756756, "52": 67.56756756756756, "53": 67.56756756756756, "54": 67.56756756756756, "55": 67.56756756756756, "56": 67.56756756756756, "57": 67.56756756756756, "58": 67.56756756756756, "59": 67.56756756756756, "60": 67.56756756756756, "61": 70.27027027027027, "62": 70.27027027027027, "63": 70.27027027027027, "64": 67.56756756756756, "65": 70.27027027027027, "66": 70.27027027027027, "67": 70.27027027027027, "68": 70.27027027027027, "69": 70.27027027027027, "70": 72.97297297297297, "71": 72.97297297297297, "72": 72.97297297297297, "73": 72.97297297297297, "74": 72.97297297297297, "75": 72.97297297297297, "76": 72.97297297297297, "77": 72.97297297297297, "78": 72.97297297297297, "79": 72.97297297297297, "80": 72.97297297297297, "81": 72.97297297297297, "82": 70.27027027027027, "83": 72.97297297297297, "84": 70.27027027027027, "85": 72.97297297297297, "86": 72.97297297297297, "87": 72.97297297297297, "88": 72.97297297297297, "89": 72.97297297297297, "90": 70.27027027027027, "91": 70.27027027027027, "92": 70.27027027027027, "93": 70.27027027027027, "94": 70.27027027027027, "95": 70.27027027027027, "96": 70.27027027027027, "97": 67.56756756756756, "98": 64.86486486486487, "99": 67.56756756756756, "100": 64.86486486486487}