{"1": 0.32222213488998314, "2": 0.24500197808188703, "3": 0.22803086390012012, "4": 0.1847141114093644, "5": 0.19149208854594948, "6": 0.18776315826341666, "7": 0.1686349322454114, "8": 0.1413951270708385, "9": 0.1240217054041397, "10": 0.11879108795547719, "11": 0.11916116309462968, "12": 0.10663321055289948, "13": 0.10377152771176036, "14": 0.10670460838268725, "15": 0.11551424981694923, "16": 0.11501872763105955, "17": 0.11056829021873778, "18": 0.11025243442448855, "19": 0.11576956613525205, "20": 0.11050500613744257, "21": 0.10756611683278003, "22": 0.10248262633030855, "23": 0.11278678579692937, "24": 0.11963101789964453, "25": 0.10029956790468741, "26": 0.11051367637166987, "27": 0.09907378331286844, "28": 0.08554204660242926, "29": 0.0898712586962552, "30": 0.08227521958968925, "31": 0.08513124502009371, "32": 0.08411001563218518, "33": 0.09016361245129763, "34": 0.08544737656418341, "35": 0.0822889368264503, "36": 0.08952391272337601, "37": 0.09673388106855896, "38": 0.09571480788810366, "39": 0.09981395731110257, "40": 0.10330555248778041, "41": 0.10103077987367365, "42": 0.1098208042016336, "43": 0.10363757871486337, "44": 0.10892343452393918, "45": 0.10960629006302663, "46": 0.10590401274033028, "47": 0.11128214065559036, "48": 0.10505792686047662, "49": 0.11192990054055768, "50": 0.11457632662392517, "51": 0.10777980082705582, "52": 0.10655008233700719, "53": 0.10915953994677323, "54": 0.10631590264527574, "55": 0.10869479488032756, "56": 0.11330076212575357, "57": 0.10978829710221144, "58": 0.10826917197629057, "59": 0.11773522768776004, "60": 0.11811969975711567, "61": 0.1132328369483992, "62": 0.11855797445036417, "63": 0.10193684237930062, "64": 0.10517094247508607, "65": 0.11677713100619108, "66": 0.11783870453826167, "67": 0.11050719313621489, "68": 0.10542298869183064, "69": 0.11423067959988072, "70": 0.11455387272131698, "71": 0.11796052453206012, "72": 0.11733683302251212, "73": 0.11860285449694963, "74": 0.1205836515573606, "75": 0.12542482024449236, "76": 0.12440488575849559, "77": 0.12543448841341331, "78": 0.1263168513640015, "79": 0.12529645101165204, "80": 0.12191719098127408, "81": 0.12185511173623378, "82": 0.11689569502074501, "83": 0.11485754275832721, "84": 0.11224137458481687, "85": 0.10943186525688206, "86": 0.11444862503665097, "87": 0.11341406354545197, "88": 0.11330784755839271, "89": 0.1161333816003796, "90": 0.11515468434815043, "91": 0.10942719205357601, "92": 0.10747452362397188, "93": 0.10514194550478553, "94": 0.10840718599712157, "95": 0.1049166203055371, "96": 0.10394344141501112, "97": 0.1016139823116565, "98": 0.10409162571184821, "99": 0.10261274972359999, "100": 0.09356423456253532}