{"1": 59.45945945945946, "2": 51.35135135135135, "3": 64.86486486486487, "4": 59.45945945945946, "5": 59.45945945945946, "6": 62.16216216216216, "7": 67.56756756756756, "8": 62.16216216216216, "9": 62.16216216216216, "10": 54.054054054054056, "11": 56.75675675675676, "12": 56.75675675675676, "13": 62.16216216216216, "14": 56.75675675675676, "15": 62.16216216216216, "16": 62.16216216216216, "17": 62.16216216216216, "18": 70.27027027027027, "19": 67.56756756756756, "20": 64.86486486486487, "21": 64.86486486486487, "22": 64.86486486486487, "23": 62.16216216216216, "24": 67.56756756756756, "25": 70.27027027027027, "26": 62.16216216216216, "27": 67.56756756756756, "28": 59.45945945945946, "29": 67.56756756756756, "30": 67.56756756756756, "31": 67.56756756756756, "32": 70.27027027027027, "33": 70.27027027027027, "34": 67.56756756756756, "35": 64.86486486486487, "36": 64.86486486486487, "37": 62.16216216216216, "38": 59.45945945945946, "39": 62.16216216216216, "40": 64.86486486486487, "41": 67.56756756756756, "42": 62.16216216216216, "43": 67.56756756756756, "44": 62.16216216216216, "45": 67.56756756756756, "46": 62.16216216216216, "47": 67.56756756756756, "48": 67.56756756756756, "49": 64.86486486486487, "50": 62.16216216216216, "51": 62.16216216216216, "52": 64.86486486486487, "53": 59.45945945945946, "54": 59.45945945945946, "55": 56.75675675675676, "56": 59.45945945945946, "57": 64.86486486486487, "58": 64.86486486486487, "59": 62.16216216216216, "60": 64.86486486486487, "61": 62.16216216216216, "62": 64.86486486486487, "63": 64.86486486486487, "64": 64.86486486486487, "65": 62.16216216216216, "66": 59.45945945945946, "67": 64.86486486486487, "68": 62.16216216216216, "69": 56.75675675675676, "70": 62.16216216216216, "71": 62.16216216216216, "72": 56.75675675675676, "73": 54.054054054054056, "74": 54.054054054054056, "75": 59.45945945945946, "76": 59.45945945945946, "77": 51.35135135135135, "78": 59.45945945945946, "79": 64.86486486486487, "80": 54.054054054054056, "81": 59.45945945945946, "82": 62.16216216216216, "83": 62.16216216216216, "84": 64.86486486486487, "85": 62.16216216216216, "86": 59.45945945945946, "87": 59.45945945945946, "88": 62.16216216216216, "89": 59.45945945945946, "90": 62.16216216216216, "91": 62.16216216216216, "92": 56.75675675675676, "93": 56.75675675675676, "94": 62.16216216216216, "95": 62.16216216216216, "96": 64.86486486486487, "97": 56.75675675675676, "98": 54.054054054054056, "99": 54.054054054054056, "100": 59.45945945945946}