{"1": 0.23461346701354951, "2": 0.28648721035522706, "3": 0.23149300501081252, "4": 0.22222916430565143, "5": 0.19300747103395238, "6": 0.1851440452111348, "7": 0.19078904632585572, "8": 0.17916273175977915, "9": 0.17732181260809227, "10": 0.17792260247841155, "11": 0.17832918557725153, "12": 0.1741612741008169, "13": 0.17318261021911469, "14": 0.1605377180624346, "15": 0.1780502166111572, "16": 0.17467295129156055, "17": 0.17220258652199272, "18": 0.17307078655109148, "19": 0.17869374234306218, "20": 0.1696538224582761, "21": 0.17587407053308746, "22": 0.156486521993167, "23": 0.15909608120911808, "24": 0.15534792450148222, "25": 0.15574268465222788, "26": 0.15549992605994928, "27": 0.15377123072480064, "28": 0.15439724084182682, "29": 0.15230037977883198, "30": 0.15587613702140557, "31": 0.14837962710403377, "32": 0.14995579047478386, "33": 0.14918305433800733, "34": 0.14405418056295427, "35": 0.15258228284713005, "36": 0.1579352998194039, "37": 0.15413352272319422, "38": 0.15774877337986037, "39": 0.14645904947771118, "40": 0.1564217533844381, "41": 0.15574403563204453, "42": 0.16006411126244738, "43": 0.14956710689092662, "44": 0.15210951767496972, "45": 0.15428247806260229, "46": 0.15537242466932505, "47": 0.1665773928744889, "48": 0.1636788530957562, "49": 0.17689413973965373, "50": 0.17164670441127738, "51": 0.187171158108555, "52": 0.1654288755577154, "53": 0.16321108777433785, "54": 0.1667782217207922, "55": 0.1680094592896822, "56": 0.17729097760265977, "57": 0.1784928262375901, "58": 0.17566031089486142, "59": 0.18575361677616084, "60": 0.19491217457076335, "61": 0.1869462268698761, "62": 0.19693784480453527, "63": 0.1858075860568265, "64": 0.17639926497253428, "65": 0.18125509011455465, "66": 0.17596939485850568, "67": 0.17335371954633144, "68": 0.16057328856799197, "69": 0.1716787341749696, "70": 0.16296849284401732, "71": 0.16559910579854709, "72": 0.17147516461223722, "73": 0.16370076202059336, "74": 0.1682716503194132, "75": 0.1560798513752134, "76": 0.160485276125425, "77": 0.15944839479712997, "78": 0.1629385777617689, "79": 0.1543518375330693, "80": 0.16223058148278752, "81": 0.1662530443531139, "82": 0.17421146750303007, "83": 0.1775257708636897, "84": 0.1755563237701058, "85": 0.17736335329779224, "86": 0.17703738627466403, "87": 0.18165558626806677, "88": 0.18006203710976282, "89": 0.19062078528901819, "90": 0.1807956929716767, "91": 0.1903254713495202, "92": 0.19157967203000054, "93": 0.18469358599544827, "94": 0.17050709936688085, "95": 0.1704141704449628, "96": 0.1839022071983733, "97": 0.17599349342969584, "98": 0.18405960764737567, "99": 0.19424730600338402, "100": 0.18877281263288886}