{"1": 0.3189012721785189, "2": 0.2602895779053737, "3": 0.24270170933577961, "4": 0.24639446127570203, "5": 0.24016723416433183, "6": 0.21841850729919982, "7": 0.2071069582451135, "8": 0.19215430397597136, "9": 0.17949075372701528, "10": 0.16710291335792696, "11": 0.17776686086663607, "12": 0.16585409271730864, "13": 0.17395180735889265, "14": 0.1752075860179647, "15": 0.1793238130580659, "16": 0.17745594004535037, "17": 0.1792824753944257, "18": 0.18163782503982273, "19": 0.18349514011659435, "20": 0.18874183571548875, "21": 0.18496404667882885, "22": 0.18575434294551213, "23": 0.19056395171310042, "24": 0.18818579282626258, "25": 0.19066481840867144, "26": 0.19094598522644246, "27": 0.18711583289758293, "28": 0.18655038481465008, "29": 0.19095230039415453, "30": 0.19048352648238315, "31": 0.1921509147960126, "32": 0.1929327991360712, "33": 0.1976779869844109, "34": 0.19736241284047612, "35": 0.198119538309589, "36": 0.20158917732726564, "37": 0.20177585799172004, "38": 0.20543191389887638, "39": 0.20508039466187164, "40": 0.20626711352866722, "41": 0.2070387325737913, "42": 0.20662102686851833, "43": 0.20499202582749912, "44": 0.2017931157677416, "45": 0.20366075244804524, "46": 0.20583991891173506, "47": 0.20586474747744665, "48": 0.20513383825667858, "49": 0.20304447566314318, "50": 0.20358394835954907, "51": 0.20475621838372993, "52": 0.20657290824192664, "53": 0.20730211223930364, "54": 0.20637206141858605, "55": 0.20637768090472514, "56": 0.20361941059280075, "57": 0.2053554096560871, "58": 0.20816272567859018, "59": 0.2121618709955187, "60": 0.21569201806744315, "61": 0.2139132738148823, "62": 0.212370257154683, "63": 0.21027321918212863, "64": 0.20913600551176179, "65": 0.20872907533586937, "66": 0.20219802946572055, "67": 0.19676226900535695, "68": 0.20074415036362386, "69": 0.19652360008907935, "70": 0.19979499276463433, "71": 0.20712613641803998, "72": 0.20389543530750137, "73": 0.2039995090661051, "74": 0.19598070069290413, "75": 0.1966696815208458, "76": 0.19642608032898337, "77": 0.1956154067344309, "78": 0.18289610227764946, "79": 0.18757762120182367, "80": 0.19054104949938805, "81": 0.1894868444859638, "82": 0.19052581050906925, "83": 0.19335795166991593, "84": 0.1907854732098776, "85": 0.19548685092331008, "86": 0.1994205562692557, "87": 0.19981091851521804, "88": 0.20032450619702308, "89": 0.20065134258360512, "90": 0.20360270351151744, "91": 0.20253939661686904, "92": 0.20260982643040404, "93": 0.2012514302693795, "94": 0.2035100628981236, "95": 0.20383329832118516, "96": 0.204533400816134, "97": 0.20378828639299126, "98": 0.20501366269638763, "99": 0.210084570967214, "100": 0.21606928417256632}