{"1": 41.66666666666667, "2": 41.66666666666667, "3": 41.66666666666667, "4": 41.66666666666667, "5": 39.58333333333333, "6": 41.66666666666667, "7": 41.66666666666667, "8": 41.66666666666667, "9": 41.66666666666667, "10": 41.66666666666667, "11": 41.66666666666667, "12": 39.58333333333333, "13": 39.58333333333333, "14": 39.58333333333333, "15": 39.58333333333333, "16": 39.58333333333333, "17": 39.58333333333333, "18": 39.58333333333333, "19": 39.58333333333333, "20": 39.58333333333333, "21": 37.5, "22": 37.5, "23": 37.5, "24": 39.58333333333333, "25": 39.58333333333333, "26": 39.58333333333333, "27": 39.58333333333333, "28": 39.58333333333333, "29": 41.66666666666667, "30": 39.58333333333333, "31": 41.66666666666667, "32": 41.66666666666667, "33": 39.58333333333333, "34": 39.58333333333333, "35": 39.58333333333333, "36": 41.66666666666667, "37": 39.58333333333333, "38": 39.58333333333333, "39": 41.66666666666667, "40": 41.66666666666667, "41": 41.66666666666667, "42": 41.66666666666667, "43": 41.66666666666667, "44": 39.58333333333333, "45": 39.58333333333333, "46": 39.58333333333333, "47": 39.58333333333333, "48": 39.58333333333333, "49": 39.58333333333333, "50": 39.58333333333333, "51": 39.58333333333333, "52": 39.58333333333333, "53": 39.58333333333333, "54": 39.58333333333333, "55": 41.66666666666667, "56": 41.66666666666667, "57": 39.58333333333333, "58": 39.58333333333333, "59": 39.58333333333333, "60": 39.58333333333333, "61": 39.58333333333333, "62": 39.58333333333333, "63": 39.58333333333333, "64": 37.5, "65": 39.58333333333333, "66": 39.58333333333333, "67": 39.58333333333333, "68": 39.58333333333333, "69": 39.58333333333333, "70": 39.58333333333333, "71": 39.58333333333333, "72": 39.58333333333333, "73": 39.58333333333333, "74": 37.5, "75": 37.5, "76": 39.58333333333333, "77": 37.5, "78": 39.58333333333333, "79": 37.5, "80": 37.5, "81": 37.5, "82": 37.5, "83": 37.5, "84": 39.58333333333333, "85": 39.58333333333333, "86": 37.5, "87": 37.5, "88": 39.58333333333333, "89": 37.5, "90": 39.58333333333333, "91": 37.5, "92": 37.5, "93": 37.5, "94": 37.5, "95": 37.5, "96": 37.5, "97": 37.5, "98": 37.5, "99": 37.5, "100": 39.58333333333333}