{"1": 0.2534989260998117, "2": 0.24770222212719728, "3": 0.24528895650555452, "4": 0.24396253053496728, "5": 0.24163103596333402, "6": 0.2419875667453717, "7": 0.24091109317896123, "8": 0.24081682160065396, "9": 0.23966167749860728, "10": 0.23767159391838305, "11": 0.2381100703336239, "12": 0.23889904310968071, "13": 0.23912113047573302, "14": 0.2385346008429935, "15": 0.23872428378497115, "16": 0.23678666967985712, "17": 0.2368355371878593, "18": 0.23786671229270304, "19": 0.2392764641915402, "20": 0.2388784493837351, "21": 0.24008998000842313, "22": 0.24030480341811325, "23": 0.23906178915464715, "24": 0.23829548848847396, "25": 0.2398735857053426, "26": 0.23649470409521425, "27": 0.23552966400850023, "28": 0.23395997130055252, "29": 0.23350811758872456, "30": 0.23233531989285036, "31": 0.2332692674468591, "32": 0.23310740558189744, "33": 0.23218259358398918, "34": 0.231930796944275, "35": 0.23205071515005835, "36": 0.2313993811607819, "37": 0.23133103814809608, "38": 0.23246879135436266, "39": 0.2322792589364776, "40": 0.23185446553066047, "41": 0.2323934761373294, "42": 0.23174909773251512, "43": 0.23223603565858017, "44": 0.23216987098704225, "45": 0.23315412220645731, "46": 0.23149005277353463, "47": 0.23138073977847715, "48": 0.23067001604121926, "49": 0.2295419648957756, "50": 0.23146208830438267, "51": 0.22876478060663052, "52": 0.2291284063614265, "53": 0.2281981363196015, "54": 0.2281852193811586, "55": 0.228261417256944, "56": 0.2289908826756312, "57": 0.2296977413865668, "58": 0.2305406820221906, "59": 0.229474824580081, "60": 0.2280898827878773, "61": 0.2276380962204408, "62": 0.22852379340663814, "63": 0.22891679638215698, "64": 0.22987148580496541, "65": 0.2295346778388104, "66": 0.22959025013766035, "67": 0.22855078637171358, "68": 0.22826561946737964, "69": 0.22734319958583218, "70": 0.2276525120936543, "71": 0.22786926230865714, "72": 0.228427345440346, "73": 0.22747919529088745, "74": 0.2274031274173569, "75": 0.22791308203608976, "76": 0.22685575747934336, "77": 0.22663326357181132, "78": 0.22595988435371303, "79": 0.22562578719580553, "80": 0.22607561944473584, "81": 0.22616800188553773, "82": 0.22512863181965392, "83": 0.22606522395008719, "84": 0.2259874789176545, "85": 0.22623728163573237, "86": 0.22579332077852315, "87": 0.2257925160564982, "88": 0.22672706465129144, "89": 0.22695699631321564, "90": 0.2262799370579354, "91": 0.2256924609542865, "92": 0.22475922614687485, "93": 0.22566517510571912, "94": 0.2264015930724435, "95": 0.22718250266172088, "96": 0.22680680808641848, "97": 0.22696833839652494, "98": 0.2274615739722798, "99": 0.22686034655212362, "100": 0.22644847329286003}