{"1": 57.692307692307686, "2": 61.53846153846154, "3": 59.61538461538461, "4": 56.730769230769226, "5": 59.61538461538461, "6": 58.65384615384615, "7": 59.61538461538461, "8": 55.769230769230774, "9": 58.65384615384615, "10": 56.730769230769226, "11": 59.61538461538461, "12": 53.84615384615385, "13": 52.88461538461539, "14": 54.807692307692314, "15": 54.807692307692314, "16": 57.692307692307686, "17": 54.807692307692314, "18": 59.61538461538461, "19": 52.88461538461539, "20": 54.807692307692314, "21": 54.807692307692314, "22": 50.96153846153846, "23": 58.65384615384615, "24": 51.92307692307693, "25": 52.88461538461539, "26": 56.730769230769226, "27": 58.65384615384615, "28": 55.769230769230774, "29": 55.769230769230774, "30": 57.692307692307686, "31": 55.769230769230774, "32": 57.692307692307686, "33": 55.769230769230774, "34": 57.692307692307686, "35": 57.692307692307686, "36": 56.730769230769226, "37": 56.730769230769226, "38": 53.84615384615385, "39": 57.692307692307686, "40": 53.84615384615385, "41": 55.769230769230774, "42": 60.57692307692307, "43": 56.730769230769226, "44": 58.65384615384615, "45": 58.65384615384615, "46": 57.692307692307686, "47": 57.692307692307686, "48": 57.692307692307686, "49": 54.807692307692314, "50": 57.692307692307686, "51": 54.807692307692314, "52": 56.730769230769226, "53": 55.769230769230774, "54": 56.730769230769226, "55": 54.807692307692314, "56": 58.65384615384615, "57": 55.769230769230774, "58": 51.92307692307693, "59": 52.88461538461539, "60": 54.807692307692314, "61": 50.96153846153846, "62": 54.807692307692314, "63": 55.769230769230774, "64": 53.84615384615385, "65": 57.692307692307686, "66": 54.807692307692314, "67": 53.84615384615385, "68": 52.88461538461539, "69": 57.692307692307686, "70": 56.730769230769226, "71": 55.769230769230774, "72": 54.807692307692314, "73": 55.769230769230774, "74": 55.769230769230774, "75": 52.88461538461539, "76": 54.807692307692314, "77": 52.88461538461539, "78": 54.807692307692314, "79": 55.769230769230774, "80": 55.769230769230774, "81": 53.84615384615385, "82": 53.84615384615385, "83": 55.769230769230774, "84": 53.84615384615385, "85": 54.807692307692314, "86": 56.730769230769226, "87": 56.730769230769226, "88": 56.730769230769226, "89": 56.730769230769226, "90": 55.769230769230774, "91": 54.807692307692314, "92": 57.692307692307686, "93": 56.730769230769226, "94": 58.65384615384615, "95": 57.692307692307686, "96": 56.730769230769226, "97": 57.692307692307686, "98": 58.65384615384615, "99": 57.692307692307686, "100": 55.769230769230774}