{"1": 21.27659574468085, "2": 21.27659574468085, "3": 21.27659574468085, "4": 19.148936170212767, "5": 19.148936170212767, "6": 19.148936170212767, "7": 19.148936170212767, "8": 21.27659574468085, "9": 19.148936170212767, "10": 19.148936170212767, "11": 19.148936170212767, "12": 19.148936170212767, "13": 19.148936170212767, "14": 21.27659574468085, "15": 21.27659574468085, "16": 21.27659574468085, "17": 21.27659574468085, "18": 21.27659574468085, "19": 19.148936170212767, "20": 19.148936170212767, "21": 19.148936170212767, "22": 19.148936170212767, "23": 19.148936170212767, "24": 19.148936170212767, "25": 19.148936170212767, "26": 19.148936170212767, "27": 19.148936170212767, "28": 19.148936170212767, "29": 19.148936170212767, "30": 19.148936170212767, "31": 19.148936170212767, "32": 19.148936170212767, "33": 19.148936170212767, "34": 19.148936170212767, "35": 19.148936170212767, "36": 19.148936170212767, "37": 19.148936170212767, "38": 19.148936170212767, "39": 19.148936170212767, "40": 19.148936170212767, "41": 19.148936170212767, "42": 19.148936170212767, "43": 19.148936170212767, "44": 19.148936170212767, "45": 19.148936170212767, "46": 19.148936170212767, "47": 19.148936170212767, "48": 21.27659574468085, "49": 21.27659574468085, "50": 19.148936170212767, "51": 19.148936170212767, "52": 19.148936170212767, "53": 19.148936170212767, "54": 19.148936170212767, "55": 19.148936170212767, "56": 19.148936170212767, "57": 19.148936170212767, "58": 19.148936170212767, "59": 19.148936170212767, "60": 19.148936170212767, "61": 19.148936170212767, "62": 19.148936170212767, "63": 19.148936170212767, "64": 19.148936170212767, "65": 21.27659574468085, "66": 21.27659574468085, "67": 21.27659574468085, "68": 19.148936170212767, "69": 19.148936170212767, "70": 19.148936170212767, "71": 19.148936170212767, "72": 19.148936170212767, "73": 19.148936170212767, "74": 19.148936170212767, "75": 19.148936170212767, "76": 19.148936170212767, "77": 19.148936170212767, "78": 19.148936170212767, "79": 19.148936170212767, "80": 19.148936170212767, "81": 19.148936170212767, "82": 19.148936170212767, "83": 19.148936170212767, "84": 19.148936170212767, "85": 19.148936170212767, "86": 19.148936170212767, "87": 19.148936170212767, "88": 19.148936170212767, "89": 19.148936170212767, "90": 19.148936170212767, "91": 21.27659574468085, "92": 19.148936170212767, "93": 19.148936170212767, "94": 19.148936170212767, "95": 19.148936170212767, "96": 19.148936170212767, "97": 21.27659574468085, "98": 19.148936170212767, "99": 19.148936170212767, "100": 19.148936170212767}