{"1": 12.025316455696203, "2": 10.126582278481013, "3": 12.025316455696203, "4": 11.39240506329114, "5": 11.39240506329114, "6": 12.658227848101266, "7": 12.658227848101266, "8": 12.025316455696203, "9": 14.556962025316455, "10": 17.088607594936708, "11": 16.455696202531644, "12": 13.291139240506327, "13": 12.658227848101266, "14": 12.658227848101266, "15": 14.556962025316455, "16": 10.759493670886076, "17": 11.39240506329114, "18": 9.49367088607595, "19": 12.658227848101266, "20": 17.088607594936708, "21": 13.924050632911392, "22": 13.924050632911392, "23": 19.62025316455696, "24": 19.62025316455696, "25": 25.31645569620253, "26": 24.68354430379747, "27": 24.68354430379747, "28": 25.949367088607595, "29": 31.0126582278481, "30": 30.37974683544304, "31": 29.746835443037973, "32": 31.645569620253166, "33": 29.11392405063291, "34": 29.746835443037973, "35": 29.746835443037973, "36": 28.48101265822785, "37": 25.31645569620253, "38": 31.0126582278481, "39": 28.48101265822785, "40": 25.31645569620253, "41": 24.050632911392405, "42": 19.62025316455696, "43": 24.050632911392405, "44": 24.050632911392405, "45": 24.68354430379747, "46": 22.78481012658228, "47": 24.050632911392405, "48": 24.050632911392405, "49": 22.78481012658228, "50": 22.151898734177212, "51": 20.88607594936709, "52": 23.417721518987342, "53": 19.62025316455696, "54": 23.417721518987342, "55": 24.050632911392405, "56": 22.78481012658228, "57": 25.949367088607595, "58": 23.417721518987342, "59": 21.518987341772153, "60": 21.518987341772153, "61": 22.151898734177212, "62": 23.417721518987342, "63": 25.949367088607595, "64": 25.31645569620253, "65": 20.88607594936709, "66": 20.253164556962027, "67": 18.9873417721519, "68": 17.088607594936708, "69": 20.253164556962027, "70": 18.9873417721519, "71": 21.518987341772153, "72": 16.455696202531644, "73": 15.18987341772152, "74": 13.291139240506327, "75": 13.291139240506327, "76": 15.18987341772152, "77": 12.658227848101266, "78": 14.556962025316455, "79": 13.924050632911392, "80": 10.759493670886076, "81": 14.556962025316455, "82": 15.18987341772152, "83": 14.556962025316455, "84": 13.924050632911392, "85": 13.291139240506327, "86": 13.924050632911392, "87": 15.18987341772152, "88": 15.18987341772152, "89": 14.556962025316455, "90": 12.658227848101266, "91": 16.455696202531644, "92": 16.455696202531644, "93": 18.354430379746837, "94": 21.518987341772153, "95": 17.72151898734177, "96": 22.151898734177212, "97": 15.18987341772152, "98": 20.253164556962027, "99": 24.050632911392405, "100": 17.088607594936708}