{"1": 0.15294093186011223, "2": 0.1871212152015429, "3": 0.14321806349312877, "4": 0.1427166730120729, "5": 0.14970858236642248, "6": 0.1503074432341311, "7": 0.13596394230901115, "8": 0.16459014511763181, "9": 0.14877034622214919, "10": 0.161385424273673, "11": 0.14806686982288647, "12": 0.16147228214813192, "13": 0.15610163344982472, "14": 0.1562246527078832, "15": 0.17154169499980046, "16": 0.16467822854013525, "17": 0.14918707894861233, "18": 0.13962651588240435, "19": 0.14902673967143124, "20": 0.16047873619830946, "21": 0.17246153762662592, "22": 0.15131888908769386, "23": 0.14510094611404623, "24": 0.15049601540675084, "25": 0.15218839325236888, "26": 0.13233321296144948, "27": 0.12600499322272563, "28": 0.12864435638450852, "29": 0.12769240986150865, "30": 0.1401156960393909, "31": 0.14278719127905928, "32": 0.13173018134956793, "33": 0.12672607285390872, "34": 0.12402082295536421, "35": 0.14905857455020072, "36": 0.14267379552143122, "37": 0.14177855346890106, "38": 0.14010243946771472, "39": 0.12294461626409005, "40": 0.1362987500581932, "41": 0.14275024508562137, "42": 0.13059831957021414, "43": 0.1317121292597154, "44": 0.140098519052252, "45": 0.13488063486835883, "46": 0.13284111495312417, "47": 0.13513803819042206, "48": 0.13379035604352466, "49": 0.14527795889179898, "50": 0.13710105398125738, "51": 0.1508918515795794, "52": 0.14269536341872668, "53": 0.13888719123236576, "54": 0.13728347777665126, "55": 0.14141214245784553, "56": 0.14005522884229551, "57": 0.14387474277824158, "58": 0.14464843692643553, "59": 0.15001222696810423, "60": 0.1481350852090001, "61": 0.1426959800207171, "62": 0.13763821670245233, "63": 0.14465781435858988, "64": 0.13789593035134168, "65": 0.14397649448567285, "66": 0.13757498797242895, "67": 0.1443805033649487, "68": 0.1342938990710379, "69": 0.14059012621759642, "70": 0.135068584529985, "71": 0.13217284000191454, "72": 0.13085317708141542, "73": 0.13410867712969604, "74": 0.1343159932444798, "75": 0.1311993289991517, "76": 0.13952536188733528, "77": 0.13259220253555337, "78": 0.13554476464658557, "79": 0.13694473881926184, "80": 0.1373872816843645, "81": 0.1316865837366394, "82": 0.13043775717805842, "83": 0.14033863534945457, "84": 0.1482772677492054, "85": 0.1482362273847077, "86": 0.14116035465268553, "87": 0.1470415314946171, "88": 0.13919971286292118, "89": 0.1503787183612342, "90": 0.14733286816312102, "91": 0.14791572781782386, "92": 0.14648341872977316, "93": 0.14810170762457575, "94": 0.15607482666367214, "95": 0.15073927459327138, "96": 0.148258547628063, "97": 0.1420707874910016, "98": 0.14589147569655642, "99": 0.14601122161774122, "100": 0.14944965380080585}