{"1": 58.333333333333336, "2": 56.25, "3": 52.083333333333336, "4": 54.166666666666664, "5": 56.25, "6": 58.333333333333336, "7": 58.333333333333336, "8": 56.25, "9": 58.333333333333336, "10": 58.333333333333336, "11": 56.25, "12": 54.166666666666664, "13": 54.166666666666664, "14": 52.083333333333336, "15": 54.166666666666664, "16": 56.25, "17": 54.166666666666664, "18": 56.25, "19": 56.25, "20": 52.083333333333336, "21": 52.083333333333336, "22": 54.166666666666664, "23": 54.166666666666664, "24": 54.166666666666664, "25": 52.083333333333336, "26": 54.166666666666664, "27": 52.083333333333336, "28": 52.083333333333336, "29": 50.0, "30": 50.0, "31": 50.0, "32": 50.0, "33": 50.0, "34": 50.0, "35": 50.0, "36": 47.91666666666667, "37": 50.0, "38": 45.83333333333333, "39": 47.91666666666667, "40": 47.91666666666667, "41": 47.91666666666667, "42": 50.0, "43": 47.91666666666667, "44": 47.91666666666667, "45": 47.91666666666667, "46": 47.91666666666667, "47": 50.0, "48": 50.0, "49": 50.0, "50": 50.0, "51": 47.91666666666667, "52": 45.83333333333333, "53": 45.83333333333333, "54": 45.83333333333333, "55": 47.91666666666667, "56": 47.91666666666667, "57": 45.83333333333333, "58": 43.75, "59": 45.83333333333333, "60": 43.75, "61": 45.83333333333333, "62": 45.83333333333333, "63": 45.83333333333333, "64": 45.83333333333333, "65": 45.83333333333333, "66": 43.75, "67": 43.75, "68": 43.75, "69": 43.75, "70": 41.66666666666667, "71": 43.75, "72": 41.66666666666667, "73": 41.66666666666667, "74": 43.75, "75": 41.66666666666667, "76": 41.66666666666667, "77": 41.66666666666667, "78": 41.66666666666667, "79": 41.66666666666667, "80": 41.66666666666667, "81": 41.66666666666667, "82": 41.66666666666667, "83": 41.66666666666667, "84": 41.66666666666667, "85": 43.75, "86": 43.75, "87": 47.91666666666667, "88": 47.91666666666667, "89": 47.91666666666667, "90": 47.91666666666667, "91": 47.91666666666667, "92": 47.91666666666667, "93": 50.0, "94": 50.0, "95": 50.0, "96": 52.083333333333336, "97": 54.166666666666664, "98": 52.083333333333336, "99": 54.166666666666664, "100": 52.083333333333336}