{"1": 0.25234078012328826, "2": 0.2167170929112708, "3": 0.20869382037184242, "4": 0.1816924028998379, "5": 0.18240616449509342, "6": 0.1889438841531483, "7": 0.1859391396339168, "8": 0.17454030105076845, "9": 0.16348047184867665, "10": 0.15775051880948812, "11": 0.15784202157123445, "12": 0.15209792084788798, "13": 0.15438349346217728, "14": 0.15193182562837332, "15": 0.15888426178529372, "16": 0.15630548644033385, "17": 0.15806806141442376, "18": 0.1619064302911037, "19": 0.16418857960285474, "20": 0.16231062122519532, "21": 0.15903661261855634, "22": 0.1582379436323026, "23": 0.1647754827083139, "24": 0.16433016078411594, "25": 0.15621403073628762, "26": 0.1602380434168739, "27": 0.15598908000864886, "28": 0.1526757904743624, "29": 0.15402042099422453, "30": 0.15282843592098785, "31": 0.15038797523865652, "32": 0.15028075948177058, "33": 0.15312717896576683, "34": 0.15263940223922648, "35": 0.1504828912386585, "36": 0.15259692117809587, "37": 0.15403862438135157, "38": 0.154465168058239, "39": 0.1577023893015169, "40": 0.15859189613262564, "41": 0.1576785240702437, "42": 0.16163279255845078, "43": 0.15909949280892893, "44": 0.15933240028265888, "45": 0.1620923448505268, "46": 0.1615015600649644, "47": 0.16343588700177827, "48": 0.16172914554981593, "49": 0.16431059960055663, "50": 0.1666781942158398, "51": 0.16322041159954984, "52": 0.16337777170043005, "53": 0.16531381013684693, "54": 0.16451426298279753, "55": 0.16602558064010878, "56": 0.16616669358941863, "57": 0.16487355449257812, "58": 0.16428632459437467, "59": 0.16894439891915697, "60": 0.16936017934207087, "61": 0.16697744099890732, "62": 0.1702482525018562, "63": 0.16356320536127977, "64": 0.1653221507317461, "65": 0.16979647026919256, "66": 0.1703128533571887, "67": 0.1680710574536355, "68": 0.16536236371555985, "69": 0.16872412491948424, "70": 0.16847260537792688, "71": 0.17025092477610382, "72": 0.17019721887258019, "73": 0.17075429275596596, "74": 0.17005375300307266, "75": 0.17109818047614567, "76": 0.17036099255548598, "77": 0.16955937117218464, "78": 0.17047407928210428, "79": 0.17106073897370933, "80": 0.17001716997321695, "81": 0.1702313691530864, "82": 0.16951862565370476, "83": 0.1691356037851751, "84": 0.16808190885995905, "85": 0.16697786625570155, "86": 0.16945746376591037, "87": 0.16935982156509685, "88": 0.1694939086205653, "89": 0.1691268763646692, "90": 0.1684705166237115, "91": 0.16677014696032086, "92": 0.16570602415449429, "93": 0.16450566904372604, "94": 0.16580738914919346, "95": 0.16447881087849714, "96": 0.16386827240487636, "97": 0.16220420318700374, "98": 0.16208717912733567, "99": 0.16014831253556827, "100": 0.1520312743371924}