{"1": 53.52112676056338, "2": 54.22535211267606, "3": 57.04225352112676, "4": 60.56338028169014, "5": 62.676056338028175, "6": 64.08450704225352, "7": 59.859154929577464, "8": 60.56338028169014, "9": 57.74647887323944, "10": 57.74647887323944, "11": 54.929577464788736, "12": 59.154929577464785, "13": 55.633802816901415, "14": 57.04225352112676, "15": 56.33802816901409, "16": 56.33802816901409, "17": 54.929577464788736, "18": 54.22535211267606, "19": 54.22535211267606, "20": 54.929577464788736, "21": 54.22535211267606, "22": 54.22535211267606, "23": 53.52112676056338, "24": 53.52112676056338, "25": 54.929577464788736, "26": 56.33802816901409, "27": 57.04225352112676, "28": 57.74647887323944, "29": 59.859154929577464, "30": 57.74647887323944, "31": 59.859154929577464, "32": 54.929577464788736, "33": 55.633802816901415, "34": 57.74647887323944, "35": 57.74647887323944, "36": 57.74647887323944, "37": 52.816901408450704, "38": 55.633802816901415, "39": 55.633802816901415, "40": 57.74647887323944, "41": 58.45070422535211, "42": 57.04225352112676, "43": 54.929577464788736, "44": 54.929577464788736, "45": 56.33802816901409, "46": 56.33802816901409, "47": 60.56338028169014, "48": 56.33802816901409, "49": 57.04225352112676, "50": 56.33802816901409, "51": 55.633802816901415, "52": 54.929577464788736, "53": 54.929577464788736, "54": 57.04225352112676, "55": 54.929577464788736, "56": 57.74647887323944, "57": 55.633802816901415, "58": 56.33802816901409, "59": 57.04225352112676, "60": 54.22535211267606, "61": 56.33802816901409, "62": 57.74647887323944, "63": 54.929577464788736, "64": 54.929577464788736, "65": 57.04225352112676, "66": 55.633802816901415, "67": 60.56338028169014, "68": 57.74647887323944, "69": 57.74647887323944, "70": 57.74647887323944, "71": 60.56338028169014, "72": 60.56338028169014, "73": 61.97183098591549, "74": 61.267605633802816, "75": 61.97183098591549, "76": 62.676056338028175, "77": 59.859154929577464, "78": 57.74647887323944, "79": 57.74647887323944, "80": 59.859154929577464, "81": 58.45070422535211, "82": 59.154929577464785, "83": 59.154929577464785, "84": 60.56338028169014, "85": 60.56338028169014, "86": 60.56338028169014, "87": 61.267605633802816, "88": 60.56338028169014, "89": 59.859154929577464, "90": 59.859154929577464, "91": 59.154929577464785, "92": 60.56338028169014, "93": 60.56338028169014, "94": 61.97183098591549, "95": 61.267605633802816, "96": 59.859154929577464, "97": 60.56338028169014, "98": 58.45070422535211, "99": 61.97183098591549, "100": 62.676056338028175}