{"1": 48.10126582278481, "2": 47.46835443037975, "3": 47.46835443037975, "4": 46.835443037974684, "5": 48.734177215189874, "6": 47.46835443037975, "7": 47.46835443037975, "8": 47.46835443037975, "9": 48.10126582278481, "10": 48.734177215189874, "11": 50.63291139240506, "12": 49.36708860759494, "13": 50.0, "14": 48.734177215189874, "15": 50.63291139240506, "16": 52.53164556962025, "17": 51.26582278481012, "18": 51.89873417721519, "19": 51.89873417721519, "20": 50.63291139240506, "21": 51.26582278481012, "22": 48.734177215189874, "23": 50.63291139240506, "24": 52.53164556962025, "25": 50.63291139240506, "26": 51.89873417721519, "27": 52.53164556962025, "28": 51.89873417721519, "29": 51.89873417721519, "30": 50.63291139240506, "31": 50.63291139240506, "32": 49.36708860759494, "33": 50.63291139240506, "34": 48.734177215189874, "35": 51.26582278481012, "36": 50.63291139240506, "37": 50.0, "38": 50.63291139240506, "39": 50.0, "40": 50.63291139240506, "41": 49.36708860759494, "42": 48.734177215189874, "43": 50.0, "44": 50.63291139240506, "45": 50.0, "46": 51.26582278481012, "47": 53.79746835443038, "48": 52.53164556962025, "49": 53.16455696202531, "50": 51.89873417721519, "51": 54.43037974683544, "52": 51.89873417721519, "53": 53.16455696202531, "54": 53.79746835443038, "55": 51.26582278481012, "56": 52.53164556962025, "57": 49.36708860759494, "58": 50.0, "59": 50.0, "60": 50.0, "61": 51.89873417721519, "62": 51.26582278481012, "63": 49.36708860759494, "64": 50.0, "65": 49.36708860759494, "66": 51.89873417721519, "67": 53.16455696202531, "68": 51.89873417721519, "69": 50.0, "70": 50.0, "71": 49.36708860759494, "72": 50.63291139240506, "73": 48.734177215189874, "74": 50.0, "75": 49.36708860759494, "76": 48.734177215189874, "77": 49.36708860759494, "78": 50.0, "79": 51.89873417721519, "80": 50.63291139240506, "81": 50.0, "82": 49.36708860759494, "83": 48.734177215189874, "84": 49.36708860759494, "85": 46.835443037974684, "86": 50.0, "87": 49.36708860759494, "88": 50.0, "89": 48.734177215189874, "90": 49.36708860759494, "91": 47.46835443037975, "92": 48.10126582278481, "93": 48.734177215189874, "94": 48.734177215189874, "95": 48.10126582278481, "96": 49.36708860759494, "97": 48.10126582278481, "98": 50.0, "99": 47.46835443037975, "100": 46.835443037974684}