{"1": 0.10306921760015267, "2": 0.2822917094744638, "3": 0.22649958577998086, "4": 0.1664893872059885, "5": 0.0845238571639683, "6": 0.09481693242234845, "7": 0.10893665669871626, "8": 0.13562296874007174, "9": 0.1363080757928296, "10": 0.13571720868437304, "11": 0.11676844869543591, "12": 0.1241411601476193, "13": 0.11158650190793754, "14": 0.10781457195714755, "15": 0.10933480419925369, "16": 0.13455950908249728, "17": 0.11449237648872947, "18": 0.10512193512162812, "19": 0.10447896255631803, "20": 0.14895196718995946, "21": 0.16512853717393763, "22": 0.1492815322824144, "23": 0.15283370649383307, "24": 0.17293122535466582, "25": 0.16049083319561144, "26": 0.14699581035099937, "27": 0.1688606345493926, "28": 0.15343818847989887, "29": 0.16260246521844002, "30": 0.16966942943192193, "31": 0.14611422026440007, "32": 0.13431477118021706, "33": 0.14330200342247054, "34": 0.16299084618331872, "35": 0.17834496436926245, "36": 0.18198439609807138, "37": 0.14520840427165735, "38": 0.15164623031320482, "39": 0.13732279791837543, "40": 0.13577667644276478, "41": 0.13727813535662234, "42": 0.12561465636146968, "43": 0.13591267914524144, "44": 0.15234197222960033, "45": 0.1580425467632401, "46": 0.13505969765444154, "47": 0.1235805868926862, "48": 0.1529164355129997, "49": 0.16655929600697977, "50": 0.14906265371209285, "51": 0.15988271276154586, "52": 0.14705110862997023, "53": 0.13224266003303137, "54": 0.1339989955930901, "55": 0.13401813924700706, "56": 0.14371514658410614, "57": 0.1422571678399025, "58": 0.147475656724407, "59": 0.13730702248254803, "60": 0.14220174521556225, "61": 0.13424728756202156, "62": 0.1359104839418341, "63": 0.129654478391066, "64": 0.1232018337056566, "65": 0.11849399671515061, "66": 0.12273517748024466, "67": 0.15090088832948506, "68": 0.14911967189626016, "69": 0.16656902403701623, "70": 0.16850200281489383, "71": 0.1686231401509319, "72": 0.16419718911178174, "73": 0.1823058599266188, "74": 0.16734852181791326, "75": 0.15517404857835862, "76": 0.17086514061335661, "77": 0.14944100659376766, "78": 0.15741864637367356, "79": 0.15498456143277045, "80": 0.14330197554019355, "81": 0.13984428303323537, "82": 0.15158243261298632, "83": 0.16536770794430644, "84": 0.16988546545918837, "85": 0.15316657838127498, "86": 0.1549456778591755, "87": 0.15774319822412375, "88": 0.15247439400529147, "89": 0.15243977141753073, "90": 0.1740474325101352, "91": 0.15920343186998123, "92": 0.15165946717195206, "93": 0.1628698179177839, "94": 0.15154162603964255, "95": 0.1632070462254321, "96": 0.1651549846138284, "97": 0.15961268813342383, "98": 0.15951473798832733, "99": 0.15110791133958953, "100": 0.1636558142212099}