{"1": 0.21817065227032598, "2": 0.19436451968857593, "3": 0.18439974580820057, "4": 0.18513049456319516, "5": 0.17550637989335113, "6": 0.17891604269230188, "7": 0.17461880095827823, "8": 0.1778272561841468, "9": 0.17864347705189682, "10": 0.1837963629530219, "11": 0.1794385667455296, "12": 0.18073758428235115, "13": 0.1814351397483794, "14": 0.18510544117008537, "15": 0.18922639366026686, "16": 0.1856431661926204, "17": 0.19006901967654624, "18": 0.18826957380629672, "19": 0.19227411904488054, "20": 0.19640261533208422, "21": 0.1951169963943901, "22": 0.1953693242507844, "23": 0.1878441178308347, "24": 0.1925478879635834, "25": 0.19227083314679733, "26": 0.18730568388364777, "27": 0.18440821496709578, "28": 0.1932610098082989, "29": 0.1881420827332887, "30": 0.19364781314838467, "31": 0.1981191743692677, "32": 0.1909304119066928, "33": 0.19209082425707397, "34": 0.18784751205927172, "35": 0.1881070499913376, "36": 0.19190632243499992, "37": 0.18603291681064305, "38": 0.1888097429327387, "39": 0.1842505566572338, "40": 0.19005050556845995, "41": 0.18903299072264773, "42": 0.18693265812840756, "43": 0.1877745063963818, "44": 0.18644825229301376, "45": 0.18223194034269166, "46": 0.18237922135540338, "47": 0.18593486102052917, "48": 0.18427369108582725, "49": 0.18776089798377102, "50": 0.1876216130349262, "51": 0.19041549407387456, "52": 0.18486687572421145, "53": 0.18508388014419092, "54": 0.18567718276357056, "55": 0.1921329431352211, "56": 0.19084018216861431, "57": 0.18856648679979152, "58": 0.19116801755294838, "59": 0.19213956821812261, "60": 0.19185229088816538, "61": 0.19409697954453167, "62": 0.18779397624339197, "63": 0.1932834918086327, "64": 0.19302384066266798, "65": 0.19101454221433903, "66": 0.19337569061907908, "67": 0.19426938557290388, "68": 0.19640883742677623, "69": 0.19378480412994, "70": 0.19247122552879178, "71": 0.19040724580222015, "72": 0.19253308721153387, "73": 0.1944270280669418, "74": 0.1934940723088143, "75": 0.19309911728167276, "76": 0.1898810393919692, "77": 0.1899752026006021, "78": 0.1870273338560114, "79": 0.18370848321854244, "80": 0.190621849848704, "81": 0.18681538732171443, "82": 0.1843129427279069, "83": 0.18521352485233403, "84": 0.1890746822983712, "85": 0.18742915419258274, "86": 0.18820354268729958, "87": 0.18870299304219804, "88": 0.18883769736994985, "89": 0.18785409608619624, "90": 0.18350725070845797, "91": 0.18984504404003566, "92": 0.18513680927780074, "93": 0.1881133518957991, "94": 0.1840518287253775, "95": 0.18473560117406473, "96": 0.1835399436638588, "97": 0.18301215630039394, "98": 0.18407113482877632, "99": 0.18367185978458375, "100": 0.1839839142582555}