{"1": 0.2131371012467501, "2": 0.17609457230381775, "3": 0.16985717104724715, "4": 0.21021527776909898, "5": 0.15188176369081316, "6": 0.15731353246859237, "7": 0.16203495102369186, "8": 0.16336715871961655, "9": 0.15818596336459897, "10": 0.15733303453799266, "11": 0.15543337757661232, "12": 0.15434678905736327, "13": 0.15155178754744184, "14": 0.148616841180444, "15": 0.15011611958677934, "16": 0.14758997793709144, "17": 0.14551156107112473, "18": 0.14609330721842806, "19": 0.14589695439242528, "20": 0.1450481158965002, "21": 0.142936465236972, "22": 0.1419157532536753, "23": 0.1405504462323518, "24": 0.14179156531431425, "25": 0.14000590302666172, "26": 0.13925082296505004, "27": 0.13940756683735125, "28": 0.13752996434125858, "29": 0.13948136780397052, "30": 0.138614518239212, "31": 0.1364213062856849, "32": 0.13643300370847714, "33": 0.136597359035723, "34": 0.1375673632280783, "35": 0.13663024159286657, "36": 0.13820484603324573, "37": 0.137754016664595, "38": 0.13858652378225203, "39": 0.13783655115876725, "40": 0.1366121028922641, "41": 0.1364121860371606, "42": 0.13588745462932494, "43": 0.13675645676172118, "44": 0.1378043032934592, "45": 0.1373136425952347, "46": 0.13656433873804458, "47": 0.1358742771947319, "48": 0.1370003348111607, "49": 0.13600616862899723, "50": 0.13633407114774201, "51": 0.13500110688410694, "52": 0.1349239071554806, "53": 0.13499592228144963, "54": 0.13439462734924731, "55": 0.13421532695063473, "56": 0.1344314327584763, "57": 0.13464461085236026, "58": 0.1355990443968067, "59": 0.1351238374575745, "60": 0.13636232403219695, "61": 0.13605819028065874, "62": 0.13526080437025287, "63": 0.13476528611394742, "64": 0.1344368790232412, "65": 0.13342644783527405, "66": 0.1336720205864769, "67": 0.133633752689255, "68": 0.13373156425231358, "69": 0.13351387668616116, "70": 0.13363303382130182, "71": 0.13354460854506656, "72": 0.13293442855603976, "73": 0.13309190379331998, "74": 0.13287765258949963, "75": 0.1327985922025894, "76": 0.1327304485660505, "77": 0.132839818773118, "78": 0.13294500852236016, "79": 0.13296005859409255, "80": 0.13284859615855715, "81": 0.13298498370793949, "82": 0.13257232707967564, "83": 0.13270394153522366, "84": 0.13252295411162276, "85": 0.13253990659769357, "86": 0.13240326628387114, "87": 0.13288216060858135, "88": 0.13248097173719306, "89": 0.13252794825684527, "90": 0.1322499991518106, "91": 0.13246297545134866, "92": 0.13279964638750286, "93": 0.13301182954710924, "94": 0.1328468198172678, "95": 0.13304293126035177, "96": 0.13327882700817345, "97": 0.13388564973766112, "98": 0.13504878739451767, "99": 0.13569555626109417, "100": 0.13739274703368734}