{"1": 0.30777481072866203, "2": 0.7570404263656386, "3": 0.7168833868014794, "4": 0.6610457611547396, "5": 0.5679735220930199, "6": 0.6421659352659919, "7": 0.6092310093919243, "8": 0.6614435106143289, "9": 0.6237666760374897, "10": 0.6522113213609158, "11": 0.5917479579887627, "12": 0.6764393232405259, "13": 0.6045383372166659, "14": 0.6101227124017283, "15": 0.6705223178741981, "16": 0.6200966261180039, "17": 0.6369636536861483, "18": 0.6986917378157179, "19": 0.7581574375405152, "20": 0.6227583482574467, "21": 0.6641329141194705, "22": 0.6283576986075592, "23": 0.644283332845506, "24": 0.6952077429771581, "25": 0.6486238617456459, "26": 0.5970074174715251, "27": 0.543932029087216, "28": 0.5950774363515778, "29": 0.538869288818067, "30": 0.5961000586073505, "31": 0.6465994917065948, "32": 0.6255012993224646, "33": 0.5658391072804941, "34": 0.51626994958588, "35": 0.6051151079675365, "36": 0.5329373082866891, "37": 0.585981611858697, "38": 0.5734065573524997, "39": 0.47917033955279165, "40": 0.5802422664050096, "41": 0.6178877892731077, "42": 0.6201388288558725, "43": 0.5194054314923637, "44": 0.48066604088628473, "45": 0.542805488261853, "46": 0.5918815999920133, "47": 0.5745569223040788, "48": 0.5172167884306412, "49": 0.5626854736587982, "50": 0.5734621469803374, "51": 0.5467233090939866, "52": 0.48658781107785565, "53": 0.47531287317373894, "54": 0.5040885604033493, "55": 0.5448250934756609, "56": 0.5046347001347992, "57": 0.5272810069300979, "58": 0.6050418204173669, "59": 0.6285396695525625, "60": 0.5986131635784927, "61": 0.6282891758826328, "62": 0.5586991301017381, "63": 0.6230249515746272, "64": 0.6236561774711348, "65": 0.5915687098010414, "66": 0.6144884268067253, "67": 0.567591428487801, "68": 0.5361469853291031, "69": 0.61251692363823, "70": 0.5565987497552355, "71": 0.5545283197388331, "72": 0.5182094603563137, "73": 0.5770586824532133, "74": 0.4791696588634712, "75": 0.44490852329670544, "76": 0.5084427030898984, "77": 0.5339828470829172, "78": 0.5833909083050224, "79": 0.5328349779921798, "80": 0.5321762976264136, "81": 0.5435785244334566, "82": 0.5498204455020844, "83": 0.5480415774112796, "84": 0.5742379059092229, "85": 0.5562550016484027, "86": 0.5563754836581243, "87": 0.608876143359524, "88": 0.5429225668249723, "89": 0.559792997839719, "90": 0.5485275895860887, "91": 0.5308176417427735, "92": 0.509955421656403, "93": 0.5875846352083828, "94": 0.586154280049654, "95": 0.6443023921464789, "96": 0.6186186227068428, "97": 0.5010245508755139, "98": 0.5083006659183622, "99": 0.4647687687033572, "100": 0.41262025227707594}