{"1": 3.3412896757822947, "2": 3.12310465811679, "3": 3.1096333233193905, "4": 2.9955777616267656, "5": 3.0459128490717857, "6": 3.0033856214135684, "7": 2.9489231170890076, "8": 2.7755175843944535, "9": 2.790295127318801, "10": 2.74532500162496, "11": 2.6336158182075713, "12": 2.6286156433193058, "13": 2.661739523102275, "14": 2.7076239609129322, "15": 2.6969415302824182, "16": 2.700083032161933, "17": 2.7084191273887352, "18": 2.7359985996205483, "19": 2.716965739682041, "20": 2.7775285454651133, "21": 2.7578269496541963, "22": 2.7966381833912077, "23": 2.779536733839275, "24": 2.7232738420607236, "25": 2.7705480106345886, "26": 2.728220073089579, "27": 2.7435601302814496, "28": 2.732317468146893, "29": 2.6860159288914334, "30": 2.6828213284552147, "31": 2.6701741615427625, "32": 2.7135056338090253, "33": 2.7221939133554396, "34": 2.723015803528688, "35": 2.687106344643254, "36": 2.711489634632561, "37": 2.6854560056014987, "38": 2.657153906851111, "39": 2.7013794055958664, "40": 2.7114245984623873, "41": 2.701513406417805, "42": 2.661915452383478, "43": 2.6140875580967773, "44": 2.5940338079244096, "45": 2.591969891164903, "46": 2.5994928942465187, "47": 2.5829140534383717, "48": 2.5828514683502086, "49": 2.57217743735455, "50": 2.5404098308221763, "51": 2.5647152583524364, "52": 2.6033485763977815, "53": 2.543943911960111, "54": 2.5418778303368783, "55": 2.5663189123444115, "56": 2.575367275188785, "57": 2.586695013717894, "58": 2.5845251399209657, "59": 2.5662706897212137, "60": 2.5883671304892166, "61": 2.5807227880208194, "62": 2.5826207345044265, "63": 2.588531961279453, "64": 2.6178803332353318, "65": 2.6248175196212458, "66": 2.635231847060521, "67": 2.642052612808859, "68": 2.6595525683760046, "69": 2.642855366223368, "70": 2.6193735285225292, "71": 2.616551597642475, "72": 2.5898066535223014, "73": 2.6032180535499787, "74": 2.621631085549262, "75": 2.6341704079520865, "76": 2.632231814967315, "77": 2.618818741628953, "78": 2.6002246907186963, "79": 2.5958820438592163, "80": 2.580385287846927, "81": 2.584430168375916, "82": 2.6002153989487335, "83": 2.581724422226827, "84": 2.5629368295266532, "85": 2.5332004765973215, "86": 2.519727108298309, "87": 2.5035564679452973, "88": 2.4881859536325592, "89": 2.4705802354340127, "90": 2.453875908489649, "91": 2.4485735389194194, "92": 2.4235973222577756, "93": 2.412345414686473, "94": 2.395902477087182, "95": 2.364803915151882, "96": 2.3428155188973334, "97": 2.3292014266263856, "98": 2.336424678788743, "99": 2.3424489501411108, "100": 2.35701544424874}