{"1": 0.23230040259624068, "2": 0.20997291929448478, "3": 0.20811993196889808, "4": 0.24099210479449376, "5": 0.18872323251628514, "6": 0.18982106661588355, "7": 0.1919543642412569, "8": 0.18994420831436584, "9": 0.18646508258814856, "10": 0.18601208084395732, "11": 0.18392751182958733, "12": 0.18388180285196593, "13": 0.18120980558408678, "14": 0.1789353706193901, "15": 0.18182100382494923, "16": 0.18033848200760183, "17": 0.17841530300145217, "18": 0.17883885031628227, "19": 0.17868626299858897, "20": 0.17865207623196933, "21": 0.17860004402276702, "22": 0.17760330993941403, "23": 0.17705074234772417, "24": 0.17774511723883785, "25": 0.17771128701300784, "26": 0.17704290532900485, "27": 0.17821324742390973, "28": 0.17745624624182804, "29": 0.17916404438258274, "30": 0.1785721592386614, "31": 0.17726435864910983, "32": 0.1764310623766024, "33": 0.17699397652361654, "34": 0.17785648994671052, "35": 0.1773887607474692, "36": 0.1784736062751213, "37": 0.1778533088151462, "38": 0.1788726014587519, "39": 0.1777479047593247, "40": 0.17696015982815647, "41": 0.17707335150066392, "42": 0.1762040598094629, "43": 0.1764890838595375, "44": 0.17730034509936302, "45": 0.17722801564097113, "46": 0.17728105330982757, "47": 0.17667254337698132, "48": 0.1775616711443912, "49": 0.17696439551419052, "50": 0.1774683979589173, "51": 0.17688541310433306, "52": 0.17747830717319202, "53": 0.17763579022900153, "54": 0.1780457007192148, "55": 0.1783717648175401, "56": 0.17842468752741394, "57": 0.17884878775699473, "58": 0.1794431787353924, "59": 0.17908289610413164, "60": 0.17878054134950927, "61": 0.178403860996597, "62": 0.17797187732976247, "63": 0.17761513089920636, "64": 0.17792354451705733, "65": 0.17757505657913844, "66": 0.17773896118661553, "67": 0.17799300408682805, "68": 0.17806134456597858, "69": 0.17790514671332106, "70": 0.17785116256632252, "71": 0.17773685157354235, "72": 0.17773907804654612, "73": 0.1781695515994352, "74": 0.17847260901591674, "75": 0.17856484615990412, "76": 0.17905213993669053, "77": 0.1791486302619036, "78": 0.1792873889082645, "79": 0.17915202124043264, "80": 0.17928048160615762, "81": 0.17932726323562395, "82": 0.1795862061914336, "83": 0.17933793290438443, "84": 0.17924825048720722, "85": 0.17886214447352627, "86": 0.17823393878172952, "87": 0.17845627421140445, "88": 0.17811538816571731, "89": 0.17791545736345174, "90": 0.17812654685417856, "91": 0.1783586080420125, "92": 0.17918802482519205, "93": 0.17957055807876418, "94": 0.18013824826039831, "95": 0.181058076786708, "96": 0.18246621444721006, "97": 0.18415571538371672, "98": 0.18608669717904827, "99": 0.18771641624827531, "100": 0.19056724209479853}