{"1": 0.20531062459122068, "2": 0.19625162080988862, "3": 0.19294340398846652, "4": 0.19194963025962972, "5": 0.18453372280437824, "6": 0.18045184280201598, "7": 0.1814144332591525, "8": 0.18369075315167846, "9": 0.1857379158292215, "10": 0.18683555503148863, "11": 0.18142528475524722, "12": 0.1856292309363279, "13": 0.1849247985005464, "14": 0.1855299506783761, "15": 0.18581551537228191, "16": 0.18827006490903475, "17": 0.18849855341984606, "18": 0.18845920584867903, "19": 0.18807098591409854, "20": 0.188826610284743, "21": 0.1921945647578069, "22": 0.19117467169290506, "23": 0.19047754248299392, "24": 0.18893920095611083, "25": 0.18702773024448122, "26": 0.18787498033325406, "27": 0.19066056428877745, "28": 0.19092334664082924, "29": 0.19038346014850915, "30": 0.19225704301477972, "31": 0.19056299929751083, "32": 0.18936866224822219, "33": 0.1896636268052555, "34": 0.19125540358983975, "35": 0.19323163488969125, "36": 0.1930667599726975, "37": 0.19277024869623474, "38": 0.19487623747531296, "39": 0.19459920537806819, "40": 0.19348126376071853, "41": 0.19283335954121575, "42": 0.19317671836804967, "43": 0.19340230533117572, "44": 0.19302628890306212, "45": 0.1936486278495787, "46": 0.1938570463957407, "47": 0.19369592628815205, "48": 0.19315136527514157, "49": 0.19326970428869142, "50": 0.19295209469653998, "51": 0.1937697347442094, "52": 0.19322952334952903, "53": 0.19293859989469267, "54": 0.19397512062667238, "55": 0.19367886995490258, "56": 0.19391259537434233, "57": 0.19417722126917525, "58": 0.1945140620862416, "59": 0.19542423391278055, "60": 0.19299112535398702, "61": 0.1940752613277174, "62": 0.19360667380075797, "63": 0.19300601461481087, "64": 0.1936066374106817, "65": 0.19443987199219148, "66": 0.19473111185130618, "67": 0.19494907610657197, "68": 0.19446121062075894, "69": 0.194822570269875, "70": 0.19480956993052878, "71": 0.19453321976866725, "72": 0.1948713366499726, "73": 0.19450531625840026, "74": 0.1950512303142101, "75": 0.1957674056014339, "76": 0.19546418313814878, "77": 0.19665724268635185, "78": 0.1945612965471796, "79": 0.19475038991335286, "80": 0.19558779183692016, "81": 0.19486176369760283, "82": 0.19452616425328875, "83": 0.19384861573976464, "84": 0.19454264787267497, "85": 0.19473275962648298, "86": 0.19363988273822808, "87": 0.1935275411972367, "88": 0.19293646365563596, "89": 0.19335006675464894, "90": 0.1939920846879878, "91": 0.19335501507280697, "92": 0.1926201286110437, "93": 0.19317409567693294, "94": 0.193167392904505, "95": 0.19352842721815716, "96": 0.1940061220521931, "97": 0.19328422142024476, "98": 0.19308243269417494, "99": 0.19469544402037528, "100": 0.19749846228079393}