{"1": 65.18987341772153, "2": 66.45569620253164, "3": 67.08860759493672, "4": 65.82278481012658, "5": 67.72151898734177, "6": 68.35443037974683, "7": 67.72151898734177, "8": 66.45569620253164, "9": 67.72151898734177, "10": 67.72151898734177, "11": 68.9873417721519, "12": 67.72151898734177, "13": 67.72151898734177, "14": 65.18987341772153, "15": 66.45569620253164, "16": 67.08860759493672, "17": 67.08860759493672, "18": 67.08860759493672, "19": 66.45569620253164, "20": 67.08860759493672, "21": 67.72151898734177, "22": 67.08860759493672, "23": 67.72151898734177, "24": 69.62025316455697, "25": 68.9873417721519, "26": 68.9873417721519, "27": 69.62025316455697, "28": 68.9873417721519, "29": 69.62025316455697, "30": 69.62025316455697, "31": 68.35443037974683, "32": 67.72151898734177, "33": 68.9873417721519, "34": 68.35443037974683, "35": 69.62025316455697, "36": 68.35443037974683, "37": 68.35443037974683, "38": 67.08860759493672, "39": 67.08860759493672, "40": 68.35443037974683, "41": 67.72151898734177, "42": 67.72151898734177, "43": 68.35443037974683, "44": 69.62025316455697, "45": 70.88607594936708, "46": 71.51898734177216, "47": 70.25316455696202, "48": 70.88607594936708, "49": 70.88607594936708, "50": 69.62025316455697, "51": 69.62025316455697, "52": 70.25316455696202, "53": 70.25316455696202, "54": 70.25316455696202, "55": 68.9873417721519, "56": 68.9873417721519, "57": 68.9873417721519, "58": 67.72151898734177, "59": 67.72151898734177, "60": 68.9873417721519, "61": 68.9873417721519, "62": 68.35443037974683, "63": 68.35443037974683, "64": 68.35443037974683, "65": 70.25316455696202, "66": 68.9873417721519, "67": 69.62025316455697, "68": 70.25316455696202, "69": 70.25316455696202, "70": 68.9873417721519, "71": 68.9873417721519, "72": 70.88607594936708, "73": 70.88607594936708, "74": 72.15189873417721, "75": 71.51898734177216, "76": 72.15189873417721, "77": 72.15189873417721, "78": 70.25316455696202, "79": 70.25316455696202, "80": 70.88607594936708, "81": 70.88607594936708, "82": 70.25316455696202, "83": 70.25316455696202, "84": 67.08860759493672, "85": 68.9873417721519, "86": 68.35443037974683, "87": 68.35443037974683, "88": 68.35443037974683, "89": 68.9873417721519, "90": 68.35443037974683, "91": 67.72151898734177, "92": 67.72151898734177, "93": 68.35443037974683, "94": 68.9873417721519, "95": 68.35443037974683, "96": 67.72151898734177, "97": 68.35443037974683, "98": 69.62025316455697, "99": 69.62025316455697, "100": 68.35443037974683}