{"1": 0.22573379328273235, "2": 0.2596885356931096, "3": 0.20804693019016895, "4": 0.1834958659584059, "5": 0.1996535514846795, "6": 0.19828176347560772, "7": 0.20410820241872568, "8": 0.21479441862559998, "9": 0.21420408621857784, "10": 0.21870406362941905, "11": 0.21453362743443086, "12": 0.2207115133041459, "13": 0.2092785168978774, "14": 0.20005019428516677, "15": 0.21390980050584982, "16": 0.2052155684787405, "17": 0.2026284317801619, "18": 0.20043743318649437, "19": 0.20795896042589482, "20": 0.2087606421990327, "21": 0.2107904859047821, "22": 0.20079359237500144, "23": 0.19504316907098748, "24": 0.19711096431646552, "25": 0.19698596900012244, "26": 0.19641653245377078, "27": 0.19782611847389697, "28": 0.1880148986403083, "29": 0.18116984554459706, "30": 0.1779043597516932, "31": 0.17428628442625804, "32": 0.18014759291041096, "33": 0.1778258867679023, "34": 0.1795676801760808, "35": 0.19023521275382155, "36": 0.18195906689966643, "37": 0.1719487658231343, "38": 0.16809552239519934, "39": 0.171861818634118, "40": 0.17785602832349748, "41": 0.17641815914386952, "42": 0.18146309837271052, "43": 0.17479678168417245, "44": 0.17124719983920036, "45": 0.17043344981468767, "46": 0.17342276396325712, "47": 0.1696709608605064, "48": 0.1631264712689002, "49": 0.16362786458974296, "50": 0.1623801803591535, "51": 0.1758979965775696, "52": 0.16631211188491848, "53": 0.16292771673539996, "54": 0.15868447319453466, "55": 0.16621579951154908, "56": 0.1688357228619825, "57": 0.17329225691465533, "58": 0.1715678607005836, "59": 0.18915174338933421, "60": 0.1916190354005608, "61": 0.1793509207125915, "62": 0.17659509909286125, "63": 0.1863343208258045, "64": 0.17299752984539357, "65": 0.1774358215912579, "66": 0.16685666359501503, "67": 0.16991714910693967, "68": 0.16277322031172536, "69": 0.1738367648595321, "70": 0.15743492880262122, "71": 0.15401307844808065, "72": 0.15949911738178202, "73": 0.15706900195505152, "74": 0.15681496196102157, "75": 0.1596499280808737, "76": 0.1608129009575673, "77": 0.15803260759209145, "78": 0.158556406510179, "79": 0.16166599115175917, "80": 0.16300511257805503, "81": 0.1599200802358286, "82": 0.15920390697938425, "83": 0.1673383295427528, "84": 0.17359170094213383, "85": 0.17578913350652758, "86": 0.16905796582773164, "87": 0.18619746778763016, "88": 0.1675844104563556, "89": 0.17042697274282217, "90": 0.16520198078846124, "91": 0.17277727160602482, "92": 0.17377261259557483, "93": 0.17793127187571234, "94": 0.18407859420888376, "95": 0.18292337802255565, "96": 0.1867219948516553, "97": 0.17554982750512413, "98": 0.17967495631779135, "99": 0.18245353709215953, "100": 0.17710397105771145}