{"1": 0.4114015378179255, "2": 0.3310632573557325, "3": 0.21875342304248302, "4": 0.22375099531421314, "5": 0.24110437870632606, "6": 0.22342271713544937, "7": 0.2292273186350385, "8": 0.21956463804144785, "9": 0.21429858291933257, "10": 0.20429035511812244, "11": 0.21185738926273034, "12": 0.19471618563337822, "13": 0.19164576827297147, "14": 0.1966980802365127, "15": 0.20592368140303086, "16": 0.2088655958782131, "17": 0.21557117186985758, "18": 0.2218462999339339, "19": 0.2287608487352768, "20": 0.23362299836983857, "21": 0.23193190608767483, "22": 0.23826933859630386, "23": 0.24125192198654782, "24": 0.24020637865866915, "25": 0.23736099378535974, "26": 0.23754192875077892, "27": 0.23558036028703616, "28": 0.22806127527361472, "29": 0.23134009681013526, "30": 0.22704106766404283, "31": 0.2341672192212357, "32": 0.23479936298529, "33": 0.24014110817466577, "34": 0.2363959631954629, "35": 0.23531992603940488, "36": 0.23643455519157416, "37": 0.23543609519170264, "38": 0.23671489205233792, "39": 0.23716096285572763, "40": 0.2347324578222002, "41": 0.23444066575435643, "42": 0.23548612865344218, "43": 0.23217456200355535, "44": 0.22763028685915943, "45": 0.23209708202269982, "46": 0.23478223287556918, "47": 0.23671619382147702, "48": 0.23543107734603863, "49": 0.2325724581022777, "50": 0.23206011717247368, "51": 0.22869702266490394, "52": 0.22743179266648356, "53": 0.2253784165343683, "54": 0.22406310696481346, "55": 0.2221256928824955, "56": 0.2192477189519128, "57": 0.21711241029724432, "58": 0.21784264443689424, "59": 0.21806373816653127, "60": 0.2187666663158184, "61": 0.2166716707840284, "62": 0.21732126709044253, "63": 0.21418402637851974, "64": 0.2130346701575142, "65": 0.21161405145237594, "66": 0.207671408003048, "67": 0.2040583127833853, "68": 0.20374753039259624, "69": 0.2026533242710764, "70": 0.20627756329532593, "71": 0.20757289821112795, "72": 0.20734848410379284, "73": 0.20808083319609824, "74": 0.20164978133764622, "75": 0.20273022044904238, "76": 0.20188951068827388, "77": 0.20263235998971682, "78": 0.19819785092958475, "79": 0.2000957034644553, "80": 0.20021424887347972, "81": 0.19893272343631965, "82": 0.19732742448224383, "83": 0.19681141797299992, "84": 0.1943106801070923, "85": 0.19524626916841947, "86": 0.19446126254872148, "87": 0.19443744067367608, "88": 0.19491341183704058, "89": 0.19750561636515895, "90": 0.20006618398869938, "91": 0.20132162754865165, "92": 0.20048000717600528, "93": 0.20206713066434798, "94": 0.2061522455947847, "95": 0.20511144794058955, "96": 0.20703110691663446, "97": 0.21449550454910374, "98": 0.2244757784859632, "99": 0.232014733717684, "100": 0.24324037370277649}