{"1": 27.450980392156865, "2": 27.450980392156865, "3": 25.49019607843137, "4": 27.450980392156865, "5": 25.49019607843137, "6": 27.450980392156865, "7": 27.450980392156865, "8": 25.49019607843137, "9": 27.450980392156865, "10": 27.450980392156865, "11": 27.450980392156865, "12": 27.450980392156865, "13": 27.450980392156865, "14": 27.450980392156865, "15": 27.450980392156865, "16": 25.49019607843137, "17": 27.450980392156865, "18": 23.52941176470588, "19": 23.52941176470588, "20": 23.52941176470588, "21": 25.49019607843137, "22": 23.52941176470588, "23": 23.52941176470588, "24": 23.52941176470588, "25": 23.52941176470588, "26": 23.52941176470588, "27": 25.49019607843137, "28": 25.49019607843137, "29": 23.52941176470588, "30": 23.52941176470588, "31": 23.52941176470588, "32": 23.52941176470588, "33": 23.52941176470588, "34": 25.49019607843137, "35": 27.450980392156865, "36": 27.450980392156865, "37": 27.450980392156865, "38": 25.49019607843137, "39": 27.450980392156865, "40": 27.450980392156865, "41": 27.450980392156865, "42": 25.49019607843137, "43": 25.49019607843137, "44": 29.411764705882355, "45": 25.49019607843137, "46": 23.52941176470588, "47": 25.49019607843137, "48": 25.49019607843137, "49": 25.49019607843137, "50": 25.49019607843137, "51": 25.49019607843137, "52": 25.49019607843137, "53": 25.49019607843137, "54": 25.49019607843137, "55": 25.49019607843137, "56": 25.49019607843137, "57": 25.49019607843137, "58": 25.49019607843137, "59": 25.49019607843137, "60": 25.49019607843137, "61": 25.49019607843137, "62": 27.450980392156865, "63": 25.49019607843137, "64": 25.49019607843137, "65": 27.450980392156865, "66": 27.450980392156865, "67": 27.450980392156865, "68": 25.49019607843137, "69": 27.450980392156865, "70": 27.450980392156865, "71": 27.450980392156865, "72": 27.450980392156865, "73": 27.450980392156865, "74": 27.450980392156865, "75": 27.450980392156865, "76": 27.450980392156865, "77": 29.411764705882355, "78": 29.411764705882355, "79": 27.450980392156865, "80": 27.450980392156865, "81": 29.411764705882355, "82": 29.411764705882355, "83": 29.411764705882355, "84": 27.450980392156865, "85": 29.411764705882355, "86": 27.450980392156865, "87": 25.49019607843137, "88": 25.49019607843137, "89": 25.49019607843137, "90": 27.450980392156865, "91": 25.49019607843137, "92": 27.450980392156865, "93": 27.450980392156865, "94": 25.49019607843137, "95": 25.49019607843137, "96": 25.49019607843137, "97": 25.49019607843137, "98": 25.49019607843137, "99": 23.52941176470588, "100": 21.568627450980394}