{"1": 0.9444865233374927, "2": 0.7714249562354228, "3": 0.6744628031511386, "4": 0.5068638022532115, "5": 0.47243981540951346, "6": 0.6384764837492155, "7": 0.7355534465681047, "8": 0.7527692985995883, "9": 0.7524139354420996, "10": 0.6990975066104027, "11": 0.7496390540521267, "12": 0.7050569904713468, "13": 0.7197796820612248, "14": 0.7271207637507165, "15": 0.7321937727854109, "16": 0.6966643895406512, "17": 0.7678514409760596, "18": 0.7924149255063795, "19": 0.7939038451385871, "20": 0.7822123682647988, "21": 0.7652491892102499, "22": 0.7788892803861575, "23": 0.7879971905270565, "24": 0.7688890422473593, "25": 0.772608341545824, "26": 0.7694350841719719, "27": 0.7555180794127523, "28": 0.7776724697129542, "29": 0.7888065625615615, "30": 0.7999502621529578, "31": 0.8111429890445195, "32": 0.8097032538643276, "33": 0.8241518318811689, "34": 0.8015473242103859, "35": 0.8137908937961608, "36": 0.8052743743897195, "37": 0.8115286568244338, "38": 0.8100694552842493, "39": 0.8211649993994246, "40": 0.8366556031675869, "41": 0.836769622199153, "42": 0.8688349753776592, "43": 0.8730485438285608, "44": 0.86909181673395, "45": 0.8840556098805472, "46": 0.9006410741361596, "47": 0.9093334105412375, "48": 0.9064275044732732, "49": 0.9288504689930599, "50": 0.9411170209524161, "51": 0.9389888543104066, "52": 0.9405911357298826, "53": 0.9403249195946183, "54": 0.9393582849494904, "55": 0.9420416188635727, "56": 0.9242490357816708, "57": 0.9150094225390303, "58": 0.917158983675159, "59": 0.9315146228691239, "60": 0.9191438429793279, "61": 0.9226845779878112, "62": 0.937715637299906, "63": 0.9034155389533969, "64": 0.9150847279590162, "65": 0.9193291957458348, "66": 0.9360558256748299, "67": 0.9424038792869904, "68": 0.9276399444747935, "69": 0.9268031218469661, "70": 0.916731616972757, "71": 0.9141785819684605, "72": 0.9224395396109655, "73": 0.9307638730375445, "74": 0.9190466539827498, "75": 0.9157316940987797, "76": 0.9098711458240374, "77": 0.9051599878860394, "78": 0.9222410698384296, "79": 0.9273029689530208, "80": 0.942621815398637, "81": 0.9374969959104043, "82": 0.9393077898433152, "83": 0.9376856665396776, "84": 0.9465270601411164, "85": 0.9456004787510057, "86": 0.957325799476245, "87": 0.9632737911036937, "88": 0.9575619259289423, "89": 0.9482481068176629, "90": 0.9392398510122472, "91": 0.9424538618446735, "92": 0.9379242086872072, "93": 0.9338852634332042, "94": 0.9355168740535171, "95": 0.9302960151138977, "96": 0.9261022345466016, "97": 0.9178684767738394, "98": 0.8982780195721897, "99": 0.8715504701780641, "100": 0.8037606548141676}