{"1": 0.6756043498298728, "2": 0.5556549915254414, "3": 0.49834639381542856, "4": 0.4491076857219188, "5": 0.4497553794905594, "6": 0.4373400789421937, "7": 0.3741685397887023, "8": 0.3440961310605431, "9": 0.3024004066109684, "10": 0.2795455602756963, "11": 0.2830073451239071, "12": 0.2690192486588097, "13": 0.2783627481913009, "14": 0.2734018080551683, "15": 0.24362682991362403, "16": 0.24842256586508285, "17": 0.2368610776406735, "18": 0.23519545673423353, "19": 0.2355821764892126, "20": 0.23421347214520544, "21": 0.23481811369154998, "22": 0.2319676678613522, "23": 0.22389378137269325, "24": 0.2308522010010285, "25": 0.19200106506162123, "26": 0.19425420032020574, "27": 0.16672329679532205, "28": 0.17714424650590854, "29": 0.16514786101715667, "30": 0.15249269457519057, "31": 0.1422682129758322, "32": 0.14015982648877084, "33": 0.13134383830529273, "34": 0.13102351290307102, "35": 0.14172876817952038, "36": 0.1484743883877555, "37": 0.14662290994347754, "38": 0.13090572296534136, "39": 0.12697548194252944, "40": 0.13242675208495763, "41": 0.1351273634018503, "42": 0.13280823646956685, "43": 0.12949383769486392, "44": 0.1470997514952904, "45": 0.12673711615204294, "46": 0.12432811829477726, "47": 0.11801812824093245, "48": 0.11168468030926186, "49": 0.1215726574074218, "50": 0.12076341153830472, "51": 0.12575921841789262, "52": 0.12632370777298646, "53": 0.11858488578268382, "54": 0.1187466625270495, "55": 0.11941287406406334, "56": 0.12429343361734202, "57": 0.11950921538142703, "58": 0.1268848804202314, "59": 0.1287681501413364, "60": 0.13802026249398938, "61": 0.13019501608889805, "62": 0.13669860257560756, "63": 0.12056383251187894, "64": 0.12118156676433393, "65": 0.12421631070186097, "66": 0.1285011984806848, "67": 0.12397766522088256, "68": 0.11785000118525779, "69": 0.11632061526497166, "70": 0.11481850712623327, "71": 0.11922554688111656, "72": 0.11807867776162431, "73": 0.12147809668943728, "74": 0.11958769562987392, "75": 0.11905846703320014, "76": 0.12349687889160124, "77": 0.11965952144439984, "78": 0.12222856426875586, "79": 0.11742800458959612, "80": 0.1140341935506534, "81": 0.11539258761817144, "82": 0.11034835031293752, "83": 0.11040503537739402, "84": 0.11150717384486016, "85": 0.1133877571787423, "86": 0.11349327091373626, "87": 0.1159405002516225, "88": 0.11636267106354288, "89": 0.11663063721427243, "90": 0.117711732442167, "91": 0.11721640778453177, "92": 0.11471495970614635, "93": 0.11505824225526289, "94": 0.1113013268753665, "95": 0.10925771015291101, "96": 0.10703743715795636, "97": 0.09899513897275301, "98": 0.08950941592891912, "99": 0.08485040605846847, "100": 0.08735091082635751}