{"1": 0.3905636605603537, "2": 0.2645096907204073, "3": 0.16679266618024463, "4": 0.10625175626002259, "5": 0.19944985612225472, "6": 0.1937281069880487, "7": 0.20911175433553325, "8": 0.17353033587572947, "9": 0.142389268398884, "10": 0.13346511106583908, "11": 0.11860534911122267, "12": 0.10617869204316163, "13": 0.09956562348025666, "14": 0.08078424912203074, "15": 0.11146104192674182, "16": 0.10938329930707838, "17": 0.09643779782882848, "18": 0.10464096829694923, "19": 0.09017708316927334, "20": 0.10008657451623493, "21": 0.09721496519291181, "22": 0.09288431807317786, "23": 0.09381919472953189, "24": 0.09384480498115644, "25": 0.11015480415121595, "26": 0.10523485585684288, "27": 0.11584948876364713, "28": 0.10048377148219886, "29": 0.1153748330526239, "30": 0.10593858240380252, "31": 0.09907191835675488, "32": 0.08868029281987562, "33": 0.09522428434153016, "34": 0.09652387236961868, "35": 0.10241429113683902, "36": 0.11233981658864603, "37": 0.10623481789715519, "38": 0.10817941063141862, "39": 0.1021433766979648, "40": 0.09070403902685419, "41": 0.0826715469426076, "42": 0.07577714416204484, "43": 0.07186224409985266, "44": 0.0555954245328115, "45": 0.06431161393747656, "46": 0.06951496728952926, "47": 0.07520053979185731, "48": 0.08838591742170658, "49": 0.08162315559594428, "50": 0.08757800692214582, "51": 0.07896932633233775, "52": 0.0780508385299033, "53": 0.07489567011926393, "54": 0.07835521779856211, "55": 0.07741172787711756, "56": 0.07147623305397033, "57": 0.07524958411487054, "58": 0.07654161218994447, "59": 0.06701942463571028, "60": 0.07051151403446915, "61": 0.06656418355368597, "62": 0.06719775440279717, "63": 0.0726329415343405, "64": 0.07359679504444801, "65": 0.06895190880399352, "66": 0.06589722136297824, "67": 0.07306245160988137, "68": 0.0636284193619697, "69": 0.06283373085020173, "70": 0.05697743772312935, "71": 0.062299442089184726, "72": 0.06388345022411387, "73": 0.06727488572764231, "74": 0.0635550133247985, "75": 0.06578810921627515, "76": 0.06630102778109206, "77": 0.05651354411656385, "78": 0.0648376828781583, "79": 0.06284097681385489, "80": 0.06009555907040749, "81": 0.0623323797900454, "82": 0.07221218578000335, "83": 0.0707310136533579, "84": 0.07534139813038157, "85": 0.07466494924530508, "86": 0.07099458424000318, "87": 0.069057228018133, "88": 0.07078705154210282, "89": 0.06995447629381978, "90": 0.0747267857934778, "91": 0.07511667268626274, "92": 0.0747177710736826, "93": 0.07462624022261019, "94": 0.07450152970635929, "95": 0.06966583002792445, "96": 0.06503859164630232, "97": 0.06052865931523911, "98": 0.05862170142165812, "99": 0.061454920721073, "100": 0.08149603583354699}