{"1": 0.26273500598851773, "2": 0.19914060451054114, "3": 0.18373669335768045, "4": 0.19665579613534437, "5": 0.20927879400460703, "6": 0.18765970485482983, "7": 0.1851294790573015, "8": 0.1894629146771802, "9": 0.19966938155190106, "10": 0.19764914125195246, "11": 0.19575251823463724, "12": 0.20745398788970643, "13": 0.1964418973084702, "14": 0.19546977800070267, "15": 0.19069626991894673, "16": 0.19744688452082543, "17": 0.19857077810182272, "18": 0.19916987776581746, "19": 0.20239721006008934, "20": 0.2061097575846309, "21": 0.21173097166353452, "22": 0.2033036208534271, "23": 0.19725697508973203, "24": 0.19563186309108743, "25": 0.20036031768746243, "26": 0.1973425791965964, "27": 0.19055278234340173, "28": 0.18137189901465844, "29": 0.18831690722517758, "30": 0.1800211776818432, "31": 0.1777120582144277, "32": 0.17508131317718226, "33": 0.17463018674222097, "34": 0.17008260972374858, "35": 0.1656266206273531, "36": 0.16057938942217526, "37": 0.16492143932313696, "38": 0.17043171902458995, "39": 0.1652555563672213, "40": 0.16842507083816893, "41": 0.16484581338687657, "42": 0.16987703482266686, "43": 0.1692061642662619, "44": 0.16626674916797954, "45": 0.17534964847745155, "46": 0.1689377394521228, "47": 0.16035584126247351, "48": 0.16947050232751046, "49": 0.1659024408211279, "50": 0.1580723306276903, "51": 0.17171911582594293, "52": 0.1616653726869761, "53": 0.16627057582789886, "54": 0.16396871092709356, "55": 0.1672851864582315, "56": 0.15909635722277082, "57": 0.16823060172720578, "58": 0.16750703038825102, "59": 0.17739785171638944, "60": 0.16002892411776554, "61": 0.17122918047823057, "62": 0.15655511285287727, "63": 0.17685948255598108, "64": 0.16874060723585815, "65": 0.16502827967069672, "66": 0.15861414596368928, "67": 0.15649501972838875, "68": 0.1543748477667078, "69": 0.16681359775179602, "70": 0.17252193778039623, "71": 0.16178556185001935, "72": 0.16601980640323122, "73": 0.16288138380175965, "74": 0.15522011632213384, "75": 0.15371705308890335, "76": 0.15533357897118194, "77": 0.15226344499955316, "78": 0.1575467806049063, "79": 0.15453602407380057, "80": 0.15091287586871466, "81": 0.14855630970110248, "82": 0.15061533940823194, "83": 0.15765149140713772, "84": 0.15185397113391833, "85": 0.1485162620383052, "86": 0.15016448545107589, "87": 0.15399231195954952, "88": 0.15983083376975493, "89": 0.15591085924970133, "90": 0.16139961798605232, "91": 0.16083535618472955, "92": 0.15668699469310687, "93": 0.1563288901756273, "94": 0.15379061925766124, "95": 0.1576398639129906, "96": 0.1564949520167489, "97": 0.15599978834414724, "98": 0.15669985878330506, "99": 0.1585833661703285, "100": 0.16168795917436318}