{"1": 45.67901234567901, "2": 58.64197530864198, "3": 54.93827160493827, "4": 51.85185185185185, "5": 59.25925925925925, "6": 59.25925925925925, "7": 60.49382716049383, "8": 60.49382716049383, "9": 62.34567901234568, "10": 64.81481481481481, "11": 66.66666666666666, "12": 66.0493827160494, "13": 66.66666666666666, "14": 66.66666666666666, "15": 66.66666666666666, "16": 67.28395061728395, "17": 66.0493827160494, "18": 66.0493827160494, "19": 66.66666666666666, "20": 64.81481481481481, "21": 66.0493827160494, "22": 64.19753086419753, "23": 65.4320987654321, "24": 65.4320987654321, "25": 66.66666666666666, "26": 66.0493827160494, "27": 66.0493827160494, "28": 66.66666666666666, "29": 68.51851851851852, "30": 68.51851851851852, "31": 66.0493827160494, "32": 67.90123456790124, "33": 66.0493827160494, "34": 66.66666666666666, "35": 67.28395061728395, "36": 66.66666666666666, "37": 67.90123456790124, "38": 66.66666666666666, "39": 67.28395061728395, "40": 67.28395061728395, "41": 66.66666666666666, "42": 67.28395061728395, "43": 66.66666666666666, "44": 66.66666666666666, "45": 66.66666666666666, "46": 66.66666666666666, "47": 67.90123456790124, "48": 68.51851851851852, "49": 67.90123456790124, "50": 67.90123456790124, "51": 67.90123456790124, "52": 66.0493827160494, "53": 67.28395061728395, "54": 66.66666666666666, "55": 67.28395061728395, "56": 66.66666666666666, "57": 67.28395061728395, "58": 67.28395061728395, "59": 67.90123456790124, "60": 68.51851851851852, "61": 68.51851851851852, "62": 67.90123456790124, "63": 67.90123456790124, "64": 68.51851851851852, "65": 67.28395061728395, "66": 66.66666666666666, "67": 66.66666666666666, "68": 66.66666666666666, "69": 66.66666666666666, "70": 66.0493827160494, "71": 66.66666666666666, "72": 66.66666666666666, "73": 66.66666666666666, "74": 66.66666666666666, "75": 66.66666666666666, "76": 66.66666666666666, "77": 66.66666666666666, "78": 67.28395061728395, "79": 67.28395061728395, "80": 67.90123456790124, "81": 67.90123456790124, "82": 67.28395061728395, "83": 66.0493827160494, "84": 66.66666666666666, "85": 66.66666666666666, "86": 67.28395061728395, "87": 67.28395061728395, "88": 66.66666666666666, "89": 67.28395061728395, "90": 66.66666666666666, "91": 66.66666666666666, "92": 66.0493827160494, "93": 66.0493827160494, "94": 66.0493827160494, "95": 66.0493827160494, "96": 66.0493827160494, "97": 66.0493827160494, "98": 64.81481481481481, "99": 64.81481481481481, "100": 64.19753086419753}