{"1": 0.032918072365135706, "2": 0.04680644693040802, "3": 0.03165646175106761, "4": 0.02183398738628959, "5": 0.03916806181747304, "6": 0.023554648629768898, "7": 0.04114346941577734, "8": 0.03514966874589414, "9": 0.04467537267824942, "10": 0.05480219326756432, "11": 0.05003324902380666, "12": 0.04504318385808755, "13": 0.04255204441635715, "14": 0.044017673698664966, "15": 0.05105793480110798, "16": 0.05910465802328735, "17": 0.060597687420893054, "18": 0.06516712519415384, "19": 0.0665788812369348, "20": 0.07340579096832682, "21": 0.07488702902571527, "22": 0.07328589771057029, "23": 0.07259229195663344, "24": 0.07922015143033864, "25": 0.08382312005076405, "26": 0.08413002277713084, "27": 0.085568609585849, "28": 0.08038125271236131, "29": 0.08542306350011039, "30": 0.07976227694761594, "31": 0.08603712101467237, "32": 0.08755388806598055, "33": 0.09279477434490858, "34": 0.09149501085585274, "35": 0.09205784586173646, "36": 0.09223018423520551, "37": 0.09506354473723273, "38": 0.09370323956626214, "39": 0.09754007262343536, "40": 0.09411676218228357, "41": 0.09464034975524666, "42": 0.09227498915211083, "43": 0.09419346696007413, "44": 0.09609117932582777, "45": 0.09916130630185077, "46": 0.10090480770509412, "47": 0.10197432354281641, "48": 0.10319592765842896, "49": 0.10385528525784457, "50": 0.10692465538457989, "51": 0.10539359141525552, "52": 0.10691667628909302, "53": 0.1055543916979461, "54": 0.10310995250712622, "55": 0.10358620875896155, "56": 0.10193207874730947, "57": 0.097699539838448, "58": 0.09794875625191057, "59": 0.09512752096945713, "60": 0.09578783074093306, "61": 0.09556592834691746, "62": 0.09766484726468072, "63": 0.10067246269451537, "64": 0.10071226483971625, "65": 0.09715585421152963, "66": 0.09562912942156339, "67": 0.09954353602705687, "68": 0.1019442219659462, "69": 0.10011332116879897, "70": 0.09947839089278471, "71": 0.09448458318424627, "72": 0.09400972484913352, "73": 0.09698179058518182, "74": 0.09935695025183487, "75": 0.1009353008693954, "76": 0.1047918226243781, "77": 0.1084011017233044, "78": 0.10552189175122326, "79": 0.10527378144963948, "80": 0.10221919793144033, "81": 0.10483525077113123, "82": 0.10482719256430874, "83": 0.10653746479551501, "84": 0.10403880859926713, "85": 0.1042811485813521, "86": 0.10156085368730818, "87": 0.10145571027081729, "88": 0.10196732718605758, "89": 0.1004283498655577, "90": 0.09867218352388042, "91": 0.09794026449022972, "92": 0.09883823045238768, "93": 0.09906072399617097, "94": 0.10104647588403758, "95": 0.10128401190863656, "96": 0.10437274392264498, "97": 0.10880472509033527, "98": 0.11016230547063705, "99": 0.11194658704747791, "100": 0.1164765674378368}