{"1": 0.10320539617521399, "2": 0.17193657787234481, "3": 0.1527291780102524, "4": 0.07082287394273105, "5": 0.13583609293375262, "6": 0.09511324335627089, "7": 0.10069572356700505, "8": 0.09031063140363929, "9": 0.10393189621330427, "10": 0.10735172686758314, "11": 0.11662878975875883, "12": 0.11402209240262241, "13": 0.12494711927959523, "14": 0.09817800138993402, "15": 0.10911167365855508, "16": 0.11283905204225576, "17": 0.1261116526726851, "18": 0.1369533521002406, "19": 0.12686867810507194, "20": 0.08975973160823528, "21": 0.12973099053549736, "22": 0.12066243238833291, "23": 0.09945063654048436, "24": 0.11727343369399805, "25": 0.11878236655906155, "26": 0.11136616258009355, "27": 0.10737599888207343, "28": 0.09387943997972487, "29": 0.11423869734175776, "30": 0.13451506667365162, "31": 0.11038357654595655, "32": 0.10762878423969753, "33": 0.11317895957080168, "34": 0.09811169275729043, "35": 0.10128829385746424, "36": 0.08472010753204504, "37": 0.10263323511989977, "38": 0.12654884252585458, "39": 0.1002554570217568, "40": 0.13005248516131776, "41": 0.11201952213402996, "42": 0.09576810715368136, "43": 0.10014001160789131, "44": 0.11390108394552141, "45": 0.11443331252051368, "46": 0.11582887626731415, "47": 0.10919613495159124, "48": 0.10952864620550766, "49": 0.11578592098818032, "50": 0.08740359999275107, "51": 0.10704731171679956, "52": 0.09189606287520623, "53": 0.08936944903704416, "54": 0.10420546532239264, "55": 0.09139256570177418, "56": 0.0919961920842034, "57": 0.11669354770860974, "58": 0.11584313792391092, "59": 0.1205866873136699, "60": 0.09708277358392545, "61": 0.10242554051608557, "62": 0.08896682764058389, "63": 0.132495913233316, "64": 0.13051862187960278, "65": 0.12253465836806035, "66": 0.11538152849717676, "67": 0.10061700893306963, "68": 0.09455975010910629, "69": 0.09173900646505631, "70": 0.07670416861221813, "71": 0.0707787763869833, "72": 0.06832165711096025, "73": 0.0730829424682898, "74": 0.06994680851576122, "75": 0.08318974395738861, "76": 0.07531471697847218, "77": 0.09061487182966828, "78": 0.08787353147264008, "79": 0.08969949166244334, "80": 0.07641755958996334, "81": 0.08593608547112641, "82": 0.07866327322830494, "83": 0.069526348846611, "84": 0.0841997779519672, "85": 0.10276953835954566, "86": 0.08949840667336541, "87": 0.08311893303055083, "88": 0.07525937084410893, "89": 0.08605417406693602, "90": 0.10014220740739775, "91": 0.10339073912765681, "92": 0.08826005416142071, "93": 0.06331815507097015, "94": 0.09567371901525942, "95": 0.09952403241891318, "96": 0.10625638513280533, "97": 0.09713518419119654, "98": 0.08275680753805387, "99": 0.09172354468394334, "100": 0.07402910773813484}