{"1": 0.21251938180298158, "2": 0.20938681582757857, "3": 0.2077887847445807, "4": 0.20717885960825666, "5": 0.20861041023275692, "6": 0.2078250368514402, "7": 0.20696525992096948, "8": 0.206219104642782, "9": 0.2069006568790593, "10": 0.20676403395932452, "11": 0.20791544091665792, "12": 0.20842146492396751, "13": 0.20978082779105436, "14": 0.2098123602127476, "15": 0.20985659873767312, "16": 0.20839780320987333, "17": 0.20813592622477892, "18": 0.2079116082643703, "19": 0.20907577045075854, "20": 0.20980170366988368, "21": 0.20956870472139189, "22": 0.21069123387229216, "23": 0.20905829218400074, "24": 0.2087326962414258, "25": 0.2081724819418722, "26": 0.20825372747405632, "27": 0.20872835798002273, "28": 0.20765506613229937, "29": 0.2080340619918751, "30": 0.20772790898759075, "31": 0.20716321478424504, "32": 0.20681377628589717, "33": 0.20766586498855352, "34": 0.20766270421912758, "35": 0.20871260079134268, "36": 0.20750685898515467, "37": 0.2077349561554828, "38": 0.20707056401753357, "39": 0.2062054201881173, "40": 0.20718240544645572, "41": 0.20661426373310568, "42": 0.2074665428652284, "43": 0.2071237716326405, "44": 0.20765303761443876, "45": 0.20782812792823435, "46": 0.2080596647505699, "47": 0.20820993681910216, "48": 0.20764112907181073, "49": 0.20844635693103128, "50": 0.2082821058811586, "51": 0.2076783879451214, "52": 0.20787634038407607, "53": 0.2081325726484553, "54": 0.20682961049188187, "55": 0.20651483634035264, "56": 0.20692899590127156, "57": 0.20662677689408585, "58": 0.2080368536074958, "59": 0.20721118301942956, "60": 0.20872948216838058, "61": 0.20729026103822923, "62": 0.20777612051062758, "63": 0.20737974420360258, "64": 0.20824992642233384, "65": 0.20801369074313958, "66": 0.20729334746397113, "67": 0.20658927225963977, "68": 0.20629727717654645, "69": 0.20617532223383475, "70": 0.2064454278526168, "71": 0.20669620183450896, "72": 0.2073093114213381, "73": 0.20769758170524544, "74": 0.2070713201656115, "75": 0.2065722014854833, "76": 0.2064918943372965, "77": 0.20698982898286325, "78": 0.2064037302213664, "79": 0.20777075002998158, "80": 0.20738812587045383, "81": 0.20617798620791786, "82": 0.20651399329147124, "83": 0.2057384531159909, "84": 0.20563863608485397, "85": 0.20638912057627287, "86": 0.20716365979599813, "87": 0.20686416126628504, "88": 0.20688705435840973, "89": 0.20652525306012937, "90": 0.20734248694756227, "91": 0.20684168746436785, "92": 0.20693458523875594, "93": 0.2067625846547225, "94": 0.2064708275462813, "95": 0.2068801108205328, "96": 0.20676752616512792, "97": 0.20710761276927037, "98": 0.2059078744064117, "99": 0.2060703924451158, "100": 0.20512678701922268}