{"1": 0.1981945080097508, "2": 0.15126572071643996, "3": 0.14027875260401798, "4": 0.14528669318750217, "5": 0.14790270938254366, "6": 0.13923632812142211, "7": 0.14267905809727127, "8": 0.1447518104540737, "9": 0.15018154307055742, "10": 0.14810657507809014, "11": 0.14870950623308696, "12": 0.15395919852768591, "13": 0.1520606172477106, "14": 0.14725951992762265, "15": 0.14758821273460979, "16": 0.15186368172348244, "17": 0.152457632864632, "18": 0.1565940201842016, "19": 0.15806370129507363, "20": 0.15629732293058762, "21": 0.15677840926248404, "22": 0.15331293950534625, "23": 0.15464290264006633, "24": 0.15276356181319636, "25": 0.1523126438156255, "26": 0.15343713251510224, "27": 0.14859967128733598, "28": 0.1471217462197302, "29": 0.14931708243018235, "30": 0.14579295345188814, "31": 0.14408528121406614, "32": 0.14607067115829922, "33": 0.14587598253296874, "34": 0.14259772183082312, "35": 0.14041281608693426, "36": 0.13730576698603508, "37": 0.14007906161396094, "38": 0.1413993978997721, "39": 0.14152092602960945, "40": 0.13983523711856705, "41": 0.14009843360143817, "42": 0.14407241311792515, "43": 0.14263959600733186, "44": 0.1388565511105796, "45": 0.14508877583317095, "46": 0.14181895907908365, "47": 0.1360709873028626, "48": 0.14207599145206515, "49": 0.1424502957937916, "50": 0.1397334149926563, "51": 0.14354543393764554, "52": 0.13924604713651903, "53": 0.1424912949947623, "54": 0.13945256576579054, "55": 0.14299408684478446, "56": 0.1380082929232826, "57": 0.14285208357547186, "58": 0.14363237334008946, "59": 0.1454568527706458, "60": 0.13773785884510129, "61": 0.1419761156088789, "62": 0.1374855982603948, "63": 0.14570456296656198, "64": 0.14261107300578438, "65": 0.14076846443119093, "66": 0.13776745939281576, "67": 0.1353719202836871, "68": 0.13289552555277698, "69": 0.1381612151333805, "70": 0.14048729655016715, "71": 0.13464662949679504, "72": 0.13543629251717454, "73": 0.13393078337177824, "74": 0.1339073197138662, "75": 0.13352431888302455, "76": 0.13413196259283874, "77": 0.13242048767624334, "78": 0.13615875719663947, "79": 0.13583089471932736, "80": 0.13112759116816727, "81": 0.13028903867717873, "82": 0.13138987757342488, "83": 0.13696556101744825, "84": 0.1323423184306682, "85": 0.12963990229865321, "86": 0.13114552167995325, "87": 0.13240459618694586, "88": 0.13415767190762773, "89": 0.13513120235633266, "90": 0.1361030552013016, "91": 0.13763542235924944, "92": 0.13718742428884137, "93": 0.1348386472015309, "94": 0.13328924021673788, "95": 0.1340455152756136, "96": 0.1339244997800373, "97": 0.13175707615825197, "98": 0.13333840554193901, "99": 0.13589779144942862, "100": 0.13551268645460773}