{"1": 0.21881775978076765, "2": 0.20991931059294497, "3": 0.2042052888450544, "4": 0.20051784633323977, "5": 0.18925981950524573, "6": 0.18545627443402235, "7": 0.18093564222514735, "8": 0.18053391063626073, "9": 0.1787606464684532, "10": 0.17753250943873108, "11": 0.17556873854466834, "12": 0.17718723045465368, "13": 0.1770262875534293, "14": 0.17681233376888605, "15": 0.17532133883644332, "16": 0.17802962616961862, "17": 0.17613936006083025, "18": 0.17555794523498555, "19": 0.1758521053086657, "20": 0.17635735211042317, "21": 0.17822738348709574, "22": 0.17784866408689917, "23": 0.1771373902588828, "24": 0.17912451667110157, "25": 0.17523698730411663, "26": 0.1735541081046531, "27": 0.17377180540863202, "28": 0.17341926294325352, "29": 0.1731832418152722, "30": 0.17308633255132194, "31": 0.17208499420305667, "32": 0.17072499680507028, "33": 0.17025633988146816, "34": 0.1708594472498103, "35": 0.17191607005623216, "36": 0.1724941454092448, "37": 0.17189960797478457, "38": 0.17198246037703985, "39": 0.1710293878281904, "40": 0.17123618748750732, "41": 0.17143661632690357, "42": 0.1710542658868107, "43": 0.17148704422993266, "44": 0.1726737389385201, "45": 0.17195547477254652, "46": 0.1728438459655342, "47": 0.17184105184883205, "48": 0.17125545696753938, "49": 0.17184039776677842, "50": 0.17203435073592405, "51": 0.17233375228758005, "52": 0.1732835164800539, "53": 0.17182270223299057, "54": 0.1722802950626984, "55": 0.17236117304507095, "56": 0.17214429807605186, "57": 0.1725926783100807, "58": 0.17386403138076037, "59": 0.17304065427496562, "60": 0.17283124398536973, "61": 0.17223354808537122, "62": 0.17191446117607642, "63": 0.1708089127954578, "64": 0.17069336007101255, "65": 0.17044096738580702, "66": 0.17131762635222506, "67": 0.17172258147057765, "68": 0.17170345156146022, "69": 0.17132868791441241, "70": 0.17102368712828225, "71": 0.17194480822161246, "72": 0.17194513063299866, "73": 0.17257509015897096, "74": 0.1723578488904303, "75": 0.1719722850234612, "76": 0.17218658308714566, "77": 0.1723831319117402, "78": 0.17200061301138594, "79": 0.17195923960967532, "80": 0.17240350354921888, "81": 0.1728894181837363, "82": 0.1733356710007609, "83": 0.17359116347158235, "84": 0.1738721227484244, "85": 0.1740011205778565, "86": 0.17307206903887185, "87": 0.173173262355788, "88": 0.1724687167145806, "89": 0.17258905815103887, "90": 0.17273070862618176, "91": 0.17262972127646095, "92": 0.17256673564526342, "93": 0.17251563228176783, "94": 0.17254625439896362, "95": 0.17303690338928432, "96": 0.17240647106357865, "97": 0.17200354089375477, "98": 0.17195082744674775, "99": 0.17216668594761356, "100": 0.1743068429992013}