{"1": 41.66666666666667, "2": 45.83333333333333, "3": 45.83333333333333, "4": 47.91666666666667, "5": 50.0, "6": 54.166666666666664, "7": 56.25, "8": 52.083333333333336, "9": 52.083333333333336, "10": 50.0, "11": 54.166666666666664, "12": 54.166666666666664, "13": 56.25, "14": 56.25, "15": 52.083333333333336, "16": 50.0, "17": 50.0, "18": 52.083333333333336, "19": 52.083333333333336, "20": 52.083333333333336, "21": 47.91666666666667, "22": 52.083333333333336, "23": 52.083333333333336, "24": 47.91666666666667, "25": 47.91666666666667, "26": 54.166666666666664, "27": 47.91666666666667, "28": 50.0, "29": 50.0, "30": 50.0, "31": 47.91666666666667, "32": 52.083333333333336, "33": 52.083333333333336, "34": 50.0, "35": 50.0, "36": 50.0, "37": 52.083333333333336, "38": 54.166666666666664, "39": 56.25, "40": 56.25, "41": 56.25, "42": 52.083333333333336, "43": 52.083333333333336, "44": 54.166666666666664, "45": 54.166666666666664, "46": 52.083333333333336, "47": 54.166666666666664, "48": 54.166666666666664, "49": 50.0, "50": 50.0, "51": 52.083333333333336, "52": 52.083333333333336, "53": 54.166666666666664, "54": 54.166666666666664, "55": 50.0, "56": 50.0, "57": 45.83333333333333, "58": 47.91666666666667, "59": 45.83333333333333, "60": 47.91666666666667, "61": 45.83333333333333, "62": 50.0, "63": 52.083333333333336, "64": 50.0, "65": 47.91666666666667, "66": 45.83333333333333, "67": 45.83333333333333, "68": 47.91666666666667, "69": 47.91666666666667, "70": 47.91666666666667, "71": 50.0, "72": 50.0, "73": 50.0, "74": 50.0, "75": 47.91666666666667, "76": 50.0, "77": 47.91666666666667, "78": 50.0, "79": 47.91666666666667, "80": 45.83333333333333, "81": 45.83333333333333, "82": 50.0, "83": 50.0, "84": 47.91666666666667, "85": 47.91666666666667, "86": 50.0, "87": 50.0, "88": 50.0, "89": 50.0, "90": 47.91666666666667, "91": 47.91666666666667, "92": 50.0, "93": 52.083333333333336, "94": 52.083333333333336, "95": 50.0, "96": 50.0, "97": 50.0, "98": 47.91666666666667, "99": 45.83333333333333, "100": 39.58333333333333}