{"1": 47.25274725274725, "2": 46.15384615384615, "3": 48.35164835164835, "4": 45.05494505494506, "5": 48.35164835164835, "6": 49.45054945054945, "7": 48.35164835164835, "8": 43.956043956043956, "9": 47.25274725274725, "10": 43.956043956043956, "11": 45.05494505494506, "12": 45.05494505494506, "13": 46.15384615384615, "14": 46.15384615384615, "15": 48.35164835164835, "16": 48.35164835164835, "17": 46.15384615384615, "18": 46.15384615384615, "19": 47.25274725274725, "20": 47.25274725274725, "21": 46.15384615384615, "22": 46.15384615384615, "23": 42.857142857142854, "24": 43.956043956043956, "25": 43.956043956043956, "26": 45.05494505494506, "27": 42.857142857142854, "28": 41.75824175824176, "29": 40.65934065934066, "30": 41.75824175824176, "31": 41.75824175824176, "32": 42.857142857142854, "33": 39.56043956043956, "34": 39.56043956043956, "35": 38.46153846153847, "36": 38.46153846153847, "37": 38.46153846153847, "38": 37.362637362637365, "39": 37.362637362637365, "40": 38.46153846153847, "41": 37.362637362637365, "42": 38.46153846153847, "43": 37.362637362637365, "44": 39.56043956043956, "45": 39.56043956043956, "46": 38.46153846153847, "47": 37.362637362637365, "48": 37.362637362637365, "49": 37.362637362637365, "50": 37.362637362637365, "51": 38.46153846153847, "52": 38.46153846153847, "53": 38.46153846153847, "54": 37.362637362637365, "55": 37.362637362637365, "56": 38.46153846153847, "57": 37.362637362637365, "58": 37.362637362637365, "59": 38.46153846153847, "60": 38.46153846153847, "61": 38.46153846153847, "62": 38.46153846153847, "63": 38.46153846153847, "64": 38.46153846153847, "65": 38.46153846153847, "66": 36.26373626373626, "67": 38.46153846153847, "68": 38.46153846153847, "69": 38.46153846153847, "70": 38.46153846153847, "71": 38.46153846153847, "72": 37.362637362637365, "73": 36.26373626373626, "74": 37.362637362637365, "75": 37.362637362637365, "76": 38.46153846153847, "77": 38.46153846153847, "78": 37.362637362637365, "79": 36.26373626373626, "80": 37.362637362637365, "81": 36.26373626373626, "82": 36.26373626373626, "83": 36.26373626373626, "84": 37.362637362637365, "85": 36.26373626373626, "86": 37.362637362637365, "87": 37.362637362637365, "88": 38.46153846153847, "89": 38.46153846153847, "90": 38.46153846153847, "91": 38.46153846153847, "92": 38.46153846153847, "93": 38.46153846153847, "94": 38.46153846153847, "95": 37.362637362637365, "96": 37.362637362637365, "97": 37.362637362637365, "98": 37.362637362637365, "99": 37.362637362637365, "100": 38.46153846153847}