{"1": 0.16009385097335233, "2": 0.161711786220941, "3": 0.14974128392833716, "4": 0.13986206011018354, "5": 0.1404485476363965, "6": 0.14411269723093967, "7": 0.14599031778344657, "8": 0.1538379009501723, "9": 0.1608303372463551, "10": 0.14982194646689073, "11": 0.14261758379924427, "12": 0.1772578591547302, "13": 0.15769655724705794, "14": 0.16212171192997282, "15": 0.16438415293653355, "16": 0.1771470687479832, "17": 0.14678201375623506, "18": 0.14907641492481033, "19": 0.1530481321989511, "20": 0.16364351801646876, "21": 0.1499777110042608, "22": 0.13488026700807007, "23": 0.1354309518412673, "24": 0.12529797085044062, "25": 0.12372079909854841, "26": 0.1198646393948107, "27": 0.11813120375704478, "28": 0.115514211943095, "29": 0.11896732998847526, "30": 0.12486495397001567, "31": 0.11434214041475506, "32": 0.10893996218288424, "33": 0.11495424220350103, "34": 0.11107346669948108, "35": 0.11595991633131959, "36": 0.1180428524524955, "37": 0.14602303704002914, "38": 0.13333473128926215, "39": 0.11791156738205404, "40": 0.12651302171368792, "41": 0.11754543249715291, "42": 0.12799907329615698, "43": 0.1467291589473157, "44": 0.14264642201528674, "45": 0.14164700712547754, "46": 0.12716425076166288, "47": 0.11961064732395814, "48": 0.12180479539166515, "49": 0.12489299789736492, "50": 0.12763544737375787, "51": 0.1467716915878331, "52": 0.13585040102714427, "53": 0.14462976987270784, "54": 0.12255985642871195, "55": 0.1432706802631704, "56": 0.1496358493747756, "57": 0.13849735329237772, "58": 0.14265485793811972, "59": 0.13136413701409977, "60": 0.14114336367329053, "61": 0.1462489012219876, "62": 0.12534999693779025, "63": 0.14648080437081684, "64": 0.13762485616260606, "65": 0.1310769317092051, "66": 0.12748259346422702, "67": 0.1247731175135626, "68": 0.13319854208952023, "69": 0.12027748102836384, "70": 0.1192228105560758, "71": 0.11878566865392162, "72": 0.11680060100393934, "73": 0.12067176877157611, "74": 0.12207677897852076, "75": 0.12205293773219208, "76": 0.12118845080417788, "77": 0.1221074530584662, "78": 0.12381366285875336, "79": 0.12164631768395, "80": 0.120749243221886, "81": 0.12082142234845676, "82": 0.12043529961598898, "83": 0.11828186637728652, "84": 0.11993876162219293, "85": 0.11786574658850024, "86": 0.11914186655165745, "87": 0.11679216288249654, "88": 0.11684847547014605, "89": 0.11871631445469918, "90": 0.11745133666145627, "91": 0.12381188276006191, "92": 0.12041304117656515, "93": 0.11837673620864286, "94": 0.1196814775000172, "95": 0.13009191031379344, "96": 0.12066674406575759, "97": 0.12082689735303595, "98": 0.12111846351107916, "99": 0.12020090974356148, "100": 0.11905612378428546}