{"1": 1.26855418574625, "2": 0.9349382781619676, "3": 0.7626060967622299, "4": 0.6906765241484327, "5": 0.68026895815978, "6": 0.5701489555192234, "7": 0.5643658090543866, "8": 0.537556739149005, "9": 0.5002251385663335, "10": 0.5183092632012233, "11": 0.5001753977269172, "12": 0.5127621057131901, "13": 0.5393042215722855, "14": 0.5524097696218184, "15": 0.5568244770096361, "16": 0.5723627279680426, "17": 0.5819087046425367, "18": 0.5898288325623224, "19": 0.6054922061504074, "20": 0.5782536454215599, "21": 0.5763703803330615, "22": 0.5299559606672025, "23": 0.555165023266146, "24": 0.5708126170606277, "25": 0.5316214544804386, "26": 0.5415192637023944, "27": 0.5524311030938475, "28": 0.5826257846888431, "29": 0.5652127840765045, "30": 0.541851965936828, "31": 0.5694541349887058, "32": 0.57133981558932, "33": 0.562192911554952, "34": 0.5898141407828248, "35": 0.5951583789078332, "36": 0.5682539743877901, "37": 0.557593234241287, "38": 0.5583154911941576, "39": 0.5676645862888063, "40": 0.5595843391347199, "41": 0.5461466721340228, "42": 0.5358909027997585, "43": 0.54183643880882, "44": 0.5558836350561857, "45": 0.560341053537588, "46": 0.5709641577135397, "47": 0.5156612863757539, "48": 0.5553210308623938, "49": 0.5413040782936707, "50": 0.5437704678081761, "51": 0.5304927812033425, "52": 0.5220642421403469, "53": 0.5549170844319347, "54": 0.5793108487329038, "55": 0.5625678110476319, "56": 0.4995731119260772, "57": 0.48398363680439316, "58": 0.4781172329252616, "59": 0.49669295753776715, "60": 0.48084889233065736, "61": 0.46346541924747453, "62": 0.5063349545201793, "63": 0.5122513972075731, "64": 0.5077512265683581, "65": 0.5177085407749528, "66": 0.5254562705828205, "67": 0.5019271856034714, "68": 0.4972308248671705, "69": 0.507843327539508, "70": 0.5141388981709024, "71": 0.4847516654200715, "72": 0.44247778024355616, "73": 0.4173201878643686, "74": 0.4143415439739173, "75": 0.4659715810590572, "76": 0.4900668092054203, "77": 0.4904265537636005, "78": 0.4842934491981007, "79": 0.473662060050513, "80": 0.46985126734458, "81": 0.48737909609368524, "82": 0.46761256480084396, "83": 0.49368826832919677, "84": 0.5070359205426421, "85": 0.5043070530505704, "86": 0.48711298916807233, "87": 0.49907565559232425, "88": 0.48710048723537325, "89": 0.5117503361644223, "90": 0.5022293445929522, "91": 0.49645354186964036, "92": 0.5121330169211146, "93": 0.5064865328962176, "94": 0.5388460064570547, "95": 0.5239538455858861, "96": 0.5313684558713799, "97": 0.5183355198910089, "98": 0.5323869965020626, "99": 0.48564582198204626, "100": 0.473329880813345}