{"1": 64.70588235294117, "2": 62.745098039215684, "3": 62.745098039215684, "4": 62.745098039215684, "5": 70.58823529411765, "6": 72.54901960784314, "7": 74.50980392156863, "8": 74.50980392156863, "9": 74.50980392156863, "10": 68.62745098039215, "11": 70.58823529411765, "12": 70.58823529411765, "13": 72.54901960784314, "14": 70.58823529411765, "15": 74.50980392156863, "16": 76.47058823529412, "17": 72.54901960784314, "18": 70.58823529411765, "19": 72.54901960784314, "20": 74.50980392156863, "21": 72.54901960784314, "22": 72.54901960784314, "23": 74.50980392156863, "24": 72.54901960784314, "25": 72.54901960784314, "26": 72.54901960784314, "27": 72.54901960784314, "28": 72.54901960784314, "29": 72.54901960784314, "30": 72.54901960784314, "31": 72.54901960784314, "32": 74.50980392156863, "33": 74.50980392156863, "34": 74.50980392156863, "35": 74.50980392156863, "36": 74.50980392156863, "37": 74.50980392156863, "38": 74.50980392156863, "39": 74.50980392156863, "40": 72.54901960784314, "41": 72.54901960784314, "42": 72.54901960784314, "43": 72.54901960784314, "44": 72.54901960784314, "45": 72.54901960784314, "46": 72.54901960784314, "47": 72.54901960784314, "48": 74.50980392156863, "49": 74.50980392156863, "50": 72.54901960784314, "51": 72.54901960784314, "52": 72.54901960784314, "53": 72.54901960784314, "54": 72.54901960784314, "55": 74.50980392156863, "56": 74.50980392156863, "57": 74.50980392156863, "58": 74.50980392156863, "59": 74.50980392156863, "60": 74.50980392156863, "61": 74.50980392156863, "62": 74.50980392156863, "63": 74.50980392156863, "64": 74.50980392156863, "65": 74.50980392156863, "66": 74.50980392156863, "67": 74.50980392156863, "68": 74.50980392156863, "69": 74.50980392156863, "70": 74.50980392156863, "71": 74.50980392156863, "72": 74.50980392156863, "73": 72.54901960784314, "74": 74.50980392156863, "75": 72.54901960784314, "76": 72.54901960784314, "77": 70.58823529411765, "78": 70.58823529411765, "79": 70.58823529411765, "80": 70.58823529411765, "81": 70.58823529411765, "82": 70.58823529411765, "83": 70.58823529411765, "84": 72.54901960784314, "85": 72.54901960784314, "86": 70.58823529411765, "87": 72.54901960784314, "88": 70.58823529411765, "89": 70.58823529411765, "90": 68.62745098039215, "91": 70.58823529411765, "92": 68.62745098039215, "93": 68.62745098039215, "94": 68.62745098039215, "95": 66.66666666666666, "96": 66.66666666666666, "97": 66.66666666666666, "98": 66.66666666666666, "99": 66.66666666666666, "100": 66.66666666666666}